coin_id,timestamp,price,market_cap,total_volume
bitcoin,2026-06-03 15:00:00+00:00,66782.62463882395,1338197111123.092,48821196197.61692
bitcoin,2026-06-03 16:00:00+00:00,66036.84392617278,1323258033150.869,47038169505.692924
bitcoin,2026-06-03 17:00:00+00:00,65984.23224081712,1322203790834.8325,46009003541.82879
bitcoin,2026-06-03 18:00:00+00:00,65900.7617000043,1320534488318.3538,46380306996.53111
bitcoin,2026-06-03 19:00:00+00:00,65969.44357979982,1321910751485.1648,46088309411.35104
bitcoin,2026-06-03 20:00:00+00:00,65375.71733786461,1310015556326.9214,44529350515.46844
bitcoin,2026-06-03 21:00:00+00:00,64922.30415130191,1300929945460.5627,44586803312.515
bitcoin,2026-06-03 22:00:00+00:00,65680.52544449347,1316124431001.257,44980137892.81601
bitcoin,2026-06-03 23:00:00+00:00,64807.53646894814,1298632209950.359,44219037605.99516
bitcoin,2026-06-04 00:00:00+00:00,64046.61064609333,1283384941923.1694,43649392701.85552
bitcoin,2026-06-04 01:00:00+00:00,63156.63728335888,1265552402754.7776,37634980027.823
bitcoin,2026-06-04 02:00:00+00:00,62110.07475736659,1244581863762.4077,47750973164.62833
bitcoin,2026-06-04 03:00:00+00:00,63187.28811306053,1266167983763.7366,52358783994.98087
bitcoin,2026-06-04 04:00:00+00:00,64291.26814940917,1288289904461.4229,54670767352.236725
bitcoin,2026-06-04 05:00:00+00:00,64332.98783448769,1289125897445.4011,55055143082.92276
bitcoin,2026-06-04 06:00:00+00:00,63889.33855854152,1280235905075.1335,54352991936.62235
bitcoin,2026-06-04 07:00:00+00:00,63989.94611810007,1282251912956.493,53861621869.66285
bitcoin,2026-06-04 08:00:00+00:00,63595.2976012762,1274348965382.877,54450751184.56721
bitcoin,2026-06-04 09:00:00+00:00,63574.0366992823,1273924138512.1462,55279712601.63925
bitcoin,2026-06-04 10:00:00+00:00,63096.13850853811,1264347807158.1997,55555304498.27417
bitcoin,2026-06-04 11:00:00+00:00,62404.11642004464,1250482328314.2913,57413850853.98666
bitcoin,2026-06-04 12:00:00+00:00,62504.76273829966,1252499125436.1455,59670750042.51952
bitcoin,2026-06-04 13:00:00+00:00,63696.29233573984,1276378345058.6,60101468033.43077
bitcoin,2026-06-04 14:00:00+00:00,64109.75302489269,1284663478318.5713,30893507956.003998
bitcoin,2026-06-04 15:00:00+00:00,63893.95916455616,1280339292400.8362,64130547107.271095
bitcoin,2026-06-04 16:00:00+00:00,63848.07389437551,1279424608882.2073,55741548125.66327
bitcoin,2026-06-04 17:00:00+00:00,63510.10118882089,1272653513682.3062,62305597950.951805
bitcoin,2026-06-04 18:00:00+00:00,63488.3065938399,1272216780511.3203,62617609795.09886
bitcoin,2026-06-04 19:00:00+00:00,63761.81057215688,1277697417331.223,63781527430.02327
bitcoin,2026-06-04 20:00:00+00:00,63612.08271572602,1274697080707.3474,63367529922.52424
bitcoin,2026-06-04 21:00:00+00:00,63546.34689224149,1273379826834.8704,62687366890.5551
bitcoin,2026-06-04 22:00:00+00:00,63228.34542351155,1267007522603.5786,61802758346.20082
bitcoin,2026-06-04 23:00:00+00:00,63679.43939830341,1276046814326.8428,62029374704.16472
bitcoin,2026-06-05 00:00:00+00:00,63810.65923840883,1278676276214.779,60995145201.16938
bitcoin,2026-06-05 01:00:00+00:00,63373.435049971646,1269924421607.6194,58020717070.2749
bitcoin,2026-06-05 02:00:00+00:00,63326.02248608488,1268975093005.3032,54744814412.36598
bitcoin,2026-06-05 03:00:00+00:00,62570.2761949303,1253830872944.474,48678975376.8897
bitcoin,2026-06-05 04:00:00+00:00,62660.88448990885,1255646551002.775,48320766276.23897
bitcoin,2026-06-05 05:00:00+00:00,63562.65498863327,1273716915405.335,48690064342.48758
bitcoin,2026-06-05 06:00:00+00:00,62371.255076384776,1249842736116.9663,46305223237.3373
bitcoin,2026-06-05 07:00:00+00:00,61895.75812450161,1240314365866.454,51353364612.70603
bitcoin,2026-06-05 08:00:00+00:00,62994.04817119991,1262322738719.2102,50519542627.17412
bitcoin,2026-06-05 09:00:00+00:00,62406.399178912725,1250554032346.3347,53441659368.31735
bitcoin,2026-06-05 10:00:00+00:00,62796.08933013144,1258363738128.4097,52729543591.03056
bitcoin,2026-06-05 11:00:00+00:00,62499.54163387176,1252421252352.9517,50512047407.72991
bitcoin,2026-06-05 12:00:00+00:00,61982.34655948252,1242059160153.0522,47866735949.55064
bitcoin,2026-06-05 13:00:00+00:00,61906.64594310932,1240542201709.0002,48477740331.79076
bitcoin,2026-06-05 14:00:00+00:00,60769.13165020372,1217747646069.637,47411651353.25982
bitcoin,2026-06-05 15:00:00+00:00,60811.67892665356,1218604261024.348,51772797797.051445
bitcoin,2026-06-05 16:00:00+00:00,60473.2066738379,1211821620965.731,54169594753.21524
bitcoin,2026-06-05 17:00:00+00:00,61392.63639858438,1230247777502.8691,59133844956.74294
bitcoin,2026-06-05 18:00:00+00:00,60759.8016831602,1217566395046.4675,59716089497.61455
bitcoin,2026-06-05 19:00:00+00:00,59322.91142792719,1188772533979.1702,58936672821.74965
bitcoin,2026-06-05 20:00:00+00:00,60288.76183213024,1208127221819.2,59417088396.81066
bitcoin,2026-06-05 21:00:00+00:00,61624.52038968397,1234899125422.151,66600405296.05533
bitcoin,2026-06-05 22:00:00+00:00,61656.0968391253,1235531888639.6567,67712759696.59631
bitcoin,2026-06-05 23:00:00+00:00,61598.51659536977,1234378033125.5586,69047733658.04335
bitcoin,2026-06-06 00:00:00+00:00,60960.10140035313,1221584775490.4983,45506430145.38753
bitcoin,2026-06-06 01:00:00+00:00,61279.51491083749,1227985530616.0698,69972837684.18518
bitcoin,2026-06-06 02:00:00+00:00,61082.36104819807,1224034747210.2522,69325013120.74101
bitcoin,2026-06-06 03:00:00+00:00,60945.57999815285,1221293779848.4448,68564582875.62646
bitcoin,2026-06-06 04:00:00+00:00,60664.63046105848,1215663807632.001,67693031917.373314
bitcoin,2026-06-06 05:00:00+00:00,60076.78510105526,1203883923320.35,68215819946.184975
bitcoin,2026-06-06 06:00:00+00:00,60921.68905496295,1220815027159.3503,69811131207.57175
bitcoin,2026-06-06 07:00:00+00:00,60739.88839063775,1217171907830.2798,66723869097.39436
bitcoin,2026-06-06 08:00:00+00:00,60964.569142977896,1221674304973.6494,63773238466.859406
bitcoin,2026-06-06 09:00:00+00:00,61251.51311090919,1227424400111.15,63268048618.32933
bitcoin,2026-06-06 10:00:00+00:00,60953.728363818285,1221457065656.9224,62983105845.31045
bitcoin,2026-06-06 11:00:00+00:00,60517.6320239693,1212718093162.307,61087562278.9403
bitcoin,2026-06-06 12:00:00+00:00,60783.01048314999,1218036035193.7546,62694062822.67983
bitcoin,2026-06-06 13:00:00+00:00,61002.06592320698,1222425706214.88,61451772206.11811
bitcoin,2026-06-06 14:00:00+00:00,60777.6074926415,1217927764196.895,58523063875.42684
bitcoin,2026-06-06 15:00:00+00:00,60790.71941494177,1218190515148.6072,53978374047.29511
bitcoin,2026-06-06 16:00:00+00:00,60605.2339802895,1214473556386.3777,1361986275.975112
bitcoin,2026-06-06 17:00:00+00:00,60570.202091629006,1213771549321.7356,737429893.7255026
bitcoin,2026-06-06 18:00:00+00:00,60549.43799357968,1213355455754.4487,44457539427.13236
bitcoin,2026-06-06 19:00:00+00:00,60621.996152673135,1214809455017.0825,41591277334.92079
bitcoin,2026-06-06 20:00:00+00:00,60611.96380442695,1214608415917.7625,38699090736.6181
bitcoin,2026-06-06 21:00:00+00:00,60684.16851116232,1216055332317.842,36199712072.9675
bitcoin,2026-06-06 22:00:00+00:00,60728.64223032499,1216946545045.3567,34362719076.61489
bitcoin,2026-06-06 23:00:00+00:00,60576.61355453097,1213900029184.6255,32259058603.36069
bitcoin,2026-06-07 00:00:00+00:00,60855.25426528331,1219483734629.1333,31010313650.45216
bitcoin,2026-06-07 01:00:00+00:00,60763.050604675685,1217636057452.4988,30327826676.4505
bitcoin,2026-06-07 02:00:00+00:00,61470.04988065863,1231803677452.858,31071907145.49236
bitcoin,2026-06-07 03:00:00+00:00,61474.468734846814,1231892227256.3752,30685494063.184475
bitcoin,2026-06-07 04:00:00+00:00,61673.43908801335,1235879411473.9,30443660999.148216
bitcoin,2026-06-07 05:00:00+00:00,61861.21479152703,1239642265133.097,28480840227.0352
bitcoin,2026-06-07 06:00:00+00:00,61729.32957427834,1236999405790.6365,27044314070.80825
bitcoin,2026-06-07 07:00:00+00:00,62083.404194587885,1244094737911.5117,26793735013.217106
bitcoin,2026-06-07 08:00:00+00:00,62343.71176687747,1249311063999.381,27260942616.272465
bitcoin,2026-06-07 09:00:00+00:00,62796.78819113462,1258390301882.7192,28556577080.379124
bitcoin,2026-06-07 10:00:00+00:00,62498.16571299935,1252406180063.211,29078098561.02426
bitcoin,2026-06-07 11:00:00+00:00,62352.27840814578,1249482731669.0547,28195456936.92461
bitcoin,2026-06-07 12:00:00+00:00,62602.37387188809,1254494416425.2922,28200650394.305134
bitcoin,2026-06-07 13:00:00+00:00,61865.7894563794,1239733937240.0696,29145095297.3722
bitcoin,2026-06-07 14:00:00+00:00,61706.68247262369,1236545578550.2812,29451617997.274147
bitcoin,2026-06-07 15:00:00+00:00,61877.578162964375,1239970172156.9434,30044390921.249104
bitcoin,2026-06-07 16:00:00+00:00,61822.56195463954,1238867697571.912,320529784.04114324
bitcoin,2026-06-07 17:00:00+00:00,61796.91467735772,1238353749551.1484,304624817.52022535
bitcoin,2026-06-07 18:00:00+00:00,62142.2542002679,1245274038295.2837,29203709354.490685
bitcoin,2026-06-07 19:00:00+00:00,62062.874946175216,1243683350516.5254,28744064624.89066
bitcoin,2026-06-07 20:00:00+00:00,61281.27521231622,1228020805450.5483,28743301329.89296
bitcoin,2026-06-07 21:00:00+00:00,61876.98036477758,1239958192827.0696,27997952890.385944
bitcoin,2026-06-07 22:00:00+00:00,61753.64446298382,1237486653960.801,29313463169.066418
bitcoin,2026-06-07 23:00:00+00:00,62881.55701554014,1260088991729.8691,34065854174.71836
bitcoin,2026-06-08 00:00:00+00:00,63273.53743063552,1267943921370.2617,33326211424.640003
bitcoin,2026-06-08 01:00:00+00:00,63593.90619344685,1274363818880.3203,35964265155.70682
bitcoin,2026-06-08 02:00:00+00:00,63153.90924344675,1265546681719.5337,35615388286.87025
bitcoin,2026-06-08 03:00:00+00:00,63086.64295560833,1264198726725.3726,35650346053.96858
bitcoin,2026-06-08 04:00:00+00:00,63091.127336508085,1264288589624.3638,35601370888.64127
bitcoin,2026-06-08 05:00:00+00:00,62750.50537241877,1257462836451.8672,35531450141.48619
bitcoin,2026-06-08 06:00:00+00:00,62699.77336548836,1256446213351.3042,35064492237.85624
bitcoin,2026-06-08 07:00:00+00:00,62957.92403713369,1261619317119.5132,34290290311.305984
bitcoin,2026-06-08 08:00:00+00:00,63233.72083673796,1267146033181.1047,34107704158.86669
bitcoin,2026-06-08 09:00:00+00:00,63090.9917768118,1264285873131.8162,32714659394.0122
bitcoin,2026-06-08 10:00:00+00:00,63451.24050376031,1271504928712.7766,32363682792.603024
bitcoin,2026-06-08 11:00:00+00:00,63104.62436765631,1264559057805.785,32402001313.371094
bitcoin,2026-06-08 12:00:00+00:00,63450.07884407116,1271481650113.2014,33261880764.54608
bitcoin,2026-06-08 13:00:00+00:00,63802.93481287324,1278552561570.4956,33005918364.570297
bitcoin,2026-06-08 14:00:00+00:00,63733.31979344029,1277157540139.572,34244346793.126705
bitcoin,2026-06-08 15:00:00+00:00,63941.36335961944,1281326543262.0264,35235187009.08882
bitcoin,2026-06-08 16:00:00+00:00,63730.86445244554,1277108337347.7634,36545300306.40521
bitcoin,2026-06-08 17:00:00+00:00,63495.25565438077,1272386952145.3782,36883822607.67284
bitcoin,2026-06-08 18:00:00+00:00,63514.04817347602,1272763537070.477,37420270924.09595
bitcoin,2026-06-08 19:00:00+00:00,63436.83457953721,1271216247143.9546,37592932362.51806
bitcoin,2026-06-08 20:00:00+00:00,63363.54509103414,1269747592707.656,36666369618.309166
bitcoin,2026-06-08 21:00:00+00:00,63430.42482893146,1271087801593.9175,36846950230.29994
bitcoin,2026-06-08 22:00:00+00:00,63740.41722432457,1277299766174.5386,37120803074.22112
bitcoin,2026-06-08 23:00:00+00:00,63350.0920220844,1269478005488.5552,6229723656.733957
bitcoin,2026-06-09 00:00:00+00:00,63069.147792658114,1263848139632.9338,32495793038.06676
bitcoin,2026-06-09 01:00:00+00:00,62535.99229814352,1253164190293.828,32860548239.86885
bitcoin,2026-06-09 02:00:00+00:00,62768.71411405834,1257827723009.743,32243135449.050613
bitcoin,2026-06-09 03:00:00+00:00,62684.12751736918,1256132684839.655,1620385886.9933093
bitcoin,2026-06-09 04:00:00+00:00,62736.14766173834,1257175121038.4211,2080481146.1714652
bitcoin,2026-06-09 05:00:00+00:00,63224.96849893112,1266970644322.34,32689701576.21042
bitcoin,2026-06-09 06:00:00+00:00,63311.48149226327,1268704285722.3535,31874007804.263165
bitcoin,2026-06-09 07:00:00+00:00,63275.01549597141,1267973540450.1194,33090198197.272667
bitcoin,2026-06-09 08:00:00+00:00,63166.859371936334,1265806190470.9976,32554022165.704533
bitcoin,2026-06-09 09:00:00+00:00,62831.19786210269,1259079840272.89,32829188842.044987
bitcoin,2026-06-09 10:00:00+00:00,62689.78871350944,1256246130041.6338,32811004400.324665
bitcoin,2026-06-09 11:00:00+00:00,62757.79438618856,1257608901632.944,32444560802.64639
bitcoin,2026-06-09 12:00:00+00:00,62671.73749686537,1255884400140.8474,31478847478.29648
bitcoin,2026-06-09 13:00:00+00:00,62569.4200347868,1253834051616.6355,29952176870.89168
bitcoin,2026-06-09 14:00:00+00:00,62286.34321201943,1248161450537.5168,29720344540.553505
bitcoin,2026-06-09 15:00:00+00:00,61424.46912700815,1230890280764.9302,22305871011.69257
bitcoin,2026-06-09 16:00:00+00:00,61118.72129076695,1224763373274.4312,30246041415.88058
bitcoin,2026-06-09 17:00:00+00:00,61365.90487285543,1229716706580.874,27696614673.430668
bitcoin,2026-06-09 18:00:00+00:00,61658.38440258495,1235577729322.8428,35160398797.27601
bitcoin,2026-06-09 19:00:00+00:00,61731.38583702467,1237040611418.705,26169578811.63456
bitcoin,2026-06-09 20:00:00+00:00,62030.63066652444,1243037204591.3513,36885360649.52128
bitcoin,2026-06-09 21:00:00+00:00,62109.25026466207,1244612669558.3362,36944037379.608246
bitcoin,2026-06-09 22:00:00+00:00,61715.06548660225,1236713566496.72,37573212807.93222
bitcoin,2026-06-09 23:00:00+00:00,61674.00078639063,1235890667396.5503,38113790380.98694
bitcoin,2026-06-10 00:00:00+00:00,61669.76384194788,1235805762898.2478,35017939157.83543
bitcoin,2026-06-10 01:00:00+00:00,61820.922134729255,1238834837078.0652,26524400003.86571
bitcoin,2026-06-10 02:00:00+00:00,61677.70279474452,1235964852264.0286,36024922655.28942
bitcoin,2026-06-10 03:00:00+00:00,61272.0681138576,1227836303603.5183,29981985719.754227
bitcoin,2026-06-10 04:00:00+00:00,61511.17870771509,1232627861596.4502,36286319862.45711
bitcoin,2026-06-10 05:00:00+00:00,61244.8002323924,1227289880154.5315,34647678996.00547
bitcoin,2026-06-10 06:00:00+00:00,61307.95419735136,1228555427952.739,34537835779.89503
bitcoin,2026-06-10 07:00:00+00:00,61428.78509016499,1230976768726.1191,34066901129.312363
bitcoin,2026-06-10 08:00:00+00:00,61643.272905075326,1235274908709.547,35079215965.15665
bitcoin,2026-06-10 09:00:00+00:00,61223.30297867597,1226859094817.0469,33481067214.710197
bitcoin,2026-06-10 10:00:00+00:00,61287.65029984941,1228148556384.2583,34686208660.43915
bitcoin,2026-06-10 11:00:00+00:00,61340.2259221275,1229202123853.1682,34040998303.581272
bitcoin,2026-06-10 12:00:00+00:00,60995.95018419644,1222303152388.7783,34699157705.21845
bitcoin,2026-06-10 13:00:00+00:00,61571.61455481172,1233838940794.3384,35651770277.45228
bitcoin,2026-06-10 14:00:00+00:00,62069.39999046491,1243814106446.7256,31756850406.47289
bitcoin,2026-06-10 15:00:00+00:00,62021.035817671815,1242844932580.4417,1763793868.3968985
bitcoin,2026-06-10 16:00:00+00:00,62591.89483452404,1254284426083.8777,30796815720.143307
bitcoin,2026-06-10 17:00:00+00:00,62106.80875444152,1244563743922.6152,5398355740.6979885
bitcoin,2026-06-10 18:00:00+00:00,61911.83727993212,1240656693582.403,27541782250.46157
bitcoin,2026-06-10 19:00:00+00:00,61814.14390932046,1238699007629.3928,28099419251.79356
bitcoin,2026-06-10 20:00:00+00:00,61922.7368083204,1240875110180.035,27428992803.00628
bitcoin,2026-06-10 21:00:00+00:00,61742.27323499698,1237258784933.876,27115703702.701645
bitcoin,2026-06-10 22:00:00+00:00,61252.58133184276,1227445806283.373,25067973577.83583
bitcoin,2026-06-10 23:00:00+00:00,61349.91785302414,1229396341299.604,26659224021.366734
bitcoin,2026-06-11 00:00:00+00:00,61480.14443283343,1232005963062.1147,26327022779.7125
bitcoin,2026-06-11 01:00:00+00:00,61816.59969249305,1238748219282.0415,26553121053.991024
bitcoin,2026-06-11 02:00:00+00:00,62181.36843475014,1246057851843.012,26987134804.40509
bitcoin,2026-06-11 03:00:00+00:00,62095.6187002812,1244339505453.762,24840163993.34355
bitcoin,2026-06-11 04:00:00+00:00,62639.85275935598,1255375624725.9585,27769352081.893517
bitcoin,2026-06-11 05:00:00+00:00,62671.9543003892,1256019791741.965,28181704014.6819
bitcoin,2026-06-11 06:00:00+00:00,62568.00406709702,1253936506613.4153,27968094651.42981
bitcoin,2026-06-11 07:00:00+00:00,62726.5692071792,1257114338810.3972,28707158093.33583
bitcoin,2026-06-11 08:00:00+00:00,62667.31361809062,1255929105692.582,28372352222.84817
bitcoin,2026-06-11 09:00:00+00:00,62882.29833318684,1260237660589.539,28479443518.13137
bitcoin,2026-06-11 10:00:00+00:00,62877.04970034461,1260132471610.2915,27973115234.417755
bitcoin,2026-06-11 11:00:00+00:00,63106.13373863239,1264727948397.913,28259544058.264977
bitcoin,2026-06-11 12:00:00+00:00,63060.04790251896,1263804329067.9868,27891117514.600388
bitcoin,2026-06-11 13:00:00+00:00,62956.90701757966,1261740778887.7,27673533730.808487
bitcoin,2026-06-11 14:00:00+00:00,63005.94745836673,1262723615035.2634,27833787493.147923
bitcoin,2026-06-11 15:00:00+00:00,62709.90623153655,1256792496161.436,27690509354.834637
bitcoin,2026-06-11 16:00:00+00:00,62655.419478250806,1255701885343.4792,26789045528.52085
bitcoin,2026-06-11 17:00:00+00:00,62541.88631133991,1253426522526.8833,26548789621.71165
bitcoin,2026-06-11 18:00:00+00:00,63457.22739395342,1271771232892.5864,28044508557.642666
bitcoin,2026-06-11 19:00:00+00:00,63405.61628199479,1270736874314.6565,28425299588.85464
bitcoin,2026-06-11 20:00:00+00:00,63576.332473323455,1274158264596.5374,29128641638.68536
bitcoin,2026-06-11 21:00:00+00:00,63347.38467838589,1269575596473.716,29244331791.66502
bitcoin,2026-06-11 22:00:00+00:00,63439.104101409706,1271413789822.737,28895750103.210358
bitcoin,2026-06-11 23:00:00+00:00,63458.27894338392,1271798082111.3655,28339347664.821945
bitcoin,2026-06-12 00:00:00+00:00,63555.66181107698,1273749779296.1104,28342001883.93976
bitcoin,2026-06-12 01:00:00+00:00,63596.96127244602,1274579834877.9138,28657997458.030487
bitcoin,2026-06-12 02:00:00+00:00,63363.71779200341,1269905914403.6875,28495881565.96908
bitcoin,2026-06-12 03:00:00+00:00,63550.782800877874,1273654983578.0608,28529814004.165157
bitcoin,2026-06-12 04:00:00+00:00,63454.51361958088,1271725601796.7524,27614297683.04729
bitcoin,2026-06-12 05:00:00+00:00,63626.75200515646,1275181085838.7676,27770453073.685867
bitcoin,2026-06-12 06:00:00+00:00,63290.055236275926,1268435110244.3418,27818528696.580368
bitcoin,2026-06-12 07:00:00+00:00,62929.070826447525,1261201216676.5264,27466208599.16724
bitcoin,2026-06-12 08:00:00+00:00,63038.5292383569,1263396139509.9155,28148379957.370224
bitcoin,2026-06-12 09:00:00+00:00,63413.81006220962,1270917386433.2834,28307332610.62961
bitcoin,2026-06-12 10:00:00+00:00,63697.358642654464,1276601951366.598,28699314407.273663
bitcoin,2026-06-12 11:00:00+00:00,63646.19613886547,1275576950817.162,28986535991.49317
bitcoin,2026-06-12 12:00:00+00:00,63708.34453421383,1276823528651.3533,28810745876.051167
bitcoin,2026-06-12 13:00:00+00:00,63405.42322041757,1270752470556.6428,27355992714.276672
bitcoin,2026-06-12 14:00:00+00:00,63159.33639791692,1265820472286.131,27163264581.477634
bitcoin,2026-06-12 15:00:00+00:00,63936.90800704771,1281404329204.848,27551221048.159607
bitcoin,2026-06-12 16:00:00+00:00,63571.54277184983,1274081788770.5825,29044054589.408115
bitcoin,2026-06-12 17:00:00+00:00,63935.42884002059,1281381844951.0708,29472885561.44217
bitcoin,2026-06-12 18:00:00+00:00,63829.768686594834,1279265053807.2136,27123768554.108192
bitcoin,2026-06-12 19:00:00+00:00,63667.39682471284,1276010825366.4504,27391492017.223736
bitcoin,2026-06-12 20:00:00+00:00,63576.64006864022,1274191894343.6753,26342154510.09752
bitcoin,2026-06-12 21:00:00+00:00,63423.86389091702,1271129980925.578,25923580327.159386
bitcoin,2026-06-12 22:00:00+00:00,63469.52664670147,1272045145886.0278,25526387538.44018
bitcoin,2026-06-12 23:00:00+00:00,63480.18905903058,1272264172423.8865,26352144830.33472
bitcoin,2026-06-13 00:00:00+00:00,63532.27782485316,1273309909632.204,26198317555.20565
bitcoin,2026-06-13 01:00:00+00:00,63585.61847809602,1274380740041.3538,25850938098.34359
bitcoin,2026-06-13 02:00:00+00:00,63778.48857277093,1278247064848.7266,25127659628.021248
bitcoin,2026-06-13 03:00:00+00:00,63620.15268087269,1275075481750.9666,25806255485.054703
bitcoin,2026-06-13 04:00:00+00:00,63507.24452954018,1272813973063.891,25486379944.04297
bitcoin,2026-06-13 05:00:00+00:00,63485.40975268798,1272376359854.8457,24189337845.9158
bitcoin,2026-06-13 06:00:00+00:00,63533.14562905929,1273333083625.6838,24228342141.836018
bitcoin,2026-06-13 07:00:00+00:00,63699.74184655528,1276672009681.4326,23537414538.07692
bitcoin,2026-06-13 08:00:00+00:00,63800.14393748679,1278687652606.7693,22697776534.783325
bitcoin,2026-06-13 09:00:00+00:00,63773.78497301827,1278159364105.815,22748679193.25855
bitcoin,2026-06-13 10:00:00+00:00,63715.371129875246,1276988629130.0212,22147751090.11504
bitcoin,2026-06-13 11:00:00+00:00,63801.76724896186,1278724589468.781,21494851390.92381
bitcoin,2026-06-13 12:00:00+00:00,63935.78488903996,1281411933765.355,20824913482.34864
bitcoin,2026-06-13 13:00:00+00:00,64108.08173522598,1284865136619.3755,21705692996.92789
bitcoin,2026-06-13 14:00:00+00:00,64074.07553818772,1284184988232.937,20837018165.415764
bitcoin,2026-06-13 15:00:00+00:00,64188.86120928863,1286485544806.776,18912431284.593304
bitcoin,2026-06-13 16:00:00+00:00,64265.74569903741,1288029691876.3127,17873855118.981575
bitcoin,2026-06-13 17:00:00+00:00,63986.590575009846,1282434797045.8572,17606318135.257336
bitcoin,2026-06-13 18:00:00+00:00,63952.33005416277,1281749738169.9846,17284825006.202404
bitcoin,2026-06-13 19:00:00+00:00,64131.780821434986,1285346338540.4602,16505806496.142994
bitcoin,2026-06-13 20:00:00+00:00,64273.21003484239,1288180900738.6003,16520636167.261684
bitcoin,2026-06-13 21:00:00+00:00,64252.72548507484,1287773556538.5742,16047328814.952463
bitcoin,2026-06-13 22:00:00+00:00,64444.70871844605,1291621345552.4685,16988079179.903477
bitcoin,2026-06-13 23:00:00+00:00,64438.38767266253,1291496268102.474,16771303304.881014
bitcoin,2026-06-14 00:00:00+00:00,64408.80975375945,1290903457306.5923,16875136749.718493
bitcoin,2026-06-14 01:00:00+00:00,64611.71627794964,1294971794754.2568,17149302289.787762
bitcoin,2026-06-14 02:00:00+00:00,64566.388300891405,1294063314757.3604,17326665768.17605
bitcoin,2026-06-14 03:00:00+00:00,64466.1650957115,1292056216051.1326,17166794188.95513
bitcoin,2026-06-14 04:00:00+00:00,64516.18714598953,1293058777641.4705,17195597421.74227
bitcoin,2026-06-14 05:00:00+00:00,64342.92030396205,1289587704072.6943,17146747351.950628
bitcoin,2026-06-14 06:00:00+00:00,64336.577523413325,1289460579413.6543,16321414475.88314
bitcoin,2026-06-14 07:00:00+00:00,64257.46081446147,1287874889262.0571,16982141884.665257
bitcoin,2026-06-14 08:00:00+00:00,64393.8461878388,1290608381924.3716,16929799129.07999
bitcoin,2026-06-14 09:00:00+00:00,64427.40413198201,1291285216476.7832,17372659059.79362
bitcoin,2026-06-14 10:00:00+00:00,64578.70655204742,1294317692810.1057,17139198883.932678
bitcoin,2026-06-14 11:00:00+00:00,64482.85474724417,1292396584545.965,17540231976.150795
bitcoin,2026-06-14 12:00:00+00:00,64520.29721554832,1293151476518.3796,17415520552.72637
bitcoin,2026-06-14 13:00:00+00:00,64297.56455237771,1288687345311.9517,15726323185.09118
bitcoin,2026-06-14 14:00:00+00:00,64282.85281848669,1288392484605.7188,16437649597.4302
bitcoin,2026-06-14 15:00:00+00:00,63944.15135872709,1281604042647.3098,17237119570.59534
bitcoin,2026-06-14 16:00:00+00:00,63992.38695493097,1282570807140.7126,17022110207.034857
bitcoin,2026-06-14 17:00:00+00:00,63919.06161136269,1281106357499.993,16108419215.397034
bitcoin,2026-06-14 18:00:00+00:00,63700.07140616346,1276717981368.4563,16236914532.758703
bitcoin,2026-06-14 19:00:00+00:00,63777.42411565287,1278269354780.6794,15856184350.972876
bitcoin,2026-06-14 20:00:00+00:00,63757.45056992142,1277870434418.555,15459487729.243128
bitcoin,2026-06-14 21:00:00+00:00,63974.71889255888,1282227057968.673,16133116411.371038
bitcoin,2026-06-14 22:00:00+00:00,65285.77424015884,1308504166649.8452,18933702369.38724
bitcoin,2026-06-14 23:00:00+00:00,65360.48481310016,1310004837395.0354,20663659594.76795
bitcoin,2026-06-15 00:00:00+00:00,65709.31094599118,1316997723207.2698,21124197393.114784
bitcoin,2026-06-15 01:00:00+00:00,65586.25703914589,1314531379962.8516,21534332057.56831
bitcoin,2026-06-15 02:00:00+00:00,65464.87658816264,1312101261497.7705,21907982380.471645
bitcoin,2026-06-15 03:00:00+00:00,65416.49008216518,1311131459080.5427,22632409374.48402
bitcoin,2026-06-15 04:00:00+00:00,65866.4103409914,1320151570499.0945,23118680352.017933
bitcoin,2026-06-15 05:00:00+00:00,65608.4395650938,1314982934100.1414,23637409513.57818
bitcoin,2026-06-15 06:00:00+00:00,65817.43690589168,1319172898518.0286,23540288495.90592
bitcoin,2026-06-15 07:00:00+00:00,65774.20254377011,1318307803164.8088,23501624124.557823
bitcoin,2026-06-15 08:00:00+00:00,65630.59002266181,1315429387313.499,24532921444.87297
bitcoin,2026-06-15 09:00:00+00:00,65634.8917843731,1315517641908.3022,25174499879.45323
bitcoin,2026-06-15 10:00:00+00:00,65557.31842459424,1313962842006.0422,25274774287.410004
bitcoin,2026-06-15 11:00:00+00:00,65863.62044833781,1320104281191.553,25284684853.88893
bitcoin,2026-06-15 12:00:00+00:00,66193.77089500068,1326722941536.3748,26373920708.06699
bitcoin,2026-06-15 13:00:00+00:00,66532.00864628633,1333502246873.6724,28085186476.84829
bitcoin,2026-06-15 14:00:00+00:00,66391.84738927767,1330692992276.5454,30972205889.80118
bitcoin,2026-06-15 15:00:00+00:00,66552.87214205711,1333920414294.9492,31243849944.62227
bitcoin,2026-06-15 16:00:00+00:00,67230.72172779098,1347511002970.7395,33253583169.67513
bitcoin,2026-06-15 17:00:00+00:00,67141.92480518499,1345731238792.0063,34314788469.91103
bitcoin,2026-06-15 18:00:00+00:00,66823.12417209803,1339343963379.3855,34488563547.68338
bitcoin,2026-06-15 19:00:00+00:00,66744.04449523773,1337758959847.4338,35386333455.53983
bitcoin,2026-06-15 20:00:00+00:00,66550.15695037083,1333875377231.2375,36125772173.67149
bitcoin,2026-06-15 21:00:00+00:00,66485.25895289597,1332574616349.0674,36317926248.1719
bitcoin,2026-06-15 22:00:00+00:00,66340.53888367626,1329673968991.2058,33412370656.94809
bitcoin,2026-06-15 23:00:00+00:00,66178.57360298402,1326431180582.2126,31787059005.567616
bitcoin,2026-06-16 00:00:00+00:00,66292.50117921834,1328716312457.8523,30758717645.22543
bitcoin,2026-06-16 01:00:00+00:00,66233.82156148816,1327540182972.6174,30312637662.081474
bitcoin,2026-06-16 02:00:00+00:00,66316.50624060682,1329200170569.2173,29931163588.2234
bitcoin,2026-06-16 03:00:00+00:00,65704.79145916563,1316939401148.0825,29867916251.50995
bitcoin,2026-06-16 04:00:00+00:00,66113.89576321261,1325139192445.0923,29840944369.622925
bitcoin,2026-06-16 05:00:00+00:00,65834.24872332542,1319534149082.7566,29327713295.6641
bitcoin,2026-06-16 06:00:00+00:00,66036.26441664151,1323583205784.2537,30604879969.733665
bitcoin,2026-06-16 07:00:00+00:00,66417.4316393791,1331230285894.1196,30463697740.088253
bitcoin,2026-06-16 08:00:00+00:00,66330.51848059459,1329489910080.1714,30241920340.066383
bitcoin,2026-06-16 09:00:00+00:00,66862.5175329406,1340153855482.68,31070192831.65564
bitcoin,2026-06-16 10:00:00+00:00,66491.6329017892,1332721453518.8352,31427128774.694923
bitcoin,2026-06-16 11:00:00+00:00,66477.15155128096,1332432859280.7048,31278873331.799847
bitcoin,2026-06-16 12:00:00+00:00,66423.96723300409,1331366860939.6675,29882648311.2965
bitcoin,2026-06-16 13:00:00+00:00,66384.1342947188,1330571391498.2107,28916748598.46066
bitcoin,2026-06-16 14:00:00+00:00,66030.33419088418,1323481446477.3523,27589469832.57932
bitcoin,2026-06-16 15:00:00+00:00,65592.4515696148,1314704729956.2822,28600658347.00408
bitcoin,2026-06-16 16:00:00+00:00,65849.63191552399,1319859533735.186,28500234582.581696
bitcoin,2026-06-16 17:00:00+00:00,65713.31633301663,1317127287313.5232,26926071955.14478
bitcoin,2026-06-16 18:00:00+00:00,65922.29014637967,1321322058368.9702,26269802834.246853
bitcoin,2026-06-16 19:00:00+00:00,65792.45677970549,1318719726275.8652,26061558294.09582
bitcoin,2026-06-16 20:00:00+00:00,65594.61999934207,1314754358852.0327,26300138127.473217
bitcoin,2026-06-16 21:00:00+00:00,65794.1342669306,1318753349210.8125,26205572177.77346
bitcoin,2026-06-16 22:00:00+00:00,65721.23261262392,1317292135352.6,26002223379.42157
bitcoin,2026-06-16 23:00:00+00:00,65725.57501738366,1317386139822.2085,25177741714.958515
bitcoin,2026-06-17 00:00:00+00:00,65619.28080038042,1315255606491.9746,25251031908.02844
bitcoin,2026-06-17 01:00:00+00:00,65685.18452835121,1316579847741.967,24495659003.93564
bitcoin,2026-06-17 02:00:00+00:00,65877.14591641171,1320428337319.373,25330664674.24188
bitcoin,2026-06-17 03:00:00+00:00,65844.3002835696,1319769986023.8125,25168314171.795403
bitcoin,2026-06-17 04:00:00+00:00,65781.95467956628,1318520343206.2903,24843193917.25349
bitcoin,2026-06-17 05:00:00+00:00,65844.1066690421,1319766105252.946,24596795088.309505
bitcoin,2026-06-17 06:00:00+00:00,65774.71487092394,1318375229929.8252,23955688889.498966
bitcoin,2026-06-17 07:00:00+00:00,65566.01071043266,1314197316324.6377,24060270722.74926
bitcoin,2026-06-17 08:00:00+00:00,65464.24413878417,1312158763093.376,24057339853.26204
bitcoin,2026-06-17 09:00:00+00:00,64884.87978384772,1300546041899.465,23885131621.683056
bitcoin,2026-06-17 10:00:00+00:00,64833.83379845131,1299525085623.1274,24524358372.50001
bitcoin,2026-06-17 11:00:00+00:00,64736.031252809305,1297564737853.247,24311405284.1086
bitcoin,2026-06-17 12:00:00+00:00,64759.34074402268,1298034995445.7166,25032969553.54665
bitcoin,2026-06-17 13:00:00+00:00,64988.14067646813,1302622291719.1272,24077355605.89297
bitcoin,2026-06-17 14:00:00+00:00,65248.140186627694,1307835092111.7097,24269948447.878952
bitcoin,2026-06-17 15:00:00+00:00,65075.5854193616,1304376400732.9775,23824452242.961533
bitcoin,2026-06-17 16:00:00+00:00,65698.23677096302,1316856837500.155,23867009987.33873
bitcoin,2026-06-17 17:00:00+00:00,65831.92749438605,1319536537167.9514,25778160088.34664
bitcoin,2026-06-17 18:00:00+00:00,66009.04014530333,1323086586862.303,25796043653.970943
bitcoin,2026-06-17 19:00:00+00:00,65512.47122792578,1313133349054.4402,28042008012.15762
bitcoin,2026-06-17 20:00:00+00:00,64241.62379235361,1287660456368.0354,29355627573.311565
bitcoin,2026-06-17 21:00:00+00:00,64368.53197668574,1290211480323.974,30471564038.50012
bitcoin,2026-06-17 22:00:00+00:00,64201.90295592708,1286872958345.4634,30590636395.76221
bitcoin,2026-06-17 23:00:00+00:00,64260.31316069405,1288043741601.8044,31039754916.45813
bitcoin,2026-06-18 00:00:00+00:00,64444.545329668814,1291736519936.9531,31384852552.080708
bitcoin,2026-06-18 01:00:00+00:00,64422.7332298949,1291302342674.859,31578681973.336197
bitcoin,2026-06-18 02:00:00+00:00,64504.587045199296,1292943037165.1448,31534769512.0766
bitcoin,2026-06-18 03:00:00+00:00,64630.85253332534,1295473928241.0374,31296537360.48475
bitcoin,2026-06-18 04:00:00+00:00,64231.99423638663,1287482535864.6582,31372311839.510277
bitcoin,2026-06-18 05:00:00+00:00,63880.33491135533,1280435000055.307,32061508455.748302
bitcoin,2026-06-18 06:00:00+00:00,63929.27401585061,1281415948924.064,32481558000.14421
bitcoin,2026-06-18 07:00:00+00:00,64046.10614564319,1283761158706.088,32806337864.40937
bitcoin,2026-06-18 08:00:00+00:00,64429.3151737207,1291442326157.4348,32656925200.537525
bitcoin,2026-06-18 09:00:00+00:00,64342.52753048174,1289702726170.006,32231167625.622314
bitcoin,2026-06-18 10:00:00+00:00,64157.50743371025,1285994122663.7266,31770730699.839
bitcoin,2026-06-18 11:00:00+00:00,64055.59184405801,1283951293156.4236,31890133514.06962
bitcoin,2026-06-18 12:00:00+00:00,63923.44224368735,1281302443221.5251,31522916814.468864
bitcoin,2026-06-18 13:00:00+00:00,64314.79896365715,1289146925681.604,31106839358.21133
bitcoin,2026-06-18 14:00:00+00:00,63872.62041260807,1280283753769.8115,32112071388.17813
bitcoin,2026-06-18 15:00:00+00:00,63764.231328085145,1278120923335.4077,32284340120.51776
bitcoin,2026-06-18 16:00:00+00:00,62313.99340994261,1249053027847.575,32920391441.59116
bitcoin,2026-06-18 17:00:00+00:00,62623.63189438897,1255259577377.975,33887911170.735443
bitcoin,2026-06-18 18:00:00+00:00,62528.81568850007,1253359033654.587,34547014136.46221
bitcoin,2026-06-18 19:00:00+00:00,62633.33050724878,1255453981252.5396,32703694987.30951
bitcoin,2026-06-18 20:00:00+00:00,62896.3469285504,1260732681711.1438,30654110052.79991
bitcoin,2026-06-18 21:00:00+00:00,63033.55913700935,1263483046779.7295,30554435710.040585
bitcoin,2026-06-18 22:00:00+00:00,62908.02042119267,1260970824236.1702,30302979571.556965
bitcoin,2026-06-18 23:00:00+00:00,62823.09056826444,1259269186813.5127,30115707518.50424
bitcoin,2026-06-19 00:00:00+00:00,62897.23855524796,1260755460004.2776,30204028640.80352
bitcoin,2026-06-19 01:00:00+00:00,62949.317474632975,1261799365642.6484,30406054051.48595
bitcoin,2026-06-19 02:00:00+00:00,62960.06382966224,1262018109848.984,30544119681.1417
bitcoin,2026-06-19 03:00:00+00:00,62951.39017745219,1261845067113.6553,30170258543.524544
bitcoin,2026-06-19 04:00:00+00:00,62719.57121204975,1257199065846.3025,30414324721.840725
bitcoin,2026-06-19 05:00:00+00:00,62401.54379892426,1250825653920.6077,28698386295.775986
bitcoin,2026-06-19 06:00:00+00:00,62678.16750417492,1256370517171.5078,29083226100.603214
bitcoin,2026-06-19 07:00:00+00:00,62842.191281257445,1259658338846.0625,28805295409.832077
bitcoin,2026-06-19 08:00:00+00:00,62567.15001847757,1254150075555.1304,30247768410.18099
bitcoin,2026-06-19 09:00:00+00:00,62543.628893340414,1253679598475.1704,29732093638.27937
bitcoin,2026-06-19 10:00:00+00:00,62353.7581291409,1249874846322.8164,30222062137.48509
bitcoin,2026-06-19 11:00:00+00:00,62485.96228335091,1252525802662.9749,30358733839.179764
bitcoin,2026-06-19 12:00:00+00:00,62576.64191285677,1254343468128.6514,30711924109.118176
bitcoin,2026-06-19 13:00:00+00:00,62758.29094286823,1257984607495.0637,30876970240.966133
bitcoin,2026-06-19 14:00:00+00:00,63163.16409417724,1266103034578.055,30384773312.33256
bitcoin,2026-06-19 15:00:00+00:00,63161.70999941896,1266075466350.993,29755111983.134323
bitcoin,2026-06-19 16:00:00+00:00,63150.56790865852,1265852123319.9734,26864397135.412483
bitcoin,2026-06-19 17:00:00+00:00,62932.88792821947,1261490116118.4868,25645162848.6914
bitcoin,2026-06-19 18:00:00+00:00,63144.54427470509,1265732768853.7292,25600755060.609016
bitcoin,2026-06-19 19:00:00+00:00,63050.26772496649,1263842994848.5596,24457652444.059128
bitcoin,2026-06-19 20:00:00+00:00,62957.00654317393,1261973573899.9607,24537493349.610573
bitcoin,2026-06-19 21:00:00+00:00,63195.01251901828,1266749523909.8103,23890866303.97382
bitcoin,2026-06-19 22:00:00+00:00,63020.73155032543,1263256046729.9182,23426488567.672752
bitcoin,2026-06-19 23:00:00+00:00,63258.02888837393,1268012692515.9688,23561175292.97825
bitcoin,2026-06-20 00:00:00+00:00,63489.81094752525,1272662339486.1091,23645282131.21113
bitcoin,2026-06-20 01:00:00+00:00,63478.707723589934,1272439773774.5647,23678879790.776203
bitcoin,2026-06-20 02:00:00+00:00,63511.82957821895,1273106310072.0413,23526527885.547237
bitcoin,2026-06-20 03:00:00+00:00,63297.06233022252,1268803856248.3347,23472981378.992325
bitcoin,2026-06-20 04:00:00+00:00,63406.70890601928,1271001746530.6604,22635234374.48302
bitcoin,2026-06-20 05:00:00+00:00,63511.836209238296,1273110634773.234,22316695522.32861
bitcoin,2026-06-20 06:00:00+00:00,63616.62705423173,1275212783874.515,22465592660.34921
bitcoin,2026-06-20 07:00:00+00:00,63675.87963546012,1276401855353.1702,22334656475.813763
bitcoin,2026-06-20 08:00:00+00:00,63595.95345698048,1274800919770.5125,21702542357.68465
bitcoin,2026-06-20 09:00:00+00:00,63361.42427907942,1270101672726.9475,21844625385.61805
bitcoin,2026-06-20 10:00:00+00:00,63678.06292113903,1276448803864.0024,21354933689.192837
bitcoin,2026-06-20 11:00:00+00:00,63614.77122598637,1275183089829.9883,20811906355.22259
bitcoin,2026-06-20 12:00:00+00:00,63632.08358051378,1275530122780.2458,20167438481.454197
bitcoin,2026-06-20 13:00:00+00:00,63598.8541065488,1274867650050.119,19724762609.21953
bitcoin,2026-06-20 14:00:00+00:00,63370.21512539454,1270284478785.34,18943011832.13561
bitcoin,2026-06-20 15:00:00+00:00,63880.82871958771,1280519958057.0596,19061041028.6852
bitcoin,2026-06-20 16:00:00+00:00,64071.57089880709,1284343470873.4924,19704079815.307293
bitcoin,2026-06-20 17:00:00+00:00,63942.95729462183,1281769701422.5732,19736505964.624462
bitcoin,2026-06-20 18:00:00+00:00,63785.71848828837,1278617768099.9172,19374009690.711723
bitcoin,2026-06-20 19:00:00+00:00,63731.45103356764,1277531542145.775,19086314447.531376
bitcoin,2026-06-20 20:00:00+00:00,63869.703129336034,1280302880476.34,18943351854.8833
bitcoin,2026-06-20 21:00:00+00:00,63859.48885099569,1280098129720.6543,18888370495.31353
bitcoin,2026-06-20 22:00:00+00:00,63942.0588498902,1281753290184.0046,18882228358.951656
bitcoin,2026-06-20 23:00:00+00:00,64232.32698776945,1287575919259.9932,19198868374.52869
bitcoin,2026-06-21 00:00:00+00:00,64253.39869532133,1287998314407.3254,18855396681.673317
bitcoin,2026-06-21 01:00:00+00:00,64232.00003489193,1287571741875.4312,18410769866.49287
bitcoin,2026-06-21 02:00:00+00:00,64177.63062369645,1286484118285.5583,18450239360.571903
bitcoin,2026-06-21 03:00:00+00:00,64172.97111302846,1286390715235.07,18280171050.20412
bitcoin,2026-06-21 04:00:00+00:00,64350.25345834792,1289946454902.286,18569116290.16132
bitcoin,2026-06-21 05:00:00+00:00,64224.81988745256,1287432050041.2869,18679606488.56997
bitcoin,2026-06-21 06:00:00+00:00,64192.598528593386,1286786150058.0112,18257091491.48823
bitcoin,2026-06-21 07:00:00+00:00,64227.34350470279,1287485271059.396,18120057562.80474
bitcoin,2026-06-21 08:00:00+00:00,64137.30747295862,1285682804356.4368,17797974340.351818
bitcoin,2026-06-21 09:00:00+00:00,63942.32236057596,1281775197402.6006,17432556015.50134
bitcoin,2026-06-21 10:00:00+00:00,64136.33990644154,1285665845905.0437,17285954196.44783
bitcoin,2026-06-21 11:00:00+00:00,64291.21611357497,1288770467249.904,17477126716.981876
bitcoin,2026-06-21 12:00:00+00:00,64091.378803108986,1284767511699.257,18065803204.45741
bitcoin,2026-06-21 13:00:00+00:00,64130.21771004847,1285546071417.547,18278718768.08677
bitcoin,2026-06-21 14:00:00+00:00,64065.94359665164,1284260075337.6116,17936828769.893486
bitcoin,2026-06-21 15:00:00+00:00,64060.18877731676,1284144714752.9128,16730026121.265009
bitcoin,2026-06-21 16:00:00+00:00,64159.6237059165,1286139774752.5088,15833786971.008808
bitcoin,2026-06-21 17:00:00+00:00,64077.84460303331,1284501653487.2432,15438212441.613422
bitcoin,2026-06-21 18:00:00+00:00,64094.59772636592,1284838895941.581,15076254292.912209
bitcoin,2026-06-21 19:00:00+00:00,64112.066099777,1285190477036.1296,15241918780.82435
bitcoin,2026-06-21 20:00:00+00:00,64152.71153740518,1286005255478.8242,15248948760.302303
bitcoin,2026-06-21 21:00:00+00:00,63775.7816302342,1278450657851.089,15509791593.178474
bitcoin,2026-06-21 22:00:00+00:00,63721.21465781166,1277356807176.0002,16241167802.983906
bitcoin,2026-06-21 23:00:00+00:00,63742.53584175308,1277784212077.035,16359148337.824793
bitcoin,2026-06-22 00:00:00+00:00,63255.48525259375,1268020785738.6846,16915246357.834028
bitcoin,2026-06-22 01:00:00+00:00,63819.11898308706,1279323994313.0286,17162935129.14024
bitcoin,2026-06-22 02:00:00+00:00,64552.12148798935,1294018476216.7476,19180977494.118034
bitcoin,2026-06-22 03:00:00+00:00,64205.69346869373,1287073944459.8618,19140875652.60815
bitcoin,2026-06-22 04:00:00+00:00,63928.74456827152,1281526801145.8704,20031732819.550983
bitcoin,2026-06-22 05:00:00+00:00,64033.42166008993,1283627161483.025,20086411086.080097
bitcoin,2026-06-22 06:00:00+00:00,64177.92241599179,1286523853402.989,20769993075.028477
bitcoin,2026-06-22 07:00:00+00:00,63959.75327181369,1282152948186.0825,21042957577.624607
bitcoin,2026-06-22 08:00:00+00:00,64149.20624482907,1285951603028.261,21361889481.487843
bitcoin,2026-06-22 09:00:00+00:00,64104.1120190984,1285047632499.8594,21504668275.3735
bitcoin,2026-06-22 10:00:00+00:00,64082.99802705055,1284624375946.7444,21375166914.81705
bitcoin,2026-06-22 11:00:00+00:00,64086.311714266456,1284690802978.9194,21150437691.7526
bitcoin,2026-06-22 12:00:00+00:00,64590.54864637921,1294802871731.433,21757399130.69799
bitcoin,2026-06-22 13:00:00+00:00,65094.74831438618,1304910220124.3943,23116941576.15372
bitcoin,2026-06-22 14:00:00+00:00,65494.51614098112,1312924094301.7888,24951697864.40628
bitcoin,2026-06-22 15:00:00+00:00,64898.72223781988,1300980618469.1755,26155075748.354137
bitcoin,2026-06-22 16:00:00+00:00,64760.07013598424,1298206010933.714,26601163094.89548
bitcoin,2026-06-22 17:00:00+00:00,64667.336237364085,1296347030479.3503,27438657451.46572
bitcoin,2026-06-22 18:00:00+00:00,64539.416997041015,1293785163229.661,27911076038.790344
bitcoin,2026-06-22 19:00:00+00:00,64271.121158924754,1288408202383.0542,27927349690.84265
bitcoin,2026-06-22 20:00:00+00:00,64422.0097968275,1291433951153.8184,28754187056.505894
bitcoin,2026-06-22 21:00:00+00:00,64362.81575963608,1290247319603.8877,28702276859.635445
bitcoin,2026-06-22 22:00:00+00:00,64238.86875118693,1287765638720.3064,28099411188.761658
bitcoin,2026-06-22 23:00:00+00:00,63896.99325845692,1280914845278.2588,27948168461.881824
bitcoin,2026-06-23 00:00:00+00:00,63937.28526422244,1281722561349.0657,27569840544.502632
bitcoin,2026-06-23 01:00:00+00:00,64059.64363249256,1284177027088.8271,27344649006.88518
bitcoin,2026-06-23 02:00:00+00:00,64088.01499383456,1284747762695.629,26357622043.994408
bitcoin,2026-06-23 03:00:00+00:00,64132.23842102039,1285635896020.3645,26108258837.11741
bitcoin,2026-06-23 04:00:00+00:00,63987.15919448064,1282727544994.4434,25360291158.41097
bitcoin,2026-06-23 05:00:00+00:00,63582.257037634496,1274610617220.9253,25104957734.20785
bitcoin,2026-06-23 06:00:00+00:00,63320.27817720834,1269358821318.3518,25127546400.859184
bitcoin,2026-06-23 07:00:00+00:00,62877.708063685415,1260490550240.2825,26699688699.051437
bitcoin,2026-06-23 08:00:00+00:00,62820.37516360038,1259342973762.6523,27043807952.32893
bitcoin,2026-06-23 09:00:00+00:00,62315.10580300406,1249213976324.044,31094243456.50432
bitcoin,2026-06-23 10:00:00+00:00,62319.33789928308,1249302492847.955,31770423774.139896
bitcoin,2026-06-23 11:00:00+00:00,62256.929876648566,1248051412511.11,31998722094.73433
bitcoin,2026-06-23 12:00:00+00:00,62442.52917436966,1251774829571.158,31455515362.21363
bitcoin,2026-06-23 13:00:00+00:00,62203.09798784006,1246974993038.6697,30754722889.24286
bitcoin,2026-06-23 14:00:00+00:00,62381.11464416815,1250543662863.264,30791398482.425777
bitcoin,2026-06-23 15:00:00+00:00,62420.15977791371,1251329702329.3018,30875565031.19663
bitcoin,2026-06-23 16:00:00+00:00,62387.07480063413,1250666451627.6355,30912884567.63555
bitcoin,2026-06-23 17:00:00+00:00,62499.12151264461,1252913826549.1997,30975026722.280437
bitcoin,2026-06-23 18:00:00+00:00,62297.5106191316,1248872152523.2012,30861253228.16233
bitcoin,2026-06-23 19:00:00+00:00,62172.01201133446,1246359962254.7654,30729835250.92157
bitcoin,2026-06-23 20:00:00+00:00,62338.9315933964,1249707751246.7068,30886775357.86512
bitcoin,2026-06-23 21:00:00+00:00,62389.4815539757,1250721125649.2908,30852447155.32971
bitcoin,2026-06-23 22:00:00+00:00,62529.66280671927,1253531337400.6848,31055218311.124165
bitcoin,2026-06-23 23:00:00+00:00,62524.18480531879,1253427022106.0862,30725144330.03717
bitcoin,2026-06-24 00:00:00+00:00,62662.29201921944,1256197234338.494,30689271786.405464
bitcoin,2026-06-24 01:00:00+00:00,62935.84817323276,1261681241913.6145,30881761388.54244
bitcoin,2026-06-24 02:00:00+00:00,62914.96634653807,1261262621845.683,30847870838.19853
bitcoin,2026-06-24 03:00:00+00:00,62585.487932303135,1254662416795.733,30961760764.90318
bitcoin,2026-06-24 04:00:00+00:00,62666.83488542624,1256293193644.7495,31465675378.65504
bitcoin,2026-06-24 05:00:00+00:00,62693.92100488201,1256836193902.8086,31650197559.23966
bitcoin,2026-06-24 06:00:00+00:00,62817.48646755404,1259313332727.647,31223017344.511917
bitcoin,2026-06-24 07:00:00+00:00,62706.519151987326,1257088751200.299,29509881892.295643
bitcoin,2026-06-24 08:00:00+00:00,62575.43241960783,1254466276205.4695,28679705204.29548
bitcoin,2026-06-24 09:00:00+00:00,62720.2895939481,1257371834373.86,24980192712.26739
bitcoin,2026-06-24 10:00:00+00:00,62624.58927852053,1255454868012.1238,24537009328.46482
bitcoin,2026-06-24 11:00:00+00:00,62374.26824989483,1250437788611.237,24557202319.72507
bitcoin,2026-06-24 12:00:00+00:00,62843.68490767567,1259849723696.0012,25151181501.954803
bitcoin,2026-06-24 13:00:00+00:00,62550.76407996913,1253977435583.1536,24733650303.76185
bitcoin,2026-06-24 14:00:00+00:00,61267.74971981133,1228257921645.7012,25890459156.41058
bitcoin,2026-06-24 15:00:00+00:00,61024.12201046819,1223375349737.392,27487936069.66231
bitcoin,2026-06-24 16:00:00+00:00,60205.2741277778,1206959573780.8574,29478868161.13205
bitcoin,2026-06-24 17:00:00+00:00,59789.48619571827,1198627093771.2695,32144769037.761787
bitcoin,2026-06-24 18:00:00+00:00,59358.45292012501,1189985973144.2776,35629496205.53564
bitcoin,2026-06-24 19:00:00+00:00,59523.470870098885,1193295651322.3608,38081114624.55871
bitcoin,2026-06-24 20:00:00+00:00,59876.67443655768,1200378888177.0532,39117834474.07814
bitcoin,2026-06-24 21:00:00+00:00,60891.51854708151,1220724788384.247,41919889413.62096
bitcoin,2026-06-24 22:00:00+00:00,61056.08538534663,1224025840408.2866,42729785673.85874
bitcoin,2026-06-24 23:00:00+00:00,60791.161293084166,1218716277227.621,42912259461.22274
bitcoin,2026-06-25 00:00:00+00:00,60989.57352152134,1222695488973.654,43171393360.53368
bitcoin,2026-06-25 01:00:00+00:00,60713.55737295181,1217162023493.3494,43171453390.35828
bitcoin,2026-06-25 02:00:00+00:00,60828.94803155277,1219476851715.2786,43284751988.33743
bitcoin,2026-06-25 03:00:00+00:00,60708.43122312048,1217060774125.8792,43276468306.02752
bitcoin,2026-06-25 04:00:00+00:00,60797.57977037941,1218847992107.849,43038053999.05454
bitcoin,2026-06-25 05:00:00+00:00,61251.84152643313,1227957747095.5334,43411852689.93745
bitcoin,2026-06-25 06:00:00+00:00,61519.76098547217,1233328912551.5576,44646408432.87365
bitcoin,2026-06-25 07:00:00+00:00,61639.93029845993,1235740556562.4834,45221900049.26438
bitcoin,2026-06-25 08:00:00+00:00,61824.263437647256,1239436017198.297,45984472605.47184
bitcoin,2026-06-25 09:00:00+00:00,61620.01776553923,1235344621379.64,45880720514.42256
bitcoin,2026-06-25 10:00:00+00:00,61665.258960151245,1236253333568.651,45993136344.08524
bitcoin,2026-06-25 11:00:00+00:00,61205.21655992373,1227030491396.988,45792136568.802666
bitcoin,2026-06-25 12:00:00+00:00,61210.44123128128,1227138295132.5134,45623986752.5798
bitcoin,2026-06-25 13:00:00+00:00,61171.04121659868,1226349754956.4656,46162360456.42736
bitcoin,2026-06-25 14:00:00+00:00,58243.975988882026,1167670105155.2195,45607609473.49445
bitcoin,2026-06-25 15:00:00+00:00,59422.282560306245,1191293464097.8276,50035683367.05206
bitcoin,2026-06-25 16:00:00+00:00,59493.31948030603,1192717606942.2144,49703309574.875015
bitcoin,2026-06-25 17:00:00+00:00,59242.43103115886,1187690953979.1902,47335990191.74346
bitcoin,2026-06-25 18:00:00+00:00,59588.29867023548,1194624900798.31,44636162395.82607
bitcoin,2026-06-25 19:00:00+00:00,59411.14649579867,1191074427303.1858,43374918216.20224
bitcoin,2026-06-25 20:00:00+00:00,59220.70806994976,1187258413566.1787,42861683799.352905
bitcoin,2026-06-25 21:00:00+00:00,59360.9918043057,1190070825800.4912,41190421707.39148
bitcoin,2026-06-25 22:00:00+00:00,60115.13400967625,1205189889849.7417,41307330702.569885
bitcoin,2026-06-25 23:00:00+00:00,59775.39445563701,1198381352099.6172,40990299735.09562
bitcoin,2026-06-26 00:00:00+00:00,59726.73653480851,1197409796612.7463,41007492811.17548
bitcoin,2026-06-26 01:00:00+00:00,59603.129223707765,1194931700305.597,40908781251.26874
bitcoin,2026-06-26 02:00:00+00:00,59351.98268653229,1189898698088.639,41085439445.643486
bitcoin,2026-06-26 03:00:00+00:00,58503.04435977643,1172879037345.3833,41101890760.2917
bitcoin,2026-06-26 04:00:00+00:00,59930.89205544248,1201506510105.922,44321958773.37269
bitcoin,2026-06-26 05:00:00+00:00,59836.47735529296,1199613665314.3845,45503887628.97467
bitcoin,2026-06-26 06:00:00+00:00,59869.44283231238,1200274563790.7651,45100241429.98115
bitcoin,2026-06-26 07:00:00+00:00,60238.47869730115,1207676622689.476,46319911365.714455
bitcoin,2026-06-26 08:00:00+00:00,60479.5507255037,1212509697148.536,47601361349.158005
bitcoin,2026-06-26 09:00:00+00:00,60151.37179099762,1205930280871.214,48021367754.22575
bitcoin,2026-06-26 10:00:00+00:00,59655.70113012068,1195996287802.5154,48122715900.25404
bitcoin,2026-06-26 11:00:00+00:00,59234.76809329271,1187557289686.2815,48210848964.48359
bitcoin,2026-06-26 12:00:00+00:00,59325.75898428485,1189382986874.9973,48618446589.0655
bitcoin,2026-06-26 13:00:00+00:00,59130.16690792026,1185461690426.734,49064565676.39019
bitcoin,2026-06-26 14:00:00+00:00,60085.472995967255,1204613991683.9702,46390532429.80447
bitcoin,2026-06-26 15:00:00+00:00,59550.043672371445,1193879522558.5513,42976783603.73169
bitcoin,2026-06-26 16:00:00+00:00,60243.75851937369,1207792233418.7405,42685060278.00224
bitcoin,2026-06-26 17:00:00+00:00,59975.35749821483,1202413135961.1577,41847960643.54339
bitcoin,2026-06-26 18:00:00+00:00,59961.9816626125,1202147009857.1252,41464484602.6357
bitcoin,2026-06-26 19:00:00+00:00,59596.228301309646,1194814208347.8386,40791519007.946106
bitcoin,2026-06-26 20:00:00+00:00,59768.68313187722,1198271666776.5596,40666732012.02809
bitcoin,2026-06-26 21:00:00+00:00,59646.81608354697,1195832532472.692,40708338660.36506
bitcoin,2026-06-26 22:00:00+00:00,59851.67600622578,1199941533506.63,40436003243.47376
bitcoin,2026-06-26 23:00:00+00:00,59972.038222806994,1202356125178.227,40249630725.583374
bitcoin,2026-06-27 00:00:00+00:00,60022.32566638378,1203364318622.97,39614814581.66776
bitcoin,2026-06-27 01:00:00+00:00,59983.60256964069,1202587974280.9292,39541775034.14874
bitcoin,2026-06-27 02:00:00+00:00,59872.85620981584,1200370297888.0615,38583494828.57496
bitcoin,2026-06-27 03:00:00+00:00,60227.285757671074,1207477458969.5334,37049568844.57848
bitcoin,2026-06-27 04:00:00+00:00,60226.05826691643,1207454174375.9275,35312838514.39665
bitcoin,2026-06-27 05:00:00+00:00,60165.81744971254,1206248289444.3926,34420726028.45706
bitcoin,2026-06-27 06:00:00+00:00,60177.46554667346,1206483142911.266,33797914322.77988
bitcoin,2026-06-27 07:00:00+00:00,60288.66714704136,1208713138928.2512,32651579874.01171
bitcoin,2026-06-27 08:00:00+00:00,60462.64032824857,1212202778786.587,30867207618.75828
bitcoin,2026-06-27 09:00:00+00:00,60366.62795462668,1210279174936.255,30015248523.91657
bitcoin,2026-06-27 10:00:00+00:00,60343.46288307173,1209816432388.6438,29291092489.351147
bitcoin,2026-06-27 11:00:00+00:00,60331.17272373777,1209571175242.8645,28145485988.123188
bitcoin,2026-06-27 12:00:00+00:00,60281.72060820597,1208579716751.3157,27268914772.436874
bitcoin,2026-06-27 13:00:00+00:00,60335.04333893105,1209651250397.8948,25041814216.79357
bitcoin,2026-06-27 14:00:00+00:00,60488.87991630732,1212735504554.0537,23015531956.694557
bitcoin,2026-06-27 15:00:00+00:00,60530.68641556376,1213575555328.2751,20912902040.702843
bitcoin,2026-06-27 16:00:00+00:00,60738.130063492805,1217734578711.993,19611571668.078625
bitcoin,2026-06-27 17:00:00+00:00,60709.327637905946,1217157120868.7693,18310949461.942284
bitcoin,2026-06-27 18:00:00+00:00,60454.05045884562,1212039086319.914,17902489101.5369
bitcoin,2026-06-27 19:00:00+00:00,60469.467239149104,1212352106799.8315,17367884108.02852
bitcoin,2026-06-27 20:00:00+00:00,60101.32946268565,1204971313992.067,16779010842.982964
bitcoin,2026-06-27 21:00:00+00:00,60209.73461907334,1207144728538.8628,16259136930.643429
bitcoin,2026-06-27 22:00:00+00:00,60122.77026066025,1205401180464.8962,15667918254.891209
bitcoin,2026-06-27 23:00:00+00:00,60156.09554310711,1206076477494.7417,16443177978.816324
bitcoin,2026-06-28 00:00:00+00:00,59953.44334401112,1202013480250.0637,16056335655.741009
bitcoin,2026-06-28 01:00:00+00:00,60078.176851445765,1204516379421.1638,16065128780.03219
bitcoin,2026-06-28 02:00:00+00:00,60148.71446336424,1205930598583.1592,16715302965.28774
bitcoin,2026-06-28 03:00:00+00:00,60101.45581312719,1204985326569.624,16371131241.252975
bitcoin,2026-06-28 04:00:00+00:00,60125.529617765416,1205467986780.6174,15450936002.946953
bitcoin,2026-06-28 05:00:00+00:00,60056.055743567966,1204075092085.2185,15361810150.75872
bitcoin,2026-06-28 06:00:00+00:00,59910.75807663309,1201165346992.6294,15409407363.495771
bitcoin,2026-06-28 07:00:00+00:00,59929.767957201824,1201547619373.144,15156733227.912516
bitcoin,2026-06-28 08:00:00+00:00,60141.838785240856,1205800264810.96,15544223546.597927
bitcoin,2026-06-28 09:00:00+00:00,60309.97869356818,1209171348071.489,15749978133.30499
bitcoin,2026-06-28 10:00:00+00:00,60197.89455343325,1206927332811.1968,15723311897.58751
bitcoin,2026-06-28 11:00:00+00:00,60097.37184655965,1204911920089.64,15798076488.981367
bitcoin,2026-06-28 12:00:00+00:00,60269.22527132007,1208357465770.585,15834570824.133144
bitcoin,2026-06-28 13:00:00+00:00,60216.1640295005,1207293623529.257,15060967328.66631
bitcoin,2026-06-28 14:00:00+00:00,60004.523713049246,1203053377632.888,15812512722.0132
bitcoin,2026-06-28 15:00:00+00:00,59972.07765326265,1202402854315.6155,15887364885.956942
bitcoin,2026-06-28 16:00:00+00:00,59823.82857486152,1199432586514.7715,15724991085.064457
bitcoin,2026-06-28 17:00:00+00:00,59624.2029971441,1195430211061.377,16248655414.635572
bitcoin,2026-06-28 18:00:00+00:00,59517.743569099664,1193295762127.2295,16244612877.16811
bitcoin,2026-06-28 19:00:00+00:00,59545.67805835586,1193858809495.2395,16274828467.11637
bitcoin,2026-06-28 20:00:00+00:00,59405.67607496718,1191051845049.3638,15551920312.933395
bitcoin,2026-06-28 21:00:00+00:00,59582.51941266253,1194597458828.4397,15531963234.994022
bitcoin,2026-06-28 22:00:00+00:00,59350.7545808499,1189952538513.468,15763736129.971985
bitcoin,2026-06-28 23:00:00+00:00,59009.7849428476,1183116270143.1282,16980954123.755684
bitcoin,2026-06-29 00:00:00+00:00,59494.60638631778,1192836694280.2336,17361816169.775818
bitcoin,2026-06-29 01:00:00+00:00,59585.84559931657,1194665994242.5784,17586124009.130882
bitcoin,2026-06-29 02:00:00+00:00,59361.68067066549,1190175697030.7092,17604245178.028053
bitcoin,2026-06-29 03:00:00+00:00,59669.63296043179,1196351318289.3457,18898953321.68934
bitcoin,2026-06-29 04:00:00+00:00,59944.21194170682,1201856512639.054,19381709213.2966
bitcoin,2026-06-29 05:00:00+00:00,59743.99074446544,1197842877854.2712,19882815689.66216
bitcoin,2026-06-29 06:00:00+00:00,59990.15882056477,1202779228200.2249,19546668405.635742
bitcoin,2026-06-29 07:00:00+00:00,60001.37607155561,1203004129696.646,20251893133.24873
bitcoin,2026-06-29 08:00:00+00:00,59971.52466959531,1202407479876.505,21264662316.47556
bitcoin,2026-06-29 09:00:00+00:00,59779.92706486224,1198566016876.7446,20536351596.296955
bitcoin,2026-06-29 10:00:00+00:00,59981.74543093929,1202615221604.013,21785120612.44801
bitcoin,2026-06-29 11:00:00+00:00,60015.73899787562,1203297742232.9238,21991226535.944054
bitcoin,2026-06-29 12:00:00+00:00,59873.128499639126,1200438444098.6,23075786232.93096
bitcoin,2026-06-29 13:00:00+00:00,59873.38409526365,1200446143270.476,25348471564.071453
bitcoin,2026-06-29 14:00:00+00:00,59462.6370628007,1192210769599.34,27616089435.11108
bitcoin,2026-06-29 15:00:00+00:00,59365.13500937605,1190255878193.6975,29219021854.17175
bitcoin,2026-06-29 16:00:00+00:00,59744.19571600544,1197855949080.1973,30500026093.42369
bitcoin,2026-06-29 17:00:00+00:00,59806.20817172398,1199099283066.1902,30005111134.68196
bitcoin,2026-06-29 18:00:00+00:00,60323.18225555364,1209469428636.5024,33085914373.519405
bitcoin,2026-06-29 19:00:00+00:00,60196.323375223656,1206927254224.728,32600607770.29106
bitcoin,2026-06-29 20:00:00+00:00,60354.671021014095,1210102100770.6794,33816774928.85684
bitcoin,2026-06-29 21:00:00+00:00,60215.197320995954,1207307179386.3037,32554245814.98039
bitcoin,2026-06-29 22:00:00+00:00,60402.64714144653,1211065524855.1104,32981642882.41016
bitcoin,2026-06-29 23:00:00+00:00,60281.3464547047,1208633461248.5222,31767897987.594948
bitcoin,2026-06-30 00:00:00+00:00,60152.35872063589,1206050822293.0742,32075473636.027355
bitcoin,2026-06-30 01:00:00+00:00,59767.17175595553,1198327849073.5725,31107223177.78043
bitcoin,2026-06-30 02:00:00+00:00,59862.80754837732,1200245340399.667,29685474363.20644
bitcoin,2026-06-30 03:00:00+00:00,59872.08214230162,1200433750151.0938,30307616402.00405
bitcoin,2026-06-30 04:00:00+00:00,59542.91070368883,1193834764179.854,29390223257.660465
bitcoin,2026-06-30 05:00:00+00:00,59410.93328983304,1191190103625.152,30552404937.364777
bitcoin,2026-06-30 06:00:00+00:00,59556.6672760408,1194112072234.6272,31763124605.995934
bitcoin,2026-06-30 07:00:00+00:00,59506.690074590304,1193110028595.8867,30148299692.19842
bitcoin,2026-06-30 08:00:00+00:00,59444.35261882023,1191860161672.635,31194407244.40568
bitcoin,2026-06-30 09:00:00+00:00,59219.27657117799,1187347383541.267,31460505767.86725
bitcoin,2026-06-30 10:00:00+00:00,59291.30537886767,1188797135598.583,30707559498.577908
bitcoin,2026-06-30 11:00:00+00:00,59273.70370530991,1188445879788.871,31441578493.47463
bitcoin,2026-06-30 12:00:00+00:00,59102.30929617585,1185009398404.6997,31409645465.041
bitcoin,2026-06-30 13:00:00+00:00,58354.751523708765,1170023155196.1318,31344486784.28707
bitcoin,2026-06-30 14:00:00+00:00,58637.80776689729,1175698483256.0732,32288655170.617985
bitcoin,2026-06-30 15:00:00+00:00,58418.595035353246,1171305390456.7651,30702888604.60942
bitcoin,2026-06-30 16:00:00+00:00,58297.40114420663,1168876184748.8037,31041526721.10886
bitcoin,2026-06-30 17:00:00+00:00,58410.110150264336,1171137311040.3374,32248813348.73441
bitcoin,2026-06-30 18:00:00+00:00,58348.74308469594,1169907411172.6123,31213388315.88309
bitcoin,2026-06-30 19:00:00+00:00,58590.96711307768,1174764065677.69,32094015222.141056
bitcoin,2026-06-30 20:00:00+00:00,58726.609030518965,1177483721253.644,32449086938.332645
bitcoin,2026-06-30 21:00:00+00:00,58657.09845015682,1176093124940.3606,32598422743.316338
bitcoin,2026-06-30 22:00:00+00:00,58559.8204976322,1174142671641.521,31967276754.14424
bitcoin,2026-06-30 23:00:00+00:00,58531.71165559294,1173579080588.675,32552640125.698887
bitcoin,2026-07-01 00:00:00+00:00,58566.091991843154,1174271521060.0322,32381442094.945057
bitcoin,2026-07-01 01:00:00+00:00,58488.33064390015,1172714951137.4314,32767074473.402878
bitcoin,2026-07-01 02:00:00+00:00,58692.75575097779,1176813758144.2068,34349726025.474693
bitcoin,2026-07-01 03:00:00+00:00,59002.68409332405,1183029777252.1484,35160431820.48832
bitcoin,2026-07-01 04:00:00+00:00,59111.52241823526,1185213688678.1086,35208647194.90427
bitcoin,2026-07-01 05:00:00+00:00,59252.024283421146,1188030816829.9585,35434877431.13716
bitcoin,2026-07-01 06:00:00+00:00,59071.99580170477,1184422283886.136,34328845886.77093
bitcoin,2026-07-01 07:00:00+00:00,58670.6438795296,1176376273142.3032,34519931558.38775
bitcoin,2026-07-01 08:00:00+00:00,58686.55352246424,1176696384625.668,34164728533.379623
bitcoin,2026-07-01 09:00:00+00:00,58900.19655196129,1180981512675.517,33565926312.5981
bitcoin,2026-07-01 10:00:00+00:00,58876.090975030114,1180499065669.0276,33884148949.701164
bitcoin,2026-07-01 11:00:00+00:00,58597.2812384871,1174908772087.41,34544657901.05252
bitcoin,2026-07-01 12:00:00+00:00,58552.03987293768,1174003296468.1648,34329771550.544983
bitcoin,2026-07-01 13:00:00+00:00,58466.31638576058,1172285249521.1787,33927994519.205643
bitcoin,2026-07-01 14:00:00+00:00,59369.823194566685,1190401111273.3877,33582939763.40496
bitcoin,2026-07-01 15:00:00+00:00,59474.50278094567,1192502974455.2932,35523969438.23491
bitcoin,2026-07-01 16:00:00+00:00,60097.65332644995,1204997553548.8638,36326112440.202034
bitcoin,2026-07-01 17:00:00+00:00,59859.63307601114,1200225090672.2205,35016861256.11077
bitcoin,2026-07-01 18:00:00+00:00,60132.02631906954,1205690903812.5046,35763313094.68005
bitcoin,2026-07-01 19:00:00+00:00,60110.64986395811,1205263793091.7078,35502124548.28673
bitcoin,2026-07-01 20:00:00+00:00,59964.56121333874,1202334605642.0354,35351779784.52889
bitcoin,2026-07-01 21:00:00+00:00,60070.715811022936,1204464406815.7634,35418841550.281044
bitcoin,2026-07-01 22:00:00+00:00,60752.609362644245,1218138966581.9917,36090868347.88375
bitcoin,2026-07-01 23:00:00+00:00,60414.93575482061,1211368337567.179,38474855033.25364
bitcoin,2026-07-02 00:00:00+00:00,59967.68504171813,1202400598943.6472,39101214529.08516
bitcoin,2026-07-02 01:00:00+00:00,59671.10632369665,1196455984532.7488,39366595557.81469
bitcoin,2026-07-02 02:00:00+00:00,60110.53566723984,1205266913309.726,38517155814.83995
bitcoin,2026-07-02 03:00:00+00:00,60380.948038546994,1210691566073.777,39218916513.58412
bitcoin,2026-07-02 04:00:00+00:00,60986.79956340131,1222841317128.1956,39368998013.83382
bitcoin,2026-07-02 05:00:00+00:00,60724.65258549942,1217585454642.905,39372852190.545685
bitcoin,2026-07-02 06:00:00+00:00,60445.667642886125,1211991911156.4424,40284711047.271904
bitcoin,2026-07-02 07:00:00+00:00,60219.30720218366,1207453173578.7876,40403894904.21196
bitcoin,2026-07-02 08:00:00+00:00,60068.10675003399,1204424106742.263,40720660246.84376
bitcoin,2026-07-02 09:00:00+00:00,60439.17593915768,1211865674999.347,41346956512.270325
bitcoin,2026-07-02 10:00:00+00:00,61129.96661963472,1225716716170.4294,42480654520.81811
bitcoin,2026-07-02 11:00:00+00:00,61190.2029479506,1226924514548.5457,44422748273.73055
bitcoin,2026-07-02 12:00:00+00:00,61248.1506993877,1228090467058.766,44676475916.17667
bitcoin,2026-07-02 13:00:00+00:00,61483.10370776356,1232802692575.7676,44890149863.404816
bitcoin,2026-07-02 14:00:00+00:00,61862.109920343966,1240402176843.7205,46320687906.554
bitcoin,2026-07-02 15:00:00+00:00,61615.360337227125,1235454580965.9285,44811784565.18887
bitcoin,2026-07-02 16:00:00+00:00,61566.95615214498,1234487103077.9148,43500320306.732994
bitcoin,2026-07-02 17:00:00+00:00,61619.43895049993,1235539442542.9766,43915259045.61346
bitcoin,2026-07-02 18:00:00+00:00,61623.97303877278,1235631711868.308,44185934750.48082
bitcoin,2026-07-02 19:00:00+00:00,61702.20472573427,1237200347393.021,44203324468.887634
bitcoin,2026-07-02 20:00:00+00:00,61410.534085238345,1231354286944.5903,43999991690.106255
bitcoin,2026-07-02 21:00:00+00:00,61512.28396724693,1233394493161.2222,44129562866.09467
bitcoin,2026-07-02 22:00:00+00:00,61522.488396772096,1233600457611.2175,43116935715.84771
bitcoin,2026-07-02 23:00:00+00:00,61420.88598142,1231564557300.7722,41137260036.259865
bitcoin,2026-07-03 00:00:00+00:00,61490.21448471664,1232955847657.318,40481809940.94352
bitcoin,2026-07-03 01:00:00+00:00,61244.96158505124,1228040118310.9526,39853513357.16698
bitcoin,2026-07-03 02:00:00+00:00,61524.84592972294,1233652158793.119,39333796811.93582
bitcoin,2026-07-03 03:00:00+00:00,61370.721912991874,1230562510811.0864,39249712469.09811
bitcoin,2026-07-03 04:00:00+00:00,61372.922385597325,1230607983342.931,38751926543.720245
bitcoin,2026-07-03 05:00:00+00:00,61385.848855822966,1230868342439.171,38258567351.71086
bitcoin,2026-07-03 06:00:00+00:00,61637.129158613294,1235908019577.3357,37707546271.82771
bitcoin,2026-07-03 07:00:00+00:00,61648.20968513286,1236131370475.231,37292024544.62198
bitcoin,2026-07-03 08:00:00+00:00,61692.74698665298,1237024404609.4988,36528290437.7338
bitcoin,2026-07-03 09:00:00+00:00,61523.625696609866,1233635935718.2656,36560814106.66588
bitcoin,2026-07-03 10:00:00+00:00,61657.116335437066,1236315695172.2937,34729062762.34481
bitcoin,2026-07-03 11:00:00+00:00,61853.14204458926,1240246298406.536,34200185610.712467
bitcoin,2026-07-03 12:00:00+00:00,61966.19342650479,1242514321931.046,33810488149.140656
bitcoin,2026-07-03 13:00:00+00:00,61909.42003256696,1241378035880.8372,32604441791.401043
bitcoin,2026-07-03 14:00:00+00:00,62038.19942330931,1243960258538.6746,30241835046.972904
bitcoin,2026-07-03 15:00:00+00:00,62104.404002514806,1245289748389.8376,28772207144.34399
bitcoin,2026-07-03 16:00:00+00:00,61872.418451229794,1240638077813.0122,28185108550.16789
bitcoin,2026-07-03 17:00:00+00:00,62047.36732826445,1244146074493.163,26333482732.031128
bitcoin,2026-07-03 18:00:00+00:00,62130.01626225223,1245805612784.0142,26043885909.36981
bitcoin,2026-07-03 19:00:00+00:00,62152.15621619773,1246252661670.959,25709531939.59719
bitcoin,2026-07-03 20:00:00+00:00,62165.18188405103,1246513847673.513,25334096534.536976
bitcoin,2026-07-03 21:00:00+00:00,62716.94597494935,1257578249758.593,25813316242.67877
bitcoin,2026-07-03 22:00:00+00:00,62681.82688022105,1256875370281.149,26778397298.167957
bitcoin,2026-07-03 23:00:00+00:00,62528.14702442605,1253795645689.6838,26154567763.52602
bitcoin,2026-07-04 00:00:00+00:00,62553.61289177051,1254308594105.5916,26816869526.90458
bitcoin,2026-07-04 01:00:00+00:00,62704.3067658101,1257330268035.3447,26647617200.74984
bitcoin,2026-07-04 02:00:00+00:00,62429.63933462092,1251822708942.6736,26118194986.753227
bitcoin,2026-07-04 03:00:00+00:00,62489.73170848853,1253027665419.1726,26017326984.73864
bitcoin,2026-07-04 04:00:00+00:00,62589.09527962781,1255023770371.66,25686067941.15712
bitcoin,2026-07-04 05:00:00+00:00,62613.61942787317,1255515523589.3494,25410743068.354706
bitcoin,2026-07-04 06:00:00+00:00,62408.38489507331,1251400202605.4917,24907948132.14643
bitcoin,2026-07-04 07:00:00+00:00,62449.200544392246,1252222001936.0718,24481441762.48762
bitcoin,2026-07-04 08:00:00+00:00,62526.39339463723,1253774113185.007,23960427464.315144
bitcoin,2026-07-04 09:00:00+00:00,62524.48528215764,1253735851870.032,23881955357.145973
bitcoin,2026-07-04 10:00:00+00:00,62443.65024571385,1252115953446.138,23769484244.208824
bitcoin,2026-07-04 11:00:00+00:00,62471.41302078319,1252673650322.0935,22682113654.712456
bitcoin,2026-07-04 12:00:00+00:00,62446.17804033453,1252167639755.886,22040183092.10094
bitcoin,2026-07-04 13:00:00+00:00,62610.467087953344,1255461955524.286,21952344425.076878
bitcoin,2026-07-04 14:00:00+00:00,62533.39119949431,1253920685933.3013,21119910637.455856
bitcoin,2026-07-04 15:00:00+00:00,62646.57265593047,1256190641061.0342,19554214819.103367
bitcoin,2026-07-04 16:00:00+00:00,62888.08024657894,1261033357306.407,19620875012.80316
bitcoin,2026-07-04 17:00:00+00:00,62879.845656620455,1260871569734.5146,19562064118.23237
bitcoin,2026-07-04 18:00:00+00:00,63256.71977920726,1268429438117.444,20201643098.77116
bitcoin,2026-07-04 19:00:00+00:00,63120.898396559314,1265705935528.663,20976574126.892742
bitcoin,2026-07-04 20:00:00+00:00,63258.8147617089,1268471446895.1155,20272558129.018063
bitcoin,2026-07-04 21:00:00+00:00,63197.56872356231,1267245547740.962,19719189695.672657
bitcoin,2026-07-04 22:00:00+00:00,63271.623170363455,1268731635654.2417,19129488001.192432
bitcoin,2026-07-04 23:00:00+00:00,63131.95881275811,1265934033185.6,18802832664.00874
bitcoin,2026-07-05 00:00:00+00:00,63088.40675385221,1265061539174.8157,19151546833.425976
bitcoin,2026-07-05 01:00:00+00:00,62929.72707763672,1261879662095.3684,18757313393.630627
bitcoin,2026-07-05 02:00:00+00:00,62844.86295924283,1260180903274.477,18481288886.72726
bitcoin,2026-07-05 03:00:00+00:00,62639.393574218106,1256060779798.615,18575813075.07272
bitcoin,2026-07-05 04:00:00+00:00,62720.59540140432,1257689059137.8098,17894745762.54797
bitcoin,2026-07-05 05:00:00+00:00,62786.136874299096,1259005259507.9072,18484941373.66887
bitcoin,2026-07-05 06:00:00+00:00,62700.45671202247,1257287553020.5508,18357431200.57833
bitcoin,2026-07-05 07:00:00+00:00,62722.27428833806,1257725045322.4756,18150634235.3041
bitcoin,2026-07-05 08:00:00+00:00,62969.83669149113,1262692763991.7654,18254597049.367325
bitcoin,2026-07-05 09:00:00+00:00,62879.03977754773,1260872073130.0308,18056586438.13516
bitcoin,2026-07-05 10:00:00+00:00,62574.24292024291,1254761183189.9192,17696295888.035126
bitcoin,2026-07-05 11:00:00+00:00,62700.43710738032,1257294245052.0332,18327552891.17974
bitcoin,2026-07-05 12:00:00+00:00,62615.85343605535,1255598139441.1562,18330536210.58722
bitcoin,2026-07-05 13:00:00+00:00,62689.07615655432,1257068186015.822,17960924863.764004
bitcoin,2026-07-05 14:00:00+00:00,62741.34155013367,1258118179039.052,18566626049.96634
bitcoin,2026-07-05 15:00:00+00:00,62756.42138871913,1258420566884.0134,18565064057.58141
bitcoin,2026-07-05 16:00:00+00:00,62696.17695063402,1257213520898.165,17209721705.1801
bitcoin,2026-07-05 17:00:00+00:00,62602.595999092286,1255336991206.8982,17552161246.927425
bitcoin,2026-07-05 18:00:00+00:00,62581.893946288765,1254921863810.6067,16830428503.87249
bitcoin,2026-07-05 19:00:00+00:00,62767.16962577402,1258640426401.583,16739179789.609072
bitcoin,2026-07-05 20:00:00+00:00,62728.9548434708,1257875691633.305,16640099060.167112
bitcoin,2026-07-05 21:00:00+00:00,62695.75651154013,1257209980322.7537,16336356798.85744
bitcoin,2026-07-05 22:00:00+00:00,63068.50865279426,1264686756720.4097,16225503159.323336
bitcoin,2026-07-05 23:00:00+00:00,63668.21410269457,1276713994134.2625,18594122475.091595
bitcoin,2026-07-06 00:00:00+00:00,63586.102141021256,1275068261445.5964,18666512398.727943
bitcoin,2026-07-06 01:00:00+00:00,63696.07447027232,1277274068589.1147,19436106235.931538
bitcoin,2026-07-06 02:00:00+00:00,63522.64409799275,1273797095081.0378,19580260441.654896
bitcoin,2026-07-06 03:00:00+00:00,63408.48442547964,1271507891580.6567,20250253868.81535
bitcoin,2026-07-06 04:00:00+00:00,63234.39503189186,1268019910615.2527,20075578062.886894
bitcoin,2026-07-06 05:00:00+00:00,63211.39355816194,1267559870140.4766,20668681560.35316
bitcoin,2026-07-06 06:00:00+00:00,63065.51605179482,1264634630518.0186,20534868780.2013
bitcoin,2026-07-06 07:00:00+00:00,62943.71176890432,1262193131412.2373,21456934574.90513
bitcoin,2026-07-06 08:00:00+00:00,63044.23797338123,1264210910418.862,21172209567.421783
bitcoin,2026-07-06 09:00:00+00:00,62848.62081922239,1260288246770.249,21455839029.050213
bitcoin,2026-07-06 10:00:00+00:00,62607.4038651037,1255451181322.593,21393746755.83405
bitcoin,2026-07-06 11:00:00+00:00,62772.74225667596,1258766672242.2393,22425983511.75523
bitcoin,2026-07-06 12:00:00+00:00,62551.26105739481,1254328303039.293,22707093797.62927
bitcoin,2026-07-06 13:00:00+00:00,61712.71972602406,1237513196398.3335,25057565380.305557
bitcoin,2026-07-06 14:00:00+00:00,61763.9936656863,1238543482739.0208,27822228352.33592
bitcoin,2026-07-06 15:00:00+00:00,61975.99786307116,1242794768988.508,30444848216.210304
bitcoin,2026-07-06 16:00:00+00:00,63477.65112600631,1272910165055.2273,32299377812.620068
bitcoin,2026-07-06 17:00:00+00:00,63675.187817081,1276871345999.702,35220225953.89295
bitcoin,2026-07-06 18:00:00+00:00,63535.075782781205,1274063855401.1248,36744996538.039696
bitcoin,2026-07-06 19:00:00+00:00,63659.34873329972,1276557100587.9353,37148527428.97733
bitcoin,2026-07-06 20:00:00+00:00,63689.1618357638,1277154940942.861,37536676516.74213
bitcoin,2026-07-06 21:00:00+00:00,63792.50090251683,1279228787860.6384,37150816453.90667
bitcoin,2026-07-06 22:00:00+00:00,64398.64423944632,1291384145372.934,39585735823.161446
bitcoin,2026-07-06 23:00:00+00:00,64196.23038644526,1287325146248.7056,37431932870.36472
bitcoin,2026-07-07 00:00:00+00:00,64001.23542391328,1283414917919.9055,36365921502.66741
bitcoin,2026-07-07 01:00:00+00:00,64151.162061268704,1286421392430.9216,35868053252.1112
bitcoin,2026-07-07 02:00:00+00:00,63804.11318082321,1279462031295.7656,36607897217.0987
bitcoin,2026-07-07 03:00:00+00:00,63280.03823930605,1268952771691.6953,36109590603.33859
bitcoin,2026-07-07 04:00:00+00:00,63140.06796689703,1266145951878.215,36258210246.78204
bitcoin,2026-07-07 05:00:00+00:00,63054.16725969786,1264423387487.8706,36578552725.68279
bitcoin,2026-07-07 06:00:00+00:00,63085.371890941584,1265049133053.2668,37299019879.98505
bitcoin,2026-07-07 07:00:00+00:00,63288.01510654113,1269112731579.031,38010445725.93462
bitcoin,2026-07-07 08:00:00+00:00,63041.41079150249,1264167582401.0864,37923639340.96639
bitcoin,2026-07-07 09:00:00+00:00,63048.7883684862,1264315524738.3909,37311261686.39442
bitcoin,2026-07-07 10:00:00+00:00,63203.06636407444,1267409256909.86,37177510715.04291
bitcoin,2026-07-07 11:00:00+00:00,63220.87798876061,1267766432903.1548,37226134459.52361
bitcoin,2026-07-07 12:00:00+00:00,63339.757439706766,1270150319085.474,37747444213.15703
bitcoin,2026-07-07 13:00:00+00:00,63414.18643335012,1271642841536.5637,35532446198.54111
bitcoin,2026-07-07 14:00:00+00:00,62970.75330369699,1262750689847.19,33179439963.335308
bitcoin,2026-07-07 15:00:00+00:00,63486.450632139335,1273091953419.2217,33283989416.718822
bitcoin,2026-07-07 16:00:00+00:00,63885.98684617264,1281103841532.6814,33584754642.9949
bitcoin,2026-07-07 17:00:00+00:00,63938.24971790085,1282151867383.824,32311952570.146435
bitcoin,2026-07-07 18:00:00+00:00,64130.92438715023,1286015566938.7163,32098506673.1823
bitcoin,2026-07-07 19:00:00+00:00,63649.08531438454,1276374966323.9712,32178664519.969467
bitcoin,2026-07-07 20:00:00+00:00,63764.63742843316,1278693763035.1836,32892535322.32736
bitcoin,2026-07-07 21:00:00+00:00,63660.31888175797,1276601828063.3557,33078425469.885998
bitcoin,2026-07-07 22:00:00+00:00,63380.96891436147,1271002717788.847,32045836381.75248
bitcoin,2026-07-07 23:00:00+00:00,63498.44034395726,1273358417123.146,31529934408.18952
bitcoin,2026-07-08 00:00:00+00:00,63335.30929080668,1270088861350.0464,31452448064.454205
bitcoin,2026-07-08 01:00:00+00:00,63569.06947062163,1274776549843.789,31568797189.16906
bitcoin,2026-07-08 02:00:00+00:00,62983.94974552543,1263045235088.608,31734708094.28084
bitcoin,2026-07-08 03:00:00+00:00,62935.47091052445,1262074074356.3074,32331941110.458565
bitcoin,2026-07-08 04:00:00+00:00,62714.05077430487,1257634649351.2534,31133034227.48644
bitcoin,2026-07-08 05:00:00+00:00,62751.416881466364,1258383969647.0637,31410352850.986843
bitcoin,2026-07-08 06:00:00+00:00,62584.734326976926,1255044096351.2498,30991019672.291443
bitcoin,2026-07-08 07:00:00+00:00,62602.93008779971,1255408985368.433,30401254558.1693
bitcoin,2026-07-08 08:00:00+00:00,62825.85352121147,1259880766621.7551,30327036531.960278
bitcoin,2026-07-08 09:00:00+00:00,61950.40109238474,1242324846322.1812,31278979826.49436
bitcoin,2026-07-08 10:00:00+00:00,62007.6886764349,1243475401395.7173,32733247483.42874
bitcoin,2026-07-08 11:00:00+00:00,62089.63587672095,1245119542314.3296,32900909376.016438
bitcoin,2026-07-08 12:00:00+00:00,62240.97912712117,1248154516445.0337,33093299816.329617
bitcoin,2026-07-08 13:00:00+00:00,61909.23376627462,1241505115169.3127,32707975879.321743
bitcoin,2026-07-08 14:00:00+00:00,61887.532843429006,1241071479993.4258,32261006728.93704
bitcoin,2026-07-08 15:00:00+00:00,61835.2666004988,1240023350580.4922,31256525264.44367
bitcoin,2026-07-08 16:00:00+00:00,61648.90217313566,1236287048286.8562,29813253698.59942
bitcoin,2026-07-08 17:00:00+00:00,62050.16078318395,1244336426200.63,29702263347.158585
bitcoin,2026-07-08 18:00:00+00:00,62051.67952546592,1244366882630.0674,29492302444.887547
bitcoin,2026-07-08 19:00:00+00:00,62140.09278066513,1246141637039.8923,29191767314.55168
bitcoin,2026-07-08 20:00:00+00:00,62214.856944880965,1247642742829.8303,28377211360.20053
bitcoin,2026-07-08 21:00:00+00:00,62063.36742051212,1244605923133.894,28182452402.926933
bitcoin,2026-07-08 22:00:00+00:00,62141.24462740812,1246167656520.4043,28395897071.14532
bitcoin,2026-07-08 23:00:00+00:00,62279.44155254896,1248940399198.1296,28100560622.365364
bitcoin,2026-07-09 00:00:00+00:00,62247.1304822092,1248292438971.084,27882580909.18117
bitcoin,2026-07-09 01:00:00+00:00,62074.7513623188,1244835579990.9392,27515612909.514446
bitcoin,2026-07-09 02:00:00+00:00,61866.13698405671,1240655159149.7805,26607951389.26862
bitcoin,2026-07-09 03:00:00+00:00,61747.47963915453,1238275620773.8535,26067897211.663525
bitcoin,2026-07-09 04:00:00+00:00,61936.94992457636,1242076223290.413,26480416205.510445
bitcoin,2026-07-09 05:00:00+00:00,62397.95769357908,1251323152566.7578,25233365337.81385
bitcoin,2026-07-09 06:00:00+00:00,62527.10404250948,1253913042083.329,26118202177.70996
bitcoin,2026-07-09 07:00:00+00:00,62879.77429398299,1260986843626.4314,26755620937.13974
bitcoin,2026-07-09 08:00:00+00:00,62957.59182427295,1262547391242.9094,27202866358.316116
bitcoin,2026-07-09 09:00:00+00:00,62856.90138006597,1260528151720.3518,26618681220.693226
bitcoin,2026-07-09 10:00:00+00:00,62897.43397465162,1261343757184.1162,25721694429.368755
bitcoin,2026-07-09 11:00:00+00:00,62734.91768766964,1258086415718.033,25952769822.129726
bitcoin,2026-07-09 12:00:00+00:00,62732.55716082812,1258040457814.8477,25795303938.818382
bitcoin,2026-07-09 13:00:00+00:00,62579.571400624045,1254972477096.1138,27544698669.190228
bitcoin,2026-07-09 14:00:00+00:00,62980.65637730707,1263018554617.119,27511331492.95741
bitcoin,2026-07-09 15:00:00+00:00,62964.90107487005,1262702596663.4204,26826942309.317352
bitcoin,2026-07-09 16:00:00+00:00,62833.95271257189,1260078371093.188,26388770347.2414
bitcoin,2026-07-09 17:00:00+00:00,62659.281125109286,1256576617478.1145,26014904290.93218
bitcoin,2026-07-09 18:00:00+00:00,63104.04351929872,1265496755365.7175,26244616201.27033
bitcoin,2026-07-09 19:00:00+00:00,63174.67227989274,1266914543625.828,26820061923.937496
bitcoin,2026-07-09 20:00:00+00:00,63196.25237644041,1267348704501.3018,27084954503.29974
bitcoin,2026-07-09 21:00:00+00:00,63278.65398628914,1269002339821.262,26898423722.643208
bitcoin,2026-07-09 22:00:00+00:00,63232.740987486606,1268081591682.067,26524881168.127525
bitcoin,2026-07-09 23:00:00+00:00,63178.57062817138,1266996070162.8982,26380417607.689877
bitcoin,2026-07-10 00:00:00+00:00,63192.8789720319,1267284402881.5332,26707343178.318974
bitcoin,2026-07-10 01:00:00+00:00,63060.68971102164,1264634395212.4275,26958405911.62388
bitcoin,2026-07-10 02:00:00+00:00,63705.539778777485,1277567203341.787,27486688490.96921
bitcoin,2026-07-10 03:00:00+00:00,63919.067360009634,1281850554581.1572,28057882023.29391
bitcoin,2026-07-10 04:00:00+00:00,63893.39412955135,1281336463278.138,27977358077.848373
bitcoin,2026-07-10 05:00:00+00:00,64007.68623491499,1283629918130.0315,28307654927.290302
bitcoin,2026-07-10 06:00:00+00:00,64073.35753728802,1284946910720.253,29201068012.58846
bitcoin,2026-07-10 07:00:00+00:00,63812.51057095239,1279718166118.5366,29004868079.09306
bitcoin,2026-07-10 08:00:00+00:00,63942.39969767464,1282323007607.4624,28571115856.47924
bitcoin,2026-07-10 09:00:00+00:00,64199.26056157696,1287475789227.5327,28455604804.69168
bitcoin,2026-07-10 10:00:00+00:00,64346.2641134911,1290424689497.37,28291415599.348507
bitcoin,2026-07-10 11:00:00+00:00,64362.02707335361,1290741385205.673,28270624265.564674
bitcoin,2026-07-10 12:00:00+00:00,64372.25109763776,1290946421806.709,28118254777.679253
bitcoin,2026-07-10 13:00:00+00:00,64251.86525079619,1288533955774.7373,26520196819.47985
bitcoin,2026-07-10 14:00:00+00:00,64455.32077729204,1292614976477.0315,26710981588.398056
bitcoin,2026-07-10 15:00:00+00:00,63886.32268429611,1281205255615.05,27144251053.05452
bitcoin,2026-07-10 16:00:00+00:00,63968.279968589326,1282850463327.9153,27098030710.543182
bitcoin,2026-07-10 17:00:00+00:00,64120.46916084442,1285903692304.2778,27334077417.17716
bitcoin,2026-07-10 18:00:00+00:00,63792.381398755584,1279325269647.065,26914276903.522182
bitcoin,2026-07-10 19:00:00+00:00,63763.11020385153,1278738250029.7937,26240558798.976448
bitcoin,2026-07-10 20:00:00+00:00,63869.78037660399,1280879448572.502,26760879435.74342
bitcoin,2026-07-10 21:00:00+00:00,63802.44067617916,1279531405945.452,27622155291.407864
bitcoin,2026-07-10 22:00:00+00:00,63967.12715930827,1282835340230.445,27804726751.936714
bitcoin,2026-07-10 23:00:00+00:00,64072.76853008213,1284954897073.2188,27995957686.552288
bitcoin,2026-07-11 00:00:00+00:00,64110.97482196822,1285721301995.1152,27782860991.65925
bitcoin,2026-07-11 01:00:00+00:00,64091.42507007665,1285329239130.2856,27277845097.96105
bitcoin,2026-07-11 02:00:00+00:00,63983.41083229639,1283165677848.8428,26607719760.57072
bitcoin,2026-07-11 03:00:00+00:00,64119.88800292327,1285902681376.4812,25794616346.946423
bitcoin,2026-07-11 04:00:00+00:00,64116.177010610685,1285830695094.694,25325519177.00273
bitcoin,2026-07-11 05:00:00+00:00,64099.097718901954,1285489969797.9993,24774045464.998814
bitcoin,2026-07-11 06:00:00+00:00,64119.14332692295,1285891979014.4548,23332251790.842888
bitcoin,2026-07-11 07:00:00+00:00,64171.49220064168,1286943233210.8186,22737955175.997627
bitcoin,2026-07-11 08:00:00+00:00,64118.557750593056,1285882607827.0725,22405406700.720707
bitcoin,2026-07-11 09:00:00+00:00,64220.063484455146,1287920079627.6067,21448898730.08706
bitcoin,2026-07-11 10:00:00+00:00,64118.78099581732,1285889906183.946,20492623488.749207
bitcoin,2026-07-11 11:00:00+00:00,64138.77369494904,1286291625611.7117,20267946483.825447
bitcoin,2026-07-11 12:00:00+00:00,64150.02623024641,1286518896943.5522,20174255097.22822
bitcoin,2026-07-11 13:00:00+00:00,64146.78145119195,1286454657307.47,19450074706.5698
bitcoin,2026-07-11 14:00:00+00:00,64192.25773940937,1287368090085.1838,18561351886.945766
bitcoin,2026-07-11 15:00:00+00:00,64308.18379414751,1289694773946.903,17441291752.094505
bitcoin,2026-07-11 16:00:00+00:00,64131.7633839745,1286157255861.0112,17658787182.186302
bitcoin,2026-07-11 17:00:00+00:00,64138.69597041778,1286297699364.9702,17354913214.953533
bitcoin,2026-07-11 18:00:00+00:00,64276.29407562891,1289057863872.034,16888226195.518852
bitcoin,2026-07-11 19:00:00+00:00,64286.08006045195,1289254121308.3608,16630516750.737944
bitcoin,2026-07-11 20:00:00+00:00,64246.76012590603,1288467360896.3228,15816483131.23431
bitcoin,2026-07-11 21:00:00+00:00,64350.0082390251,1290538771733.566,14746038114.88151
bitcoin,2026-07-11 22:00:00+00:00,64320.70483383847,1289951735442.6306,14538797444.236626
bitcoin,2026-07-11 23:00:00+00:00,64167.3886447212,1286878583454.6,14435332331.881342
bitcoin,2026-07-12 00:00:00+00:00,63791.35305345348,1279338966428.7214,14235365169.719538
bitcoin,2026-07-12 01:00:00+00:00,63794.808827211295,1279409420461.1492,16423080098.511066
bitcoin,2026-07-12 02:00:00+00:00,64098.58951330608,1285503366153.9463,16370104156.437729
bitcoin,2026-07-12 03:00:00+00:00,64044.49152163299,1284419450449.4,16991935017.11644
bitcoin,2026-07-12 04:00:00+00:00,64176.07178742682,1287058885001.5312,17381432768.072853
bitcoin,2026-07-12 05:00:00+00:00,63959.51578056909,1282716659554.4275,17508886006.6327
bitcoin,2026-07-12 06:00:00+00:00,63931.25081775874,1282149801937.761,17361662004.25619
bitcoin,2026-07-12 07:00:00+00:00,63732.78202850527,1278172479215.2205,17898790292.69556
bitcoin,2026-07-12 08:00:00+00:00,63846.42268902817,1280451563230.9668,17943894272.738174
bitcoin,2026-07-12 09:00:00+00:00,63946.18997435684,1282454588366.5708,19156858953.539917
bitcoin,2026-07-12 10:00:00+00:00,63928.82932428634,1282107631444.6245,21476484317.893147
bitcoin,2026-07-12 11:00:00+00:00,63836.37729646247,1280254250429.3696,21404493207.63667
bitcoin,2026-07-12 12:00:00+00:00,63974.39942915584,1283024365434.7617,21453763465.131657
bitcoin,2026-07-12 13:00:00+00:00,63990.10128142025,1283340230298.5586,21244245661.094208
bitcoin,2026-07-12 14:00:00+00:00,63989.353318877074,1283326637456.3752,21257985127.821777
bitcoin,2026-07-12 15:00:00+00:00,64156.60291455562,1286680880781.331,21088104141.99285
bitcoin,2026-07-12 16:00:00+00:00,64131.07432654836,1286171141494.9417,19923542159.24259
bitcoin,2026-07-12 17:00:00+00:00,64131.48964405464,1286179470832.891,19667201608.3031
bitcoin,2026-07-12 18:00:00+00:00,64044.46003908295,1284436623423.224,19521749092.69448
bitcoin,2026-07-12 19:00:00+00:00,64105.69548413126,1285664724155.4912,19452004209.795
bitcoin,2026-07-12 20:00:00+00:00,64194.12338748146,1287438180244.0618,18438989608.579247
bitcoin,2026-07-12 21:00:00+00:00,64160.78688783381,1286773004264.0984,18993818865.72129
bitcoin,2026-07-12 22:00:00+00:00,63850.6368710657,1280552808281.3564,19329936614.511147
bitcoin,2026-07-12 23:00:00+00:00,63852.35786520847,1280587323581.29,19465340307.287525
bitcoin,2026-07-13 00:00:00+00:00,63746.65595793199,1278471632284.2085,19015013213.72812
bitcoin,2026-07-13 01:00:00+00:00,63990.355421850014,1283359149076.1118,18190836346.222137
bitcoin,2026-07-13 02:00:00+00:00,63384.78719613907,1271216515312.3782,18987861037.31065
bitcoin,2026-07-13 03:00:00+00:00,63337.54152710261,1270268977623.7168,19286789209.928432
bitcoin,2026-07-13 04:00:00+00:00,62756.09650001006,1258607780136.3909,20029383185.64
bitcoin,2026-07-13 05:00:00+00:00,62637.64163789639,1256235861458.8447,20346103612.172478
bitcoin,2026-07-13 06:00:00+00:00,62764.83991341181,1258786899956.4614,21022638715.61296
bitcoin,2026-07-13 07:00:00+00:00,62759.26969068076,1258676378190.1594,20808764617.35856
bitcoin,2026-07-13 08:00:00+00:00,62955.57917357154,1262613487562.9607,21831275216.417152
bitcoin,2026-07-13 09:00:00+00:00,63156.822541053385,1266652706916.0408,22243212029.62942
bitcoin,2026-07-13 10:00:00+00:00,63053.49063611894,1264580883294.9604,20280797837.002647
bitcoin,2026-07-13 11:00:00+00:00,62840.612207305,1260313220333.3933,20819818614.301003
bitcoin,2026-07-13 12:00:00+00:00,62858.88070762003,1260681556739.6855,21256442787.20623
bitcoin,2026-07-13 13:00:00+00:00,62581.66225369816,1255123925031.15,21763080783.00319
bitcoin,2026-07-13 14:00:00+00:00,62276.90658596033,1249012747168.3572,23736066714.38976
bitcoin,2026-07-13 15:00:00+00:00,62741.16769743671,1258324499329.7542,25973147542.02173
bitcoin,2026-07-13 16:00:00+00:00,62573.58134965906,1254963420553.2363,27039375942.5277
bitcoin,2026-07-13 17:00:00+00:00,62217.025199934586,1247812960609.1504,28043857957.81969
bitcoin,2026-07-13 18:00:00+00:00,61858.794613329264,1240631448251.2751,29191378488.977547
bitcoin,2026-07-13 19:00:00+00:00,61961.396141226,1242689210335.761,29971599526.865627
bitcoin,2026-07-13 20:00:00+00:00,62219.801819354856,1247874309968.2046,30724051541.46573
bitcoin,2026-07-13 21:00:00+00:00,62156.85189451307,1246611792381.7205,31036414299.324158
bitcoin,2026-07-13 22:00:00+00:00,62015.41030205389,1243777720185.8364,31103482786.27055
bitcoin,2026-07-13 23:00:00+00:00,61864.28276488537,1240747333104.0994,31094146534.775608
bitcoin,2026-07-14 00:00:00+00:00,62278.96301585648,1249064515645.423,31361911542.918644
bitcoin,2026-07-14 01:00:00+00:00,62490.89535720629,1253316209957.1174,31100203332.363342
bitcoin,2026-07-14 02:00:00+00:00,62474.12797882117,1252981298165.621,30463441236.63304
bitcoin,2026-07-14 03:00:00+00:00,62487.93138383498,1253259888960.0671,30173222758.40264
bitcoin,2026-07-14 04:00:00+00:00,62512.573266577776,1253755857676.3066,29327725316.016373
bitcoin,2026-07-14 05:00:00+00:00,62680.6145141495,1257128045951.0886,29029915375.11653
bitcoin,2026-07-14 06:00:00+00:00,62660.62759870839,1256727186576.1792,28771505064.49396
bitcoin,2026-07-14 07:00:00+00:00,62550.38446654391,1254517516504.065,28896997086.136147
bitcoin,2026-07-14 08:00:00+00:00,62488.790189337466,1253282174781.8535,28408777256.122665
bitcoin,2026-07-14 09:00:00+00:00,62641.52409654752,1256346989169.1584,26292194940.861088
bitcoin,2026-07-14 10:00:00+00:00,62565.28272661055,1254820009028.2473,27323255331.304497
bitcoin,2026-07-14 11:00:00+00:00,62733.96981630304,1258204229888.1294,27079264204.36441
bitcoin,2026-07-14 12:00:00+00:00,62790.32956590777,1259335784581.7368,26859822135.49842
bitcoin,2026-07-14 13:00:00+00:00,63877.51299855975,1281142156404.617,29771394797.518085
bitcoin,2026-07-14 14:00:00+00:00,63784.228588189406,1279272434621.8738,29737223433.803707
bitcoin,2026-07-14 15:00:00+00:00,64210.675948758966,1287826525289.464,29066940384.908146
bitcoin,2026-07-14 16:00:00+00:00,64694.41520492543,1297530599674.546,31255105678.14068
bitcoin,2026-07-14 17:00:00+00:00,64696.43987454967,1297573018556.2468,31625230604.88613
bitcoin,2026-07-14 18:00:00+00:00,64584.78160690935,1295335178336.081,31465695260.006687
bitcoin,2026-07-14 19:00:00+00:00,64531.44203944014,1294265768330.7036,30877592607.32836
bitcoin,2026-07-14 20:00:00+00:00,64545.07505954235,1294539971617.0286,30729441984.617928
bitcoin,2026-07-14 21:00:00+00:00,64519.025752289024,1294019388098.2097,30919000449.8889
bitcoin,2026-07-14 22:00:00+00:00,64627.64828971589,1296199580849.0652,31021096319.759827
bitcoin,2026-07-14 23:00:00+00:00,64827.80673508109,1300215210597.17,31888520583.483547
bitcoin,2026-07-15 00:00:00+00:00,64983.51907427709,1303338246252.6511,32016409409.06845
bitcoin,2026-07-15 01:00:00+00:00,64792.86680266079,1299516513205.896,31010747363.75238
bitcoin,2026-07-15 02:00:00+00:00,64630.23506459283,1296255469379.9502,31239413180.835285
bitcoin,2026-07-15 03:00:00+00:00,64458.30869139724,1292808068269.0088,30670683538.00947
bitcoin,2026-07-15 04:00:00+00:00,64744.45009394039,1298547840242.5166,30849162169.02394
bitcoin,2026-07-15 05:00:00+00:00,64715.80648590516,1297974578974.558,31026163971.42703
bitcoin,2026-07-15 06:00:00+00:00,64879.81627741898,1301264046442.3584,31094098387.43359
bitcoin,2026-07-15 07:00:00+00:00,64783.19758395306,1299328607599.9902,31330086302.40008
bitcoin,2026-07-15 08:00:00+00:00,64530.52418233796,1294260846338.7056,31940278210.45278
bitcoin,2026-07-15 09:00:00+00:00,64716.71055190376,1297995105920.5752,32676796611.806618
bitcoin,2026-07-15 10:00:00+00:00,64616.81886670284,1295995498552.8403,32710910141.64644
bitcoin,2026-07-15 11:00:00+00:00,64612.437448741184,1295910206580.169,32470911258.78977
bitcoin,2026-07-15 12:00:00+00:00,64686.69008829031,1297400502106.7708,32686332569.545364
bitcoin,2026-07-15 13:00:00+00:00,65111.93308545047,1305931094322.3523,30720644397.59424
bitcoin,2026-07-15 14:00:00+00:00,65079.88440645864,1305289084252.5916,31500143684.95107
bitcoin,2026-07-15 15:00:00+00:00,65335.57680431788,1310418088694.0432,31859813764.22312
bitcoin,2026-07-15 16:00:00+00:00,65387.62159866124,1311463375661.8137,29763335276.062992
bitcoin,2026-07-15 17:00:00+00:00,65067.83032281296,1305049401030.5698,29798615040.092567
bitcoin,2026-07-15 18:00:00+00:00,65010.00907758148,1303890864776.9731,29509343684.942627
bitcoin,2026-07-15 19:00:00+00:00,64846.32255831918,1300609073824.4705,29730403254.77495
bitcoin,2026-07-15 20:00:00+00:00,64921.50814886572,1302118678462.7922,29844855609.59773
bitcoin,2026-07-15 21:00:00+00:00,64934.53379667073,1302379931471.0725,29759402718.9212
bitcoin,2026-07-15 22:00:00+00:00,64789.01717833582,1299463145670.1846,29448811445.60388
bitcoin,2026-07-15 23:00:00+00:00,64831.35339546887,1300314545627.805,28617595592.08602
bitcoin,2026-07-16 00:00:00+00:00,64717.16889113007,1298025137560.8176,28397592354.33993
bitcoin,2026-07-16 01:00:00+00:00,64545.16621464793,1294576137886.0708,28591193998.19783
bitcoin,2026-07-16 02:00:00+00:00,64692.94734170634,1297541592861.5537,28689329620.041943
bitcoin,2026-07-16 03:00:00+00:00,64607.59060256324,1295830180614.631,28726173520.72724
bitcoin,2026-07-16 04:00:00+00:00,64567.10396801394,1295018723961.5293,28569003982.416164
bitcoin,2026-07-16 05:00:00+00:00,64558.78293880414,1294853443522.5408,28650980125.36761
bitcoin,2026-07-16 06:00:00+00:00,64869.47791318373,1301086080593.079,28807743976.51296
bitcoin,2026-07-16 07:00:00+00:00,64723.389590961306,1298155989451.6775,28080398657.482903
bitcoin,2026-07-16 08:00:00+00:00,64182.02108745474,1287300144773.5225,27679278973.778538
bitcoin,2026-07-16 09:00:00+00:00,64079.39435103729,1285241758166.0364,30456168178.662304
bitcoin,2026-07-16 10:00:00+00:00,64049.4386090511,1284643753395.2476,32967390056.209908
bitcoin,2026-07-16 11:00:00+00:00,64174.59001587713,1287153923296.7986,33118872370.151207
bitcoin,2026-07-16 12:00:00+00:00,64204.48226389592,1287756299055.527,32798712224.05437
bitcoin,2026-07-16 13:00:00+00:00,63945.50978403995,1282563082927.2122,31632145008.682358
bitcoin,2026-07-16 14:00:00+00:00,64344.93626245921,1290574815802.795,30513059230.941154
bitcoin,2026-07-16 15:00:00+00:00,64498.6005411195,1293658105843.315,30428139151.047424
bitcoin,2026-07-16 16:00:00+00:00,64680.84237509046,1297313939771.127,29689391250.7057
bitcoin,2026-07-16 17:00:00+00:00,64449.77164733663,1292680090841.5825,28816105726.849968
bitcoin,2026-07-16 18:00:00+00:00,64037.21798936026,1284406264060.7087,28452841510.75446
bitcoin,2026-07-16 19:00:00+00:00,64215.01230594131,1287973344822.726,28028936769.154232
bitcoin,2026-07-16 20:00:00+00:00,64229.24851396149,1288259654045.2104,27914166910.6548
bitcoin,2026-07-16 21:00:00+00:00,64084.19634418356,1285350696430.0928,27612623417.41222
bitcoin,2026-07-16 22:00:00+00:00,64122.72102157659,1286124997350.97,27509122099.359547
bitcoin,2026-07-16 23:00:00+00:00,63923.90749911917,1282138369001.8755,27729224699.93819
bitcoin,2026-07-17 00:00:00+00:00,63792.28742743447,1279500217318.545,27825917044.490063
bitcoin,2026-07-17 01:00:00+00:00,63832.03953498378,1280297536748.516,27700873721.648605
bitcoin,2026-07-17 02:00:00+00:00,63496.16246760553,1273561769949.9917,27751767408.442432
bitcoin,2026-07-17 03:00:00+00:00,63445.3159894427,1272542688074.7888,28386414938.74092
bitcoin,2026-07-17 04:00:00+00:00,63524.34248366589,1274128954325.2764,28773163648.235477
bitcoin,2026-07-17 05:00:00+00:00,63443.60181922279,1272510907610.3992,28866481488.872
bitcoin,2026-07-17 06:00:00+00:00,62785.42339504521,1259310781568.1948,29190734686.571438
bitcoin,2026-07-17 07:00:00+00:00,62864.42105054535,1260896587321.524,30081087747.626102
bitcoin,2026-07-17 08:00:00+00:00,62780.84230106703,1259221408082.0564,30037198438.263027
bitcoin,2026-07-17 09:00:00+00:00,62841.96736320516,1260448424291.7395,27647748188.021984
bitcoin,2026-07-17 10:00:00+00:00,62950.34598737204,1262622787620.9556,25338373156.30888
bitcoin,2026-07-17 11:00:00+00:00,63133.918391769286,1266304780107.8088,25579526532.305126
bitcoin,2026-07-17 12:00:00+00:00,63266.07291378227,1268958055412.8025,25680005556.599533
bitcoin,2026-07-17 13:00:00+00:00,63058.534795407286,1264796561658.8816,25508173701.87598
bitcoin,2026-07-17 14:00:00+00:00,63099.81199700902,1265625804226.0603,26191170499.81469
bitcoin,2026-07-17 15:00:00+00:00,63133.988948750855,1266313518842.9514,26399794209.28408
bitcoin,2026-07-17 16:00:00+00:00,63394.666643039374,1271542076294.0942,26793624626.656727
bitcoin,2026-07-17 17:00:00+00:00,63553.746431086416,1274734607556.216,27110167034.748604
bitcoin,2026-07-17 18:00:00+00:00,64019.481206967976,1284076121945.1816,28024896182.613106
bitcoin,2026-07-17 19:00:00+00:00,64214.46280690094,1287986981764.2915,28727635907.03632
bitcoin,2026-07-17 20:00:00+00:00,64095.80335122859,1285609587692.6863,28998372917.467648
bitcoin,2026-07-17 21:00:00+00:00,64090.06109925434,1285494796296.298,29389603125.71103
bitcoin,2026-07-17 22:00:00+00:00,64069.77791683965,1285089565452.3665,29440830471.99953
bitcoin,2026-07-17 23:00:00+00:00,63944.348559784885,1282574322055.3977,29258864474.32138
bitcoin,2026-07-18 00:00:00+00:00,63904.95401494303,1281784159472.132,28871351366.178684
bitcoin,2026-07-18 01:00:00+00:00,63868.736178374245,1281059119351.4067,28428263875.161068
bitcoin,2026-07-18 02:00:00+00:00,63923.10865317489,1282150536432.786,27617050264.791885
bitcoin,2026-07-18 03:00:00+00:00,63923.85709721805,1282167721910.012,26980379555.081696
bitcoin,2026-07-18 04:00:00+00:00,63977.59077184214,1283245497662.4644,26855866556.725243
bitcoin,2026-07-18 05:00:00+00:00,63927.21379097044,1282236264197.4788,26540608477.121407
bitcoin,2026-07-18 06:00:00+00:00,63922.88070666809,1282150758566.1897,25288507899.62356
bitcoin,2026-07-18 07:00:00+00:00,63940.42546196371,1282504841294.8047,24188766632.27644
bitcoin,2026-07-18 08:00:00+00:00,63970.06911990153,1283100643555.0962,23095950732.13201
bitcoin,2026-07-18 09:00:00+00:00,63958.52305482664,1282869054567.7473,22377245451.70357
bitcoin,2026-07-18 10:00:00+00:00,63947.24096666728,1282645318273.6047,22055364426.52195
bitcoin,2026-07-18 11:00:00+00:00,63976.135396909325,1283226094487.9077,21854086903.81816
bitcoin,2026-07-18 12:00:00+00:00,64028.76894030294,1284284245246.926,21591010492.52733
bitcoin,2026-07-18 13:00:00+00:00,64176.7216305466,1287252639332.041,21623194700.282955
bitcoin,2026-07-18 14:00:00+00:00,64065.752897134575,1285027668323.0803,19961943667.087517
bitcoin,2026-07-18 15:00:00+00:00,64087.72124536932,1285469654195.7017,18446410891.88969
bitcoin,2026-07-18 16:00:00+00:00,64080.70175689081,1285330715839.7158,17566025425.59758
bitcoin,2026-07-18 17:00:00+00:00,64258.050167853886,1288888934137.5657,16756246130.844784
bitcoin,2026-07-18 18:00:00+00:00,64438.1962187529,1292504110598.183,15948955576.436457
bitcoin,2026-07-18 19:00:00+00:00,64475.039170875134,1293245171317.3513,15532434513.79978
bitcoin,2026-07-18 20:00:00+00:00,64523.54700498384,1294220145321.9485,14943095014.56216
bitcoin,2026-07-18 21:00:00+00:00,64650.143577498166,1296760208594.4004,15215865667.035608
bitcoin,2026-07-18 22:00:00+00:00,64694.949440125245,1297658929874.0662,15404310146.86599
bitcoin,2026-07-18 23:00:00+00:00,64769.13644793835,1299148406551.85,15468350307.18616
bitcoin,2026-07-19 00:00:00+00:00,64795.70382303786,1299683566530.6624,15451966881.20787
bitcoin,2026-07-19 01:00:00+00:00,64741.96331923643,1298606989682.055,15562364099.447
bitcoin,2026-07-19 02:00:00+00:00,64728.75259336299,1298342006353.183,15430914504.50795
bitcoin,2026-07-19 03:00:00+00:00,64796.94679341347,1299712515658.6772,15744201329.500982
bitcoin,2026-07-19 04:00:00+00:00,64665.03191583571,1297066535780.3967,15783023751.361649
bitcoin,2026-07-19 05:00:00+00:00,64677.74110835372,1297323917530.1638,15523403990.723558
bitcoin,2026-07-19 06:00:00+00:00,64685.22156014434,1297475320878.957,15513872618.026983
bitcoin,2026-07-19 07:00:00+00:00,64667.0250362148,1297112592961.683,15470926190.41314
bitcoin,2026-07-19 08:00:00+00:00,64657.52059343849,1296924536003.329,15517780964.483047
bitcoin,2026-07-19 09:00:00+00:00,64666.907888415386,1297114899189.7148,15700117223.717367
bitcoin,2026-07-19 10:00:00+00:00,64478.896387868444,1293345494152.2085,15742909167.864742
bitcoin,2026-07-19 11:00:00+00:00,64535.193858915285,1294476540076.104,16006014995.11276
bitcoin,2026-07-19 12:00:00+00:00,64420.93665855162,1292186327230.571,15616414309.48146
bitcoin,2026-07-19 13:00:00+00:00,64395.7372606245,1291682089029.4482,16164636295.341358
bitcoin,2026-07-19 14:00:00+00:00,64438.34416403259,1292537879619.475,16431213929.932323
bitcoin,2026-07-19 15:00:00+00:00,64551.82546151633,1294815760403.7966,16696108114.540638
bitcoin,2026-07-19 16:00:00+00:00,64530.81329125877,1294395706498.0178,16770326816.783188
bitcoin,2026-07-19 17:00:00+00:00,64495.851898628986,1293694624514.1345,16841228284.257263
bitcoin,2026-07-19 18:00:00+00:00,64507.764089738346,1293935436770.4255,16758501744.52143
bitcoin,2026-07-19 19:00:00+00:00,64362.75258907467,1291026709083.2131,16364870573.995522
bitcoin,2026-07-19 20:00:00+00:00,64412.03820642269,1292017692812.764,16275981823.932072
bitcoin,2026-07-19 21:00:00+00:00,64488.94201917912,1293561116833.007,15731430707.851955
bitcoin,2026-07-19 22:00:00+00:00,64366.93654623212,1291115010357.9368,15479426988.807608
bitcoin,2026-07-19 23:00:00+00:00,64628.105245044986,1296354740629.1,16019000289.638033
bitcoin,2026-07-20 00:00:00+00:00,64670.40117470696,1297204952087.9087,16372745607.748148
bitcoin,2026-07-20 01:00:00+00:00,64516.54867392114,1294118869084.166,17039602829.618448
bitcoin,2026-07-20 02:00:00+00:00,64575.1232294533,1295295219876.8247,17507894039.019524
bitcoin,2026-07-20 03:00:00+00:00,64787.12879677198,1299549208475.0227,17420817795.6126
bitcoin,2026-07-20 04:00:00+00:00,64798.492031713264,1299777529623.0327,17618852215.2563
bitcoin,2026-07-20 05:00:00+00:00,64512.06657755382,1294033415336.5715,17779012066.459908
bitcoin,2026-07-20 06:00:00+00:00,64079.84852452111,1285365442302.3008,18566203404.700077
bitcoin,2026-07-20 07:00:00+00:00,63863.59189319958,1281029188429.436,19534561202.93368
bitcoin,2026-07-20 08:00:00+00:00,64213.42874977493,1288048113198.2815,20388171798.342857
bitcoin,2026-07-20 09:00:00+00:00,64003.0755436386,1283829243923.8748,22829326627.48571
bitcoin,2026-07-20 10:00:00+00:00,64152.84876195758,1286834744044.197,23162018411.579712
bitcoin,2026-07-20 11:00:00+00:00,64256.83847030308,1288922268274.0242,23011828371.69461
bitcoin,2026-07-20 12:00:00+00:00,64925.43876258116,1302335480612.2898,24292646718.963757
bitcoin,2026-07-20 13:00:00+00:00,64597.58237740202,1295760062614.6824,24756610795.05127
bitcoin,2026-07-20 14:00:00+00:00,64283.72489397271,1289466016257.4255,25449650555.54802
bitcoin,2026-07-20 15:00:00+00:00,64356.35915265528,1290924980519.422,26237549267.920765
bitcoin,2026-07-20 16:00:00+00:00,65552.03421705609,1314910876441.2969,28723782943.666195
bitcoin,2026-07-20 17:00:00+00:00,65437.07651339634,1312606178569.7314,30502846668.026897
bitcoin,2026-07-20 18:00:00+00:00,65540.29187479032,1314677630238.3096,30892815115.613403
bitcoin,2026-07-20 19:00:00+00:00,65189.166663755714,1307634383295.7756,31466620000.131203
bitcoin,2026-07-20 20:00:00+00:00,65104.567017052825,1305940387447.6716,32522192395.60661
bitcoin,2026-07-20 21:00:00+00:00,65315.77008131344,1310176935269.246,33080867499.9934
bitcoin,2026-07-20 22:00:00+00:00,65240.7911290319,1308674554412.756,33144518252.922035
bitcoin,2026-07-20 23:00:00+00:00,65095.60930514884,1305762786680.2043,32458603273.15899
bitcoin,2026-07-21 00:00:00+00:00,65184.92144270268,1307555290285.9756,32520098295.98486
bitcoin,2026-07-21 01:00:00+00:00,65526.63297459344,1314409739311.7097,32447286375.196724
bitcoin,2026-07-21 02:00:00+00:00,65194.40732020046,1307745569096.3308,32236202987.72245
bitcoin,2026-07-21 03:00:00+00:00,65372.455527077975,1311318506184.2073,32115700384.96568
bitcoin,2026-07-21 04:00:00+00:00,65516.68247383258,1314213612929.4346,32485329836.47119
bitcoin,2026-07-21 05:00:00+00:00,65470.7885127282,1313293670528.9614,32885717465.555416
bitcoin,2026-07-21 06:00:00+00:00,65705.84258689471,1318008674500.1584,32555876444.936893
bitcoin,2026-07-21 07:00:00+00:00,65863.05067368706,1321165638569.88,32349922096.14713
bitcoin,2026-07-21 08:00:00+00:00,66144.10625273176,1326803412249.7222,33152664500.45583
bitcoin,2026-07-21 09:00:00+00:00,66176.76995730515,1327460277195.5007,31426033686.08472
bitcoin,2026-07-21 10:00:00+00:00,66259.96368444791,1329129880994.683,31405227931.28557
bitcoin,2026-07-21 11:00:00+00:00,66147.22146767423,1326869208592.0476,32205533068.052475
bitcoin,2026-07-21 12:00:00+00:00,66290.24577207127,1329738976367.0146,31649106143.42858
bitcoin,2026-07-21 13:00:00+00:00,66508.46205728622,1334117715521.1414,31457583164.247845
bitcoin,2026-07-21 14:00:00+00:00,66727.93345004696,1338521440784.737,31817839466.97778
bitcoin,2026-07-21 15:00:00+00:00,66803.0023102409,1340027676921.0305,32986888618.252674
bitcoin,2026-07-21 16:00:00+00:00,66653.6645601238,1337034385179.955,31360904587.96316
bitcoin,2026-07-21 17:00:00+00:00,66516.61188074276,1334285985025.0464,30783081169.527588
bitcoin,2026-07-21 18:00:00+00:00,66175.68149701797,1327448766840.5796,30304123700.79861
bitcoin,2026-07-21 19:00:00+00:00,66282.65838597127,1329594666000.3472,30825571999.551743
bitcoin,2026-07-21 20:00:00+00:00,66410.97769455807,1332170741420.077,30567915389.56782
bitcoin,2026-07-21 21:00:00+00:00,66357.02409226363,1331089720134.1238,30466041946.816643
bitcoin,2026-07-21 22:00:00+00:00,66338.34521781663,1330716689430.6016,30736333001.85957
bitcoin,2026-07-21 23:00:00+00:00,66264.36028989237,1329233447246.1914,30840496593.79069
bitcoin,2026-07-22 00:00:00+00:00,66520.98164575922,1334382819959.6755,30875118859.10153
bitcoin,2026-07-22 01:00:00+00:00,66608.6028542205,1336140464425.2588,31314849037.09962
bitcoin,2026-07-22 02:00:00+00:00,66378.16513308052,1331520835245.0098,31574333652.271805
bitcoin,2026-07-22 03:00:00+00:00,66273.30427757863,1329418625418.6875,31719081034.339108
bitcoin,2026-07-22 04:00:00+00:00,66165.6543167303,1327259602951.9817,31463584929.47815
bitcoin,2026-07-22 05:00:00+00:00,66336.76238504669,1330693031618.3506,31573580457.45915
bitcoin,2026-07-22 06:00:00+00:00,65940.27454428056,1322739619545.4722,31494924156.744293
bitcoin,2026-07-22 07:00:00+00:00,65895.48564329921,1321842223658.205,31398198793.787907
bitcoin,2026-07-22 08:00:00+00:00,65809.93941023071,1320127641587.405,31521576386.41228
bitcoin,2026-07-22 09:00:00+00:00,65940.90781431843,1322754828482.8833,32073488728.088856
bitcoin,2026-07-22 10:00:00+00:00,65885.38520328223,1321641456874.5918,33489058284.33457
bitcoin,2026-07-22 11:00:00+00:00,65995.09306174285,1323844012123.8071,33098722732.837734
bitcoin,2026-07-22 12:00:00+00:00,65966.71458499001,1323275341129.2512,33073570124.44195
bitcoin,2026-07-22 13:00:00+00:00,65589.33695518678,1315705242861.4492,32556706056.08094
bitcoin,2026-07-22 14:00:00+00:00,65904.713741556,1322033070047.884,31424062550.15953
bitcoin,2026-07-22 15:00:00+00:00,65754.18601259236,1319014571245.866,30994236414.562862
bitcoin,2026-07-22 16:00:00+00:00,66006.98530857396,1324086923892.932,30746519413.28768
bitcoin,2026-07-22 17:00:00+00:00,66196.17192998689,1327883161212.2456,30844284366.74812
bitcoin,2026-07-22 18:00:00+00:00,65992.28860844017,1323794948695.9983,29955140352.65309
bitcoin,2026-07-22 19:00:00+00:00,65865.87837487298,1321259179257.047,29662034029.253136
bitcoin,2026-07-22 20:00:00+00:00,65886.78165545003,1321680604160.6206,29194795393.89895
bitcoin,2026-07-22 21:00:00+00:00,65888.67421297851,1321719359292.1628,29149687337.813797
bitcoin,2026-07-22 22:00:00+00:00,66030.11262485114,1324557192122.801,29029273922.45662
bitcoin,2026-07-22 23:00:00+00:00,66004.18435026078,1324037073631.0588,28879545295.443268
bitcoin,2026-07-23 00:00:00+00:00,66077.05646514206,1325502184529.7004,28939202566.320488
bitcoin,2026-07-23 01:00:00+00:00,66029.67860238874,1324551787161.2737,28801826245.91511
bitcoin,2026-07-23 02:00:00+00:00,65794.55194410743,1319837461902.308,28877483108.90657
bitcoin,2026-07-23 03:00:00+00:00,65772.28356313553,1319390758603.1108,28784334447.082825
bitcoin,2026-07-23 04:00:00+00:00,65626.22165913803,1316462203360.974,28638078045.724136
bitcoin,2026-07-23 05:00:00+00:00,65575.31845132985,1315442724242.5933,28350678039.26656
bitcoin,2026-07-23 06:00:00+00:00,65659.14234800522,1317124233956.9705,27747469955.590057
bitcoin,2026-07-23 07:00:00+00:00,65744.92147874119,1318847201048.68,27063578932.102707
bitcoin,2026-07-23 08:00:00+00:00,65398.20892964549,1311892125817.6423,25676157219.572216
bitcoin,2026-07-23 09:00:00+00:00,65612.71775530875,1316196826477.9382,24831290113.385967
bitcoin,2026-07-23 10:00:00+00:00,65610.54474665411,1316153235735.2744,23345853803.81056
bitcoin,2026-07-23 11:00:00+00:00,65693.05796071362,1317810691551.9285,23094672316.16272
bitcoin,2026-07-23 12:00:00+00:00,65529.112191747015,1314522574880.1423,22200323357.00604
bitcoin,2026-07-23 13:00:00+00:00,65113.664574500224,1306189227277.515,22566543975.77023
bitcoin,2026-07-23 14:00:00+00:00,64867.53789025435,1301251891533.807,23438981662.462868
bitcoin,2026-07-23 15:00:00+00:00,64862.99911001275,1301163891527.6897,23483313916.160976
bitcoin,2026-07-23 16:00:00+00:00,64914.04659895385,1302188757584.334,24061584251.590626
bitcoin,2026-07-23 17:00:00+00:00,64748.26972143978,1298864858972.7693,24191117887.57264
bitcoin,2026-07-23 18:00:00+00:00,64623.597308365934,1296365517905.1477,24449685399.29155
bitcoin,2026-07-23 19:00:00+00:00,64821.7238066609,1300340568388.0835,24546577377.32733
bitcoin,2026-07-23 20:00:00+00:00,64804.78307554462,1300002547468.1675,24922876085.998714
bitcoin,2026-07-23 21:00:00+00:00,65101.4906116264,1305955627420.8809,25175899544.001587
bitcoin,2026-07-23 22:00:00+00:00,65109.65311337383,1306120802091.541,25226618139.682976
bitcoin,2026-07-23 23:00:00+00:00,65155.99415120573,1307051395711.1985,25544786621.21796
bitcoin,2026-07-24 00:00:00+00:00,65052.47667067735,1304974799855.8557,25573855466.75085
bitcoin,2026-07-24 01:00:00+00:00,64924.633922484274,1302412048750.318,25093307643.708466
bitcoin,2026-07-24 02:00:00+00:00,65041.877535383785,1304765624817.6702,24609453067.224297
bitcoin,2026-07-24 03:00:00+00:00,65064.34901166502,1305218883908.4243,24629790999.37348
bitcoin,2026-07-24 04:00:00+00:00,65405.69476230466,1312068258145.7273,24796769687.986137
bitcoin,2026-07-24 05:00:00+00:00,65245.01249667239,1308846137799.2214,24419855208.105198
bitcoin,2026-07-24 06:00:00+00:00,65264.237508624734,1309233432334.479,24604340606.66815
bitcoin,2026-07-24 07:00:00+00:00,65430.879449839886,1312578381853.4143,25281231923.122257
bitcoin,2026-07-24 08:00:00+00:00,65458.75252141682,1313139363398.5383,25979767819.54889
bitcoin,2026-07-24 09:00:00+00:00,65269.53680827472,1309344177279.5083,25738401942.14382
bitcoin,2026-07-24 10:00:00+00:00,65070.61232173855,1305355720753.3052,25865556615.226517
bitcoin,2026-07-24 11:00:00+00:00,64903.30115371774,1302001175126.6057,26107582899.853737
bitcoin,2026-07-24 12:00:00+00:00,65032.78728397135,1304600179326.5618,26708151232.992607
bitcoin,2026-07-24 13:00:00+00:00,64730.18213338545,1298530887547.9236,25725861755.6614
bitcoin,2026-07-24 14:00:00+00:00,64058.33759078002,1285054260148.9722,26569753114.84049
bitcoin,2026-07-24 15:00:00+00:00,63969.19709808866,1283266424441.2476,27234442821.560505
bitcoin,2026-07-24 16:00:00+00:00,64064.71872762239,1285183679561.6829,28311768609.79257
bitcoin,2026-07-24 17:00:00+00:00,63923.958735543565,1282361148876.9634,28041748735.071056
bitcoin,2026-07-24 18:00:00+00:00,64120.17271325615,1286298498276.7625,27990656484.569847
bitcoin,2026-07-24 19:00:00+00:00,64211.28566501393,1288127319439.8562,27798590950.03889
bitcoin,2026-07-24 20:00:00+00:00,64167.41110956916,1287248766610.5005,27595036967.42894
bitcoin,2026-07-24 21:00:00+00:00,64116.23612239223,1286223181952.7944,27201299816.487045
bitcoin,2026-07-24 22:00:00+00:00,64079.32321354111,1285483832787.993,27352538535.149853
bitcoin,2026-07-24 23:00:00+00:00,64113.07150941288,1286161877119.6758,27208111987.23901
bitcoin,2026-07-25 00:00:00+00:00,64092.64739795451,1285752729182.6665,26949656279.25039
bitcoin,2026-07-25 01:00:00+00:00,64020.22518316272,1284301286729.7031,26812781110.574905
bitcoin,2026-07-25 02:00:00+00:00,64019.79077565233,1284293020276.5144,26544845828.05578
bitcoin,2026-07-25 03:00:00+00:00,63970.53230108016,1283306451438.739,26341356569.644253
bitcoin,2026-07-25 04:00:00+00:00,64033.81262421634,1284576487977.455,26173771430.60311
bitcoin,2026-07-25 05:00:00+00:00,64123.79184598196,1286382771309.2312,25877669296.041847
bitcoin,2026-07-25 06:00:00+00:00,63971.213584316094,1283322677442.15,25699660012.133068
bitcoin,2026-07-25 07:00:00+00:00,63959.37383969315,1283085992507.514,25039275999.42317
bitcoin,2026-07-25 08:00:00+00:00,63962.54876555473,1283149684546.0017,23969420762.480843
bitcoin,2026-07-25 09:00:00+00:00,63813.4017646811,1280160397547.6604,24012168024.305843
bitcoin,2026-07-25 10:00:00+00:00,63938.29547778731,1282667744037.278,24777391949.10018
bitcoin,2026-07-25 11:00:00+00:00,64000.26301814779,1283911452416.0054,24384659770.958214
bitcoin,2026-07-25 12:00:00+00:00,64009.25225473148,1284092553907.772,23760133141.0733
bitcoin,2026-07-25 13:00:00+00:00,64062.99569832132,1285173137995.6626,23117270905.6476
bitcoin,2026-07-25 14:00:00+00:00,64116.01131521579,1286237714595.6753,20629570873.15826
bitcoin,2026-07-25 15:00:00+00:00,64160.57983557727,1287133412153.995,18858727544.233227
bitcoin,2026-07-25 16:00:00+00:00,64131.63826927784,1286554158539.17,16655543432.324793
bitcoin,2026-07-25 17:00:00+00:00,64151.36864413048,1286950998891.6218,16007392698.702602
bitcoin,2026-07-25 18:00:00+00:00,64203.34603805773,1287994753065.0708,15574213286.815706
bitcoin,2026-07-25 19:00:00+00:00,64366.74348911011,1291274114483.7356,15488900691.570084
bitcoin,2026-07-25 20:00:00+00:00,64342.35425425845,1290786188354.969,15137087666.879095
bitcoin,2026-07-25 21:00:00+00:00,64284.54997918405,1289627206863.4563,15006490078.233849
bitcoin,2026-07-25 22:00:00+00:00,64296.444226573774,1289867427519.0186,14451366240.601324
bitcoin,2026-07-25 23:00:00+00:00,64360.90718944741,1291161214767.9097,14634174233.826096
bitcoin,2026-07-26 00:00:00+00:00,64318.24520120312,1290305361316.3142,14475620140.07091
bitcoin,2026-07-26 01:00:00+00:00,64445.76561152186,1292864613192.877,14495322601.696796
bitcoin,2026-07-26 02:00:00+00:00,64412.03401837945,1292189524525.1196,14362198441.540936
bitcoin,2026-07-26 03:00:00+00:00,64471.738132038525,1293388685396.932,14134607095.61865
bitcoin,2026-07-26 04:00:00+00:00,64494.02610156758,1293837424014.761,13985237410.309534
bitcoin,2026-07-26 05:00:00+00:00,64474.84703500464,1293453052839.3137,14138134033.038391
bitcoin,2026-07-26 06:00:00+00:00,64372.81001842152,1291408690903.5613,14176230138.335833
bitcoin,2026-07-26 07:00:00+00:00,64384.6094796416,1291647014230.119,14301403715.461063
bitcoin,2026-07-26 08:00:00+00:00,64321.80195692713,1290388806834.2017,14079470012.679283
bitcoin,2026-07-26 09:00:00+00:00,64432.95709712848,1292619706949.4158,13717568309.998589
bitcoin,2026-07-26 10:00:00+00:00,64491.05682150145,1293786111094.4717,12320932689.21993
bitcoin,2026-07-26 11:00:00+00:00,64472.25858372386,1293409570854.7903,12221639918.049017
bitcoin,2026-07-26 12:00:00+00:00,64462.43247949253,1293213669349.2317,12327992840.059324
bitcoin,2026-07-26 13:00:00+00:00,64421.51106640932,1292393754796.5474,12480752296.399569
bitcoin,2026-07-26 14:00:00+00:00,64470.58891761988,1293380136512.044,12502422196.21794
bitcoin,2026-07-26 15:00:00+00:00,64663.20216245731,1297244451321.4585,12864823019.846249
bitcoin,2026-07-26 16:00:00+00:00,64716.98944020147,1298324931579.778,13023249977.721664
bitcoin,2026-07-26 17:00:00+00:00,64689.38557208252,1297772577592.8906,13365668196.460482
bitcoin,2026-07-26 18:00:00+00:00,64636.9706844601,1296722214548.8372,13436626145.72052
bitcoin,2026-07-26 19:00:00+00:00,64689.55972728354,1297777688663.8645,13184468334.691204
bitcoin,2026-07-26 20:00:00+00:00,64645.796877591536,1296901350929.3342,13114589685.610888
bitcoin,2026-07-26 21:00:00+00:00,64601.093403176994,1296005106881.6863,12995977804.6383
bitcoin,2026-07-26 22:00:00+00:00,64804.9257925399,1300095554063.8303,13204952588.63202
bitcoin,2026-07-26 23:00:00+00:00,65362.00088792891,1311273245385.369,14330270823.408669
bitcoin,2026-07-27 00:00:00+00:00,65343.82451084589,1310910033816.3235,14859985103.945751
bitcoin,2026-07-27 01:00:00+00:00,65061.84727266469,1305254059089.45,15217043309.344688
bitcoin,2026-07-27 02:00:00+00:00,65150.49424283988,1307033709682.224,15588342045.998026
bitcoin,2026-07-27 03:00:00+00:00,65128.267600151485,1306587804066.5503,16032649199.51282
bitcoin,2026-07-27 04:00:00+00:00,65224.027021430855,1308510341714.1091,16317796701.448284
bitcoin,2026-07-27 05:00:00+00:00,65236.69418313821,1308765707073.3647,16571721843.852827
bitcoin,2026-07-27 06:00:00+00:00,65408.21549691101,1312206733880.576,16750058877.910145
bitcoin,2026-07-27 07:00:00+00:00,65365.46977863269,1311351007934.5366,17432508084.535988
bitcoin,2026-07-27 08:00:00+00:00,65182.61297577938,1307683543397.6875,18269945164.990944
bitcoin,2026-07-27 09:00:00+00:00,65114.73417707798,1306322811227.222,18993649799.3611
bitcoin,2026-07-27 10:00:00+00:00,65210.561170727895,1308246713782.047,20259228590.41697
bitcoin,2026-07-27 11:00:00+00:00,65286.66679203276,1309775168095.0833,20676503854.76289
bitcoin,2026-07-27 12:00:00+00:00,65066.99726006093,1305370195011.5068,20833262899.39836
bitcoin,2026-07-27 13:00:00+00:00,65029.765058746285,1304624285298.9053,21359183724.71616
bitcoin,2026-07-27 14:00:00+00:00,65170.16366825476,1307442976300.3994,22694405462.613125
bitcoin,2026-07-27 15:00:00+00:00,64612.43209030783,1296253772634.139,23744292424.82082
bitcoin,2026-07-27 16:00:00+00:00,64497.61966783305,1293952406733.2207,24308065812.296062
bitcoin,2026-07-27 17:00:00+00:00,64834.73020663724,1300716172778.002,24789886455.69305
bitcoin,2026-07-27 18:00:00+00:00,64964.08618599985,1303311316057.942,25027620784.450687
bitcoin,2026-07-27 19:00:00+00:00,64804.26750163853,1300107426895.2598,25425901815.84488
bitcoin,2026-07-27 20:00:00+00:00,64907.15537511792,1302172608615.2012,25588773054.649944
bitcoin,2026-07-27 21:00:00+00:00,64898.36836214344,1301997750613.263,25747046039.30458
bitcoin,2026-07-27 22:00:00+00:00,64757.26716845599,1299166963932.0825,25610357319.33008
bitcoin,2026-07-27 23:00:00+00:00,63750.48461114216,1278971784841.4255,25187481522.884884
bitcoin,2026-07-28 00:00:00+00:00,63701.35288114535,1277986670016.6462,25830118462.162563
bitcoin,2026-07-28 01:00:00+00:00,63438.98579347282,1272723019787.3928,26058787903.27978
bitcoin,2026-07-28 02:00:00+00:00,63174.38877194167,1267416780199.7268,26931535611.029224
bitcoin,2026-07-28 03:00:00+00:00,63127.950842392565,1266485133494.5923,26497530732.087666
bitcoin,2026-07-28 04:00:00+00:00,63272.87476274653,1269394839705.6667,26666734105.94476
bitcoin,2026-07-28 05:00:00+00:00,63276.45408994828,1269468420724.7896,26760303281.354305
bitcoin,2026-07-28 06:00:00+00:00,63401.029321496426,1271968885530.9248,27100473124.798344
bitcoin,2026-07-28 07:00:00+00:00,63571.55507249746,1275390020042.0889,26718996883.44163
bitcoin,2026-07-28 08:00:00+00:00,63443.31578130144,1272817248116.309,26622929897.33149
bitcoin,2026-07-28 09:00:00+00:00,63363.398509032464,1271216650448.935,26167714686.96777
bitcoin,2026-07-28 10:00:00+00:00,63336.48522623557,1270677340975.8923,25256002653.13854
bitcoin,2026-07-28 11:00:00+00:00,63422.97587485101,1272413940042.8171,25390522482.03883
bitcoin,2026-07-28 12:00:00+00:00,63425.18050174853,1272459311692.5037,25516779086.73949
bitcoin,2026-07-28 13:00:00+00:00,63488.66902678021,1273734057664.171,25358809213.11786
bitcoin,2026-07-28 14:00:00+00:00,63058.524145396,1265104325878.2063,25416504608.02627
bitcoin,2026-07-28 15:00:00+00:00,63351.3165590749,1270979643388.734,25041292002.137527
bitcoin,2026-07-28 16:00:00+00:00,63858.41580163528,1281154422205.4597,25641865663.88597
bitcoin,2026-07-28 17:00:00+00:00,63984.102457787296,1283676000815.2634,25675081132.21819
bitcoin,2026-07-28 18:00:00+00:00,63629.60535726918,1276567939406.527,25744840665.25795
bitcoin,2026-07-28 19:00:00+00:00,63678.706006236825,1277554421322.3623,25725314393.766422
bitcoin,2026-07-28 20:00:00+00:00,63820.033293065615,1280390375242.6284,25825715059.46873
bitcoin,2026-07-28 21:00:00+00:00,63859.45561906585,1281181669406.077,25971788418.514526
bitcoin,2026-07-28 22:00:00+00:00,63927.80662374157,1282552962872.7544,25988746695.42321
bitcoin,2026-07-28 23:00:00+00:00,63735.080643523936,1278688242164.7312,24994808106.636456
bitcoin,2026-07-29 00:00:00+00:00,63881.94327943538,1281635447724.1555,24427415031.02056
bitcoin,2026-07-29 01:00:00+00:00,63893.03613689098,1281857998864.6155,24464242789.46794
bitcoin,2026-07-29 02:00:00+00:00,63640.64983452888,1276795692197.8723,23476405738.64978
bitcoin,2026-07-29 03:00:00+00:00,63903.65234428861,1282073415522.525,23759065568.15405
bitcoin,2026-07-29 04:00:00+00:00,63669.69145124358,1277380697764.1655,23572596075.481197
bitcoin,2026-07-29 05:00:00+00:00,63898.1491890456,1281964158086.8318,23956348444.79191
bitcoin,2026-07-29 06:00:00+00:00,64003.20842086781,1284073521402.4646,24084081664.903217
bitcoin,2026-07-29 07:00:00+00:00,64378.88853802366,1291613490146.2563,24716803558.863445
bitcoin,2026-07-29 08:00:00+00:00,64506.78450284194,1294180846006.2275,24554085406.997574
bitcoin,2026-07-29 09:00:00+00:00,64360.3831909608,1291244411413.3362,24753815014.192303
bitcoin,2026-07-29 10:00:00+00:00,64650.0244678921,1297055403542.493,25199007666.417183
bitcoin,2026-07-29 11:00:00+00:00,64413.83668301173,1292320054602.6638,25040690005.001003
bitcoin,2026-07-29 12:00:00+00:00,64444.04276182142,1292927103349.315,24898498423.452877
bitcoin,2026-07-29 13:00:00+00:00,64217.50283807444,1288382273764.6914,24770216709.907413
bitcoin,2026-07-29 14:00:00+00:00,64551.79190065818,1295091046132.1548,24291294782.168102
bitcoin,2026-07-29 15:00:00+00:00,64070.564660084136,1285437103061.5344,24026293051.402687
bitcoin,2026-07-29 16:00:00+00:00,63905.24973070045,1282122014706.831,23512699369.91704
bitcoin,2026-07-29 17:00:00+00:00,63744.44389102035,1278896809730.055,23745029376.519928
bitcoin,2026-07-29 18:00:00+00:00,64250.21690005848,1289045676644.183,23969416922.157234
bitcoin,2026-07-29 19:00:00+00:00,64430.91486096681,1292671001764.091,25912714323.75168
bitcoin,2026-07-29 20:00:00+00:00,63528.92348967319,1274574439080.964,26809440264.827847
bitcoin,2026-07-29 21:00:00+00:00,63450.0278931278,1272991564617.0337,27601240101.54399
bitcoin,2026-07-29 22:00:00+00:00,63782.51292898714,1279664538595.9543,28390719309.870327
bitcoin,2026-07-29 23:00:00+00:00,63874.12756251339,1281503172083.818,28809274394.251648
bitcoin,2026-07-30 00:00:00+00:00,63916.59794922001,1282357106740.2524,28201903973.511047
bitcoin,2026-07-30 01:00:00+00:00,63620.88920292307,1276426281803.5808,27862595686.27468
bitcoin,2026-07-30 02:00:00+00:00,64195.999287649065,1287966708960.077,28355596934.907536
bitcoin,2026-07-30 03:00:00+00:00,64112.042526659934,1286284268831.27,28284145433.95636
bitcoin,2026-07-30 04:00:00+00:00,64091.60204013147,1285876413166.1675,28141526616.868397
bitcoin,2026-07-30 05:00:00+00:00,63955.58648069383,1283149117877.2295,28091418234.13011
bitcoin,2026-07-30 06:00:00+00:00,63954.09650570759,1283119799905.233,28228040141.19381
bitcoin,2026-07-30 07:00:00+00:00,63921.01515185131,1282456659459.805,27880610242.400005
bitcoin,2026-07-30 08:00:00+00:00,63941.79333543078,1282873535190.5747,27990132008.098755
bitcoin,2026-07-30 09:00:00+00:00,64231.80493309029,1288692080216.1106,28614274023.6344
bitcoin,2026-07-30 10:00:00+00:00,64499.34835654316,1294063325946.9968,30308472327.555183
bitcoin,2026-07-30 11:00:00+00:00,64505.227180431546,1294183080112.7952,30351524380.60126
bitcoin,2026-07-30 12:00:00+00:00,64731.1948114486,1298716720214.5105,30820069238.00979
bitcoin,2026-07-30 13:00:00+00:00,64859.231162952216,1301287747940.875,31233258866.22053
bitcoin,2026-07-30 14:00:00+00:00,64973.87324351556,1303587842039.4426,31695377776.09364
bitcoin,2026-07-30 15:00:00+00:00,64633.07340110613,1296752289136.8987,31713256215.48183
bitcoin,2026-07-30 16:00:00+00:00,64669.4222598518,1297481566940.129,31664560504.893806
bitcoin,2026-07-30 17:00:00+00:00,64763.5392609058,1299371482997.038,31384659089.26325
bitcoin,2026-07-30 18:00:00+00:00,64818.84203888696,1300481040217.9575,31143721495.897022
bitcoin,2026-07-30 19:00:00+00:00,64649.683981542,1297090012907.2783,29315178600.93645
bitcoin,2026-07-30 20:00:00+00:00,64754.32573972175,1299190708714.1443,27951179838.004364
bitcoin,2026-07-30 21:00:00+00:00,64727.155512423975,1298648171178.233,27377388936.560787
bitcoin,2026-07-30 22:00:00+00:00,64670.19766059977,1297506630551.5835,26585827069.9906
bitcoin,2026-07-30 23:00:00+00:00,64803.41085216521,1300179345427.7656,26330460478.62811
bitcoin,2026-07-31 00:00:00+00:00,64743.33714554026,1298974060219.3184,26380169353.78833
bitcoin,2026-07-31 01:00:00+00:00,64685.436320793015,1297815992880.4854,26242719277.598686
bitcoin,2026-07-31 02:00:00+00:00,64511.18975387566,1294321223294.7307,26691123403.44093
bitcoin,2026-07-31 03:00:00+00:00,64240.295465610456,1288886131678.7073,26984389914.877148
bitcoin,2026-07-31 04:00:00+00:00,64332.08523025714,1290729172304.4175,27234394448.925167
bitcoin,2026-07-31 05:00:00+00:00,64264.964864857815,1289383721404.1072,26855790108.90444
bitcoin,2026-07-31 06:00:00+00:00,64309.37227146735,1290275656534.0164,26653042645.80736
bitcoin,2026-07-31 07:00:00+00:00,64180.13519893875,1287683341154.8586,26530614206.5408
bitcoin,2026-07-31 08:00:00+00:00,63876.79120580656,1281599346188.6887,28791483318.317223
bitcoin,2026-07-31 09:00:00+00:00,63781.05740897103,1279678580146.4922,28059620617.11936
bitcoin,2026-07-31 10:00:00+00:00,63659.40503803747,1277239194319.155,26626093180.622475
bitcoin,2026-07-31 11:00:00+00:00,63868.32582021358,1281433076577.5703,26639943210.25987
bitcoin,2026-07-31 12:00:00+00:00,63746.84303994187,1278998108422.069,26107577352.53128
bitcoin,2026-07-31 13:00:00+00:00,63692.123552319645,1277901251619.7644,25832847235.695274
bitcoin,2026-07-31 14:00:00+00:00,63214.86238259336,1268326183690.9597,25912217802.231083
bitcoin,2026-07-31 15:00:00+00:00,62608.42664681463,1256160383610.867,28269403989.019928
bitcoin,2026-07-31 16:00:00+00:00,62651.99283287917,1257036051368.4358,28876212938.05053
bitcoin,2026-07-31 17:00:00+00:00,62821.8266415578,1260444314083.5808,29179731286.624817
bitcoin,2026-07-31 18:00:00+00:00,63187.99116177151,1267793555027.224,29771384041.36824
bitcoin,2026-07-31 19:00:00+00:00,63048.97566506732,1265006136132.1958,30187979701.74218
bitcoin,2026-07-31 20:00:00+00:00,62920.435515318764,1262427123920.561,30107846199.64516
bitcoin,2026-07-31 21:00:00+00:00,62890.49015280249,1261828882719.755,30057216185.92658
bitcoin,2026-07-31 22:00:00+00:00,62891.82575082388,1261857063653.0762,30125127791.025906
bitcoin,2026-07-31 23:00:00+00:00,62888.41183407792,1261790327948.8186,29946362008.51923
bitcoin,2026-08-01 00:00:00+00:00,62820.08613814001,1260419444191.851,29578746588.718693
bitcoin,2026-08-01 01:00:00+00:00,62882.76098591302,1261678521648.9,29771870067.705544
bitcoin,2026-08-01 02:00:00+00:00,62911.89920031998,1262264723026.6152,28534414830.82376
bitcoin,2026-08-01 03:00:00+00:00,63008.3513503476,1264201514752.266,27824661212.59772
bitcoin,2026-08-01 04:00:00+00:00,62943.11077810555,1262893721807.4485,27424867382.954697
bitcoin,2026-08-01 05:00:00+00:00,63044.73978549714,1264933189561.6426,27126494991.18584
bitcoin,2026-08-01 06:00:00+00:00,62969.89831327465,1263433329229.001,26984215331.61714
bitcoin,2026-08-01 07:00:00+00:00,63021.66293365709,1264471938920.5825,26735301300.648457
bitcoin,2026-08-01 08:00:00+00:00,62993.380062530334,1263907051747.1165,24234103543.83211
bitcoin,2026-08-01 09:00:00+00:00,63075.833178521934,1265562978268.8408,23468200540.840767
bitcoin,2026-08-01 10:00:00+00:00,63003.45077211758,1264112261895.6523,22926653091.16781
bitcoin,2026-08-01 11:00:00+00:00,62995.49482465422,1263953388319.3943,22689807161.941338
bitcoin,2026-08-01 12:00:00+00:00,63022.50867475824,1264496407619.6104,22543676588.85766
bitcoin,2026-08-01 13:00:00+00:00,63046.4991374778,1264979333296.158,22195301338.53729
bitcoin,2026-08-01 14:00:00+00:00,63012.81033922651,1264304779848.8254,20587712160.017788
bitcoin,2026-08-01 15:00:00+00:00,63056.11946854188,1265174312551.7666,16890296013.215223
bitcoin,2026-08-01 16:00:00+00:00,62957.98768376765,1263205937627.8137,15493412029.53066
bitcoin,2026-08-01 17:00:00+00:00,62870.44563767862,1261451482408.0752,14824094272.584805
bitcoin,2026-08-01 18:00:00+00:00,62655.23456316563,1257135177192.292,14278456420.995186
bitcoin,2026-08-01 19:00:00+00:00,62527.485479923926,1254573728454.0244,14590969819.145967
bitcoin,2026-08-01 20:00:00+00:00,62469.79374533922,1253417367879.1406,14533356090.149622
bitcoin,2026-08-01 21:00:00+00:00,62613.7794519745,1256308104277.5354,14374513305.860111
bitcoin,2026-08-01 22:00:00+00:00,62763.3269294857,1259309626583.8577,14247619156.521378
bitcoin,2026-08-01 23:00:00+00:00,62780.24031715984,1259650365029.2344,13888888222.518412
bitcoin,2026-08-02 00:00:00+00:00,62772.57726413174,1259498179475.967,13867068846.899143
bitcoin,2026-08-02 01:00:00+00:00,62778.40781561159,1259615166372.0652,13811207259.6465
bitcoin,2026-08-02 02:00:00+00:00,62935.22974822573,1262765050117.4106,13724039746.593142
bitcoin,2026-08-02 03:00:00+00:00,63385.38904890523,1271798483831.1538,14765070876.886389
bitcoin,2026-08-02 04:00:00+00:00,63403.45259236277,1272161744712.0923,14879415400.059774
bitcoin,2026-08-02 05:00:00+00:00,63537.12253755095,1274844343844.921,15085670105.71169
bitcoin,2026-08-02 06:00:00+00:00,63396.75087046103,1272029623357.6912,14949943108.168207
bitcoin,2026-08-02 07:00:00+00:00,63429.63965192818,1272690347760.078,14745061374.659224
bitcoin,2026-08-02 08:00:00+00:00,63446.36451256824,1273027701897.083,15022525487.550615
bitcoin,2026-08-02 09:00:00+00:00,63138.66399034273,1266855762681.8062,15490701861.874384
bitcoin,2026-08-02 10:00:00+00:00,63216.010014811865,1268409264688.0354,15679589159.347206
bitcoin,2026-08-02 11:00:00+00:00,63143.051510421,1266946575070.2988,15576991484.1742
bitcoin,2026-08-02 12:00:00+00:00,62972.35303610165,1263523513023.4722,15787222927.214235
bitcoin,2026-08-02 13:00:00+00:00,63070.10234877578,1265485836102.5989,15818003038.514256
bitcoin,2026-08-02 14:00:00+00:00,63063.862544006246,1265361960320.9626,15893758563.18913
bitcoin,2026-08-02 15:00:00+00:00,63015.308606053935,1264387736674.8015,15942997048.050102
bitcoin,2026-08-02 16:00:00+00:00,63053.19740904984,1265149984532.6956,15990762431.279549
bitcoin,2026-08-02 17:00:00+00:00,63132.67413697742,1266745805809.7812,15839529371.67213
bitcoin,2026-08-02 18:00:00+00:00,63249.62124537297,1269092328606.2056,15614963100.862022
bitcoin,2026-08-02 19:00:00+00:00,63321.738301800026,1270540547547.4893,15096388363.96308
bitcoin,2026-08-02 20:00:00+00:00,63396.10660784969,1272033940235.4722,14913460055.678663
bitcoin,2026-08-02 21:00:00+00:00,63438.54073036304,1272885374920.4912,14810646867.560867
bitcoin,2026-08-02 22:00:00+00:00,63528.38768590849,1274690301380.2715,15130804158.851074
bitcoin,2026-08-02 23:00:00+00:00,63371.39792591177,1271541142472.0146,15675189370.627222
bitcoin,2026-08-03 00:00:00+00:00,63504.41559755184,1274211082116.0454,15928756965.753572
bitcoin,2026-08-03 01:00:00+00:00,63244.530334644485,1268998085960.0034,16000956193.569675
bitcoin,2026-08-03 02:00:00+00:00,63144.81531247444,1266998698610.7097,16271560684.500105
bitcoin,2026-08-03 03:00:00+00:00,63073.35491246018,1265565857144.835,15476614442.952597
bitcoin,2026-08-03 04:00:00+00:00,62823.59827839967,1260556253339.2686,15570407212.022335
bitcoin,2026-08-03 05:00:00+00:00,62736.620793481656,1258812617476.1787,15633734802.92033
bitcoin,2026-08-03 06:00:00+00:00,62763.29133435869,1259349331947.97,15887861299.6335
bitcoin,2026-08-03 07:00:00+00:00,62565.978863857184,1255390808087.7937,16192090691.88258
bitcoin,2026-08-03 08:00:00+00:00,62548.80716928854,1255047445244.42,16893959317.597654
bitcoin,2026-08-03 09:00:00+00:00,62470.42593037281,1253476092980.6345,17097908434.514744
bitcoin,2026-08-03 10:00:00+00:00,62769.04036061913,1259467824968.3433,17319119426.131348
bitcoin,2026-08-03 11:00:00+00:00,62676.60294508105,1257614624787.6548,17545559663.416492
bitcoin,2026-08-03 12:00:00+00:00,62491.486315840346,1253901609073.6606,17568172634.904964
bitcoin,2026-08-03 13:00:00+00:00,62627.56463894928,1256633607952.411,17845221247.609104
bitcoin,2026-08-03 14:00:00+00:00,63291.53888152143,1269956942924.7314,18864402958.94933
bitcoin,2026-08-03 15:00:00+00:00,63889.31203849908,1281952782254.5725,21935747399.023094
bitcoin,2026-08-03 16:00:00+00:00,63616.51059839861,1276479980570.8164,23420191838.330967
bitcoin,2026-08-03 17:00:00+00:00,63711.08095881092,1278378130097.9712,24220424112.938965
bitcoin,2026-08-03 18:00:00+00:00,63843.49984978852,1281036168421.9685,24775770371.021008
bitcoin,2026-08-03 19:00:00+00:00,63812.89602189246,1280423498664.3665,24736297100.98217
bitcoin,2026-08-03 20:00:00+00:00,63825.8225541203,1280683639036.9646,25269217247.62493
bitcoin,2026-08-03 21:00:00+00:00,63740.98525485744,1278982182657.2468,25609940406.379948
bitcoin,2026-08-03 22:00:00+00:00,63547.0878451625,1275092716228.384,25637121724.456097
bitcoin,2026-08-03 23:00:00+00:00,63550.00771719652,1275153719298.3186,25460001307.462173
bitcoin,2026-08-04 00:00:00+00:00,63465.19968911304,1273453221607.5356,25488990096.91744
bitcoin,2026-08-04 01:00:00+00:00,63302.396564862815,1270188477754.1675,25563784371.87524
bitcoin,2026-08-04 02:00:00+00:00,63794.390862623295,1280062330807.3433,26148476322.853764
bitcoin,2026-08-04 03:00:00+00:00,63759.920838341786,1279371503585.705,26314249065.40296
bitcoin,2026-08-04 04:00:00+00:00,63743.692138911865,1279046823584.111,26132924572.913185
bitcoin,2026-08-04 05:00:00+00:00,63993.38908442256,1284058516759.4229,26534699247.85801
bitcoin,2026-08-04 06:00:00+00:00,63755.329515754,1279282564398.3618,26376369718.477085
bitcoin,2026-08-04 07:00:00+00:00,63613.50954990528,1276438657051.8918,26171912855.837276
bitcoin,2026-08-04 08:00:00+00:00,63642.575412476406,1277022451714.3357,25787199107.50804
bitcoin,2026-08-04 09:00:00+00:00,63520.68656950381,1274577702956.7668,25310807093.80413
bitcoin,2026-08-04 10:00:00+00:00,63525.55914200457,1274676236125.2368,24982556559.682854
bitcoin,2026-08-04 11:00:00+00:00,63703.61002833607,1278250329237.65,25304008332.009296
bitcoin,2026-08-04 12:00:00+00:00,63854.91809819752,1281288202414.9636,25566800274.17635
bitcoin,2026-08-04 13:00:00+00:00,63855.067843844176,1281291845704.1355,25594163075.24229
bitcoin,2026-08-04 14:00:00+00:00,63635.17651095893,1276880925016.417,25472484117.85221
bitcoin,2026-08-04 15:00:00+00:00,64087.65017533647,1285961511318.4434,24024648465.670227
bitcoin,2026-08-04 16:00:00+00:00,64073.92417376392,1285687499554.253,23323008592.99396
bitcoin,2026-08-04 17:00:00+00:00,63898.007942178105,1282159216435.4824,22912820420.479496
bitcoin,2026-08-04 18:00:00+00:00,63928.20736980068,1282766979533.1265,22943113390.20644
bitcoin,2026-08-04 19:00:00+00:00,64253.34762955828,1289292573998.0234,23306398441.47705
bitcoin,2026-08-04 20:00:00+00:00,64231.81422644689,1288860489791.54,23205486587.1766
bitcoin,2026-08-04 21:00:00+00:00,64296.77703874863,1290166654484.7844,23448795107.699142
bitcoin,2026-08-04 22:00:00+00:00,64149.20942886199,1287205591452.9155,23075588725.697807
bitcoin,2026-08-04 23:00:00+00:00,64217.988220291576,1288587298788.3616,22769869292.779724
bitcoin,2026-08-05 00:00:00+00:00,64062.173729779366,1285462929668.2993,22979346232.877865
bitcoin,2026-08-05 01:00:00+00:00,63950.61322716558,1283224371683.5188,23175742726.25409
bitcoin,2026-08-05 02:00:00+00:00,64282.339946271146,1289881590916.4033,22974794758.51173
bitcoin,2026-08-05 03:00:00+00:00,64318.95885712053,1290618568358.601,23251842971.732147
bitcoin,2026-08-05 04:00:00+00:00,64132.87066488696,1286886527187.994,23311307330.709217
bitcoin,2026-08-05 05:00:00+00:00,64120.049352220885,1286630281379.6409,22734426432.63934
bitcoin,2026-08-05 06:00:00+00:00,64295.64750078792,1290154855359.6228,22797266370.56293
bitcoin,2026-08-05 07:00:00+00:00,64207.841837289154,1288392949110.9983,22810929658.202637
bitcoin,2026-08-05 08:00:00+00:00,64103.61602982511,1286303543876.167,22800751482.384903
bitcoin,2026-08-05 09:00:00+00:00,64066.65845144408,1285562721686.529,22954218680.724823
bitcoin,2026-08-05 10:00:00+00:00,64103.13982745439,1286295783284.454,22844922404.073284
bitcoin,2026-08-05 11:00:00+00:00,64012.48973024271,1284477819551.5366,22557896098.734432
bitcoin,2026-08-05 12:00:00+00:00,64026.7720288787,1284764408870.0815,22340696368.35389
bitcoin,2026-08-05 13:00:00+00:00,64291.17224369781,1290072255574.0254,22903991932.587944
bitcoin,2026-08-05 14:00:00+00:00,64333.561507422535,1290922842227.7915,23045017831.17612
bitcoin,2026-08-05 15:00:00+00:00,64430.20571478365,1292862113300.7458,23108576584.378445
bitcoin,2026-08-05 16:00:00+00:00,64347.649229676834,1291209324199.483,23348947997.8184
bitcoin,2026-08-05 17:00:00+00:00,64611.05480613296,1296496280397.0715,23462288139.595776
bitcoin,2026-08-05 18:00:00+00:00,64714.4970239526,1298571969318.1328,23385009817.917427
bitcoin,2026-08-05 19:00:00+00:00,64736.956797179526,1299022650900.9463,23285045567.20707
bitcoin,2026-08-05 20:00:00+00:00,64820.076142659,1300694232395.7275,23356590259.201298
bitcoin,2026-08-05 21:00:00+00:00,64785.11077558859,1299993386894.2144,23346582421.037518
bitcoin,2026-08-05 22:00:00+00:00,64680.66755475469,1297897604471.9182,23605716488.477814
bitcoin,2026-08-05 23:00:00+00:00,64579.56783651476,1295870721792.982,23680346638.458225
bitcoin,2026-08-06 00:00:00+00:00,64608.705388357404,1296457212673.4585,23456084571.954884
bitcoin,2026-08-06 01:00:00+00:00,64592.281626742784,1296128682137.2434,23024817563.285027
bitcoin,2026-08-06 02:00:00+00:00,64529.02643755449,1294860158313.4548,22832952098.675007
bitcoin,2026-08-06 03:00:00+00:00,64518.074033310455,1294641222589.1348,22462550054.834484
bitcoin,2026-08-06 04:00:00+00:00,64467.77047520848,1293633426285.1338,22063309483.309628
bitcoin,2026-08-06 05:00:00+00:00,64663.60871849318,1297563768753.2925,22233806294.28884
bitcoin,2026-08-06 06:00:00+00:00,64827.94715428607,1300861444282.457,22487466070.34225
bitcoin,2026-08-06 07:00:00+00:00,64783.44233049774,1299970467180.7,22279606129.353832
bitcoin,2026-08-06 08:00:00+00:00,64749.94991887707,1299300013800.9028,22266445481.10988
bitcoin,2026-08-06 09:00:00+00:00,64876.98442028064,1301850958651.2937,22111248965.49233
bitcoin,2026-08-06 10:00:00+00:00,64613.25543423672,1296558853348.1057,22347945506.782085
bitcoin,2026-08-06 11:00:00+00:00,64551.30244293012,1295318452265.8474,22134482078.390144
bitcoin,2026-08-06 12:00:00+00:00,64553.90136181576,1295370603461.2705,22363220772.902653
bitcoin,2026-08-06 13:00:00+00:00,64361.12831991846,1291502967598.4138,21602756628.57477
bitcoin,2026-08-06 14:00:00+00:00,64379.65435470349,1291876136738.9795,21305779373.933247
bitcoin,2026-08-06 15:00:00+00:00,64722.45860948782,1298756192920.3833,21177983763.0495
bitcoin,2026-08-06 16:00:00+00:00,64605.61557554957,1296411556805.082,20857921266.404976
bitcoin,2026-08-06 17:00:00+00:00,64699.767007512106,1298302274240.3982,20598746062.07625
bitcoin,2026-08-06 18:00:00+00:00,64568.68546810871,1295671917616.4153,20291491075.478764
bitcoin,2026-08-06 19:00:00+00:00,64365.21003403685,1291592532799.2546,19880371951.26153
bitcoin,2026-08-06 20:00:00+00:00,64389.72226840333,1292085376460.033,19675908511.47921
bitcoin,2026-08-06 21:00:00+00:00,64390.54325704309,1292101850943.5112,19170806569.42592
bitcoin,2026-08-06 22:00:00+00:00,64391.75846188726,1292127266289.7808,18846343486.532654
bitcoin,2026-08-06 23:00:00+00:00,64302.927405052425,1290346138694.5625,18720328970.797245
bitcoin,2026-08-07 00:00:00+00:00,64262.74830979173,1289540648880.6145,18543020925.31411
bitcoin,2026-08-07 01:00:00+00:00,64262.90511569206,1289544630873.7732,18423085184.08794
bitcoin,2026-08-07 02:00:00+00:00,64364.78481592866,1291589020560.15,18428611668.876583
bitcoin,2026-08-07 03:00:00+00:00,64347.38927001825,1291241944075.9104,18456024942.99479
bitcoin,2026-08-07 04:00:00+00:00,64234.27272195896,1288974055657.4607,18398566194.364685
bitcoin,2026-08-07 05:00:00+00:00,64192.90875272706,1288144014607.417,18333289018.854813
bitcoin,2026-08-07 06:00:00+00:00,64287.85384266818,1290049255415.1694,18008817772.07119
bitcoin,2026-08-07 07:00:00+00:00,64252.00096476025,1289331795951.6472,18199921901.74083
bitcoin,2026-08-07 08:00:00+00:00,64266.49137826014,1289623600387.1672,17873407684.682404
bitcoin,2026-08-07 09:00:00+00:00,64549.00195771462,1295294300798.14,18055471870.12057
bitcoin,2026-08-07 10:00:00+00:00,64789.19273268005,1300115595290.5154,18645441723.52764
bitcoin,2026-08-07 11:00:00+00:00,64845.84683200394,1301254280797.131,18768089073.82916
bitcoin,2026-08-07 12:00:00+00:00,64973.90684876585,1303826255795.5432,19165787214.006435
bitcoin,2026-08-07 13:00:00+00:00,65241.39870577239,1309196081482.9954,20293287963.45038
bitcoin,2026-08-07 14:00:00+00:00,64977.21169739615,1303896082701.356,20845194655.952824
bitcoin,2026-08-07 15:00:00+00:00,64918.58850576054,1302719692580.384,21267806474.745804
bitcoin,2026-08-07 16:00:00+00:00,64890.3693115144,1302155624987.4832,20952176910.27389
bitcoin,2026-08-07 17:00:00+00:00,64784.443235545856,1300031625078.7688,21017629863.108734
bitcoin,2026-08-07 18:00:00+00:00,64717.55365296767,1298691161642.4287,21192154711.208977
bitcoin,2026-08-07 19:00:00+00:00,64681.58780407244,1297969432722.7656,21115952890.99424
bitcoin,2026-08-07 20:00:00+00:00,64924.48832316786,1302845939931.8884,21297385687.69608
bitcoin,2026-08-07 21:00:00+00:00,64932.89561541767,1303016078396.269,21508592289.96621
bitcoin,2026-08-07 22:00:00+00:00,64893.94834551407,1302236984905.3728,21500099069.003517
bitcoin,2026-08-07 23:00:00+00:00,64850.448382153656,1301365491064.4895,21673398932.58226
bitcoin,2026-08-08 00:00:00+00:00,64879.7560855934,1301953613966.186,21708815799.29666
bitcoin,2026-08-08 01:00:00+00:00,64883.78192108541,1302035569031.6775,21764379497.90333
bitcoin,2026-08-08 02:00:00+00:00,64878.44290990822,1301928430047.9385,21599805652.455616
bitcoin,2026-08-08 03:00:00+00:00,64888.60024243567,1302134530331.6123,21459333343.11813
bitcoin,2026-08-08 04:00:00+00:00,64991.80030700172,1304205664841.8752,21598650618.01958
bitcoin,2026-08-08 05:00:00+00:00,64974.34511475399,1303856167106.6665,21467320132.66923
bitcoin,2026-08-08 06:00:00+00:00,64957.319898406,1303514517902.0083,21415660592.527256
bitcoin,2026-08-08 07:00:00+00:00,64971.20215169365,1303796604938.682,21165903185.651867
bitcoin,2026-08-08 08:00:00+00:00,64926.53145827044,1302900769071.3335,20799288214.56493
bitcoin,2026-08-08 09:00:00+00:00,64955.56049646456,1303484083217.4736,20341977273.965134
bitcoin,2026-08-08 10:00:00+00:00,64953.96139341334,1303453032766.615,19619493659.922283
bitcoin,2026-08-08 11:00:00+00:00,64966.51707986603,1303706616120.8545,19320415421.34873
bitcoin,2026-08-08 12:00:00+00:00,64929.03814455765,1302956525558.829,18634966961.69694
bitcoin,2026-08-08 13:00:00+00:00,64967.17250978196,1303722627425.8335,17177425972.692385
bitcoin,2026-08-08 14:00:00+00:00,64973.31853419001,1303847586525.8792,15630218825.808187
bitcoin,2026-08-08 15:00:00+00:00,65091.586338816014,1306222544824.3914,14380157485.462816
bitcoin,2026-08-08 16:00:00+00:00,65036.76339051263,1305123623420.027,14168180150.711786
bitcoin,2026-08-08 17:00:00+00:00,65039.855667855074,1305185677618.29,13692082144.819376
bitcoin,2026-08-08 18:00:00+00:00,65070.90755918463,1305810632656.6602,13136788886.41869
bitcoin,2026-08-08 19:00:00+00:00,64996.35672497409,1304316013487.3357,13011656163.403606
bitcoin,2026-08-08 20:00:00+00:00,65029.86941572282,1304990546172.7048,12581705813.115608
bitcoin,2026-08-08 21:00:00+00:00,65033.19724140798,1305058563131.7478,12478488316.412916
bitcoin,2026-08-08 22:00:00+00:00,64970.595472780034,1303804116621.347,12475186906.907743
bitcoin,2026-08-08 23:00:00+00:00,64906.29560481423,1302514161835.8306,12521716319.89177
bitcoin,2026-08-09 00:00:00+00:00,64917.23929330571,1302733775497.4954,12399729091.279987
bitcoin,2026-08-09 01:00:00+00:00,64930.16988675851,1302995664007.3298,12282455856.433708
bitcoin,2026-08-09 02:00:00+00:00,64821.736551433125,1300819662219.421,12304198716.787523
bitcoin,2026-08-09 03:00:00+00:00,64777.43245005261,1299930583196.5686,12273459160.965551
bitcoin,2026-08-09 04:00:00+00:00,64746.24640603082,1299307407301.1013,12079755863.887844
bitcoin,2026-08-09 05:00:00+00:00,64742.165175431466,1299226930770.493,11983306750.749763
bitcoin,2026-08-09 06:00:00+00:00,64757.534520212444,1299537171520.0444,11913031583.741163
bitcoin,2026-08-09 07:00:00+00:00,64808.68595819708,1300563665124.692,11904765355.15824
bitcoin,2026-08-09 08:00:00+00:00,64784.28632322148,1300076675822.845,12183949890.021288
bitcoin,2026-08-09 09:00:00+00:00,64776.107760186096,1299913521877.1082,12441085327.10358
bitcoin,2026-08-09 10:00:00+00:00,64827.0345414972,1300937973409.9282,12187312768.91668
bitcoin,2026-08-09 11:00:00+00:00,64912.19259865948,1302646910909.3494,12382974246.49702
bitcoin,2026-08-09 12:00:00+00:00,64906.2713042924,1302530484906.7278,12311913519.951994
bitcoin,2026-08-09 13:00:00+00:00,64908.10005558104,1302568417300.094,12112980171.437548
bitcoin,2026-08-09 14:00:00+00:00,65171.70960979203,1307858895076.3782,12251336841.597498
bitcoin,2026-08-09 15:00:00+00:00,65211.91638656913,1308665760370.616,12079645913.517153
bitcoin,2026-08-09 16:00:00+00:00,65187.34268543269,1308174899522.5898,12148959027.564322
bitcoin,2026-08-09 17:00:00+00:00,65187.438808289626,1308177806320.744,12227362446.642344
bitcoin,2026-08-09 18:00:00+00:00,65156.107326992525,1307550090437.6855,12091649663.138617
bitcoin,2026-08-09 19:00:00+00:00,65157.33057894149,1307576072068.9167,11856804734.530752
bitcoin,2026-08-09 20:00:00+00:00,65140.38760870087,1307236842548.6958,11850773501.888596
bitcoin,2026-08-09 21:00:00+00:00,65097.39156558012,1306373998256.3208,11872080159.19325
bitcoin,2026-08-09 22:00:00+00:00,65160.37598329928,1307640054242.2495,12013644080.673716
bitcoin,2026-08-09 23:00:00+00:00,65029.73017130765,1305019421356.1992,12743669703.762674
bitcoin,2026-08-10 00:00:00+00:00,64856.09782538228,1301536386806.13,12957668413.087194
bitcoin,2026-08-10 01:00:00+00:00,64921.25010696196,1302845295295.272,13361184133.021889
bitcoin,2026-08-10 02:00:00+00:00,65146.98539896946,1307376804007.9275,13343821478.659883
bitcoin,2026-08-10 03:00:00+00:00,65050.92775618636,1305451775850.3113,13693165489.188738
bitcoin,2026-08-10 04:00:00+00:00,64926.61865449755,1302958485610.2468,13884447586.886091
bitcoin,2026-08-10 05:00:00+00:00,64963.519059919934,1303700243563.0947,14069070880.313429
bitcoin,2026-08-10 06:00:00+00:00,65094.117820878906,1306323402605.9077,14189825492.161873
bitcoin,2026-08-10 07:00:00+00:00,65248.67295158608,1309426224219.9568,14201619588.712088
bitcoin,2026-08-10 08:00:00+00:00,65167.213663218245,1307791479426.3838,14329009275.366592
bitcoin,2026-08-10 09:00:00+00:00,65195.68633970625,1308364310322.105,14288187938.214806
bitcoin,2026-08-10 10:00:00+00:00,64917.33581821922,1302778947467.3733,14781550617.449345
bitcoin,2026-08-10 11:00:00+00:00,64962.770897856935,1303692115358.379,14912203428.613916
bitcoin,2026-08-10 12:00:00+00:00,65067.14612088838,1305788635176.4773,15000237851.502647
bitcoin,2026-08-10 13:00:00+00:00,64823.06855440583,1300890990654.7134,15494947515.783655
bitcoin,2026-08-10 14:00:00+00:00,64504.87043578211,1294506510124.5393,16315192462.008305
bitcoin,2026-08-10 15:00:00+00:00,64580.08513698282,1296016720260.0464,17117167300.647247
bitcoin,2026-08-10 16:00:00+00:00,64227.27646268125,1288937454645.4197,18019529956.757786
bitcoin,2026-08-10 17:00:00+00:00,63840.93020728684,1281185068408.1943,19037560514.112488
bitcoin,2026-08-10 18:00:00+00:00,63892.11420985093,1282213654867.028,20347463376.96811
bitcoin,2026-08-10 19:00:00+00:00,63838.22058073376,1281133116401.8972,21308145948.669857
bitcoin,2026-08-10 20:00:00+00:00,63973.13623771109,1283841685929.693,21759745859.82177
bitcoin,2026-08-10 21:00:00+00:00,64103.631399788326,1286461098497.7646,21815122151.13349
bitcoin,2026-08-10 22:00:00+00:00,63933.97278536319,1283057526295.66,21479518334.14879
bitcoin,2026-08-10 23:00:00+00:00,63959.64355474596,1283574106678.4194,20879262911.76338
bitcoin,2026-08-11 00:00:00+00:00,63915.71213556821,1282693235981.1963,20628873466.30577
bitcoin,2026-08-11 01:00:00+00:00,63981.67534094522,1284018426956.7207,20864485623.3178
bitcoin,2026-08-11 02:00:00+00:00,64013.0197751689,1284648039917.8274,20768810138.39724
bitcoin,2026-08-11 03:00:00+00:00,63987.50022520148,1284136539606.9678,20499370653.524864
bitcoin,2026-08-11 04:00:00+00:00,64084.512233362526,1286084840093.6533,20566317462.94459
bitcoin,2026-08-11 05:00:00+00:00,63969.548506599895,1283778449555.4202,20564961627.224182
bitcoin,2026-08-11 06:00:00+00:00,63943.63242630121,1283259757203.1602,20553549183.181904
bitcoin,2026-08-11 07:00:00+00:00,63899.78853749887,1282379871341.7466,20689713481.7391
bitcoin,2026-08-11 08:00:00+00:00,64005.60344741368,1284505605585.7146,20685962343.604897
bitcoin,2026-08-11 09:00:00+00:00,64078.127040366926,1285962080931.803,20575216404.28537
bitcoin,2026-08-11 10:00:00+00:00,64228.37489652754,1288979345002.193,20608340913.46049
bitcoin,2026-08-11 11:00:00+00:00,64187.59814192965,1288162228519.327,20742757648.91066
bitcoin,2026-08-11 12:00:00+00:00,64338.89343571287,1291198529743.3318,21234492590.30728
bitcoin,2026-08-11 13:00:00+00:00,64299.68705896488,1290414087465.8533,21261078794.080463
bitcoin,2026-08-11 14:00:00+00:00,64182.22631568661,1288058209653.0093,21124481913.371357
bitcoin,2026-08-11 15:00:00+00:00,63717.8101572953,1278738395539.474,16796644566.89182
bitcoin,2026-08-11 16:00:00+00:00,63561.0383467955,1275593130763.786,21596767384.84084
bitcoin,2026-08-11 17:00:00+00:00,63459.53175568126,1273556397060.289,20789473104.98924
bitcoin,2026-08-11 18:00:00+00:00,63545.21783083028,1275277411417.2878,20082901737.18449
bitcoin,2026-08-11 19:00:00+00:00,63312.694402340094,1270613536870.6526,19923474145.609158
bitcoin,2026-08-11 20:00:00+00:00,63474.26282448312,1273857046341.6987,19954253354.14588
bitcoin,2026-08-11 21:00:00+00:00,63681.01588484284,1278007111838.116,20198852743.510166
bitcoin,2026-08-11 22:00:00+00:00,63623.55117550987,1276854877056.8435,20210513500.83577
bitcoin,2026-08-11 23:00:00+00:00,63614.06881811433,1276665339914.887,20186815617.502377
bitcoin,2026-08-12 00:00:00+00:00,63537.55988964766,1275130714721.0269,20095612608.80128
bitcoin,2026-08-12 01:00:00+00:00,63689.061367716,1278171760177.8262,19856945429.3131
bitcoin,2026-08-12 02:00:00+00:00,63761.047124254495,1279617011640.119,20053207170.97165
bitcoin,2026-08-12 03:00:00+00:00,63679.47238781192,1277980720492.6294,20548060623.81048
bitcoin,2026-08-12 04:00:00+00:00,63773.80880878046,1279875357281.0476,20572902690.54645
bitcoin,2026-08-12 05:00:00+00:00,63718.3939824206,1278764002804.4412,20636232999.511936
bitcoin,2026-08-12 06:00:00+00:00,63782.06682273836,1280043255796.5383,20894061553.533268
bitcoin,2026-08-12 07:00:00+00:00,63642.89363336196,1277251968972.3674,20969461421.097626
bitcoin,2026-08-12 08:00:00+00:00,63763.800734015305,1279679861578.001,21065450674.75992
bitcoin,2026-08-12 09:00:00+00:00,63733.95353057831,1279082067057.2727,21251903264.716232
bitcoin,2026-08-12 10:00:00+00:00,64048.61366886717,1285397199949.8845,21427263324.498188
bitcoin,2026-08-12 11:00:00+00:00,64092.90806681466,1286287558119.8828,22021970270.97751
bitcoin,2026-08-12 12:00:00+00:00,64181.4177302335,1288065857826.5383,21912470216.929054
bitcoin,2026-08-12 13:00:00+00:00,64070.60628088705,1285844209807.2214,22813406177.288258
bitcoin,2026-08-12 14:00:00+00:00,63784.21064350375,1280097633757.1309,22344710709.714115
bitcoin,2026-08-12 15:00:00+00:00,63317.67085189585,1270736139578.9434,22518235283.641685
bitcoin,2026-08-12 16:00:00+00:00,63384.7882093211,1272083132456.6948,21997392557.22912
bitcoin,2026-08-12 17:00:00+00:00,63434.34135659124,1273079401533.4033,21890508299.581703
bitcoin,2026-08-12 18:00:00+00:00,63410.30532735148,1272597016549.7273,21809859694.81329
bitcoin,2026-08-12 19:00:00+00:00,63330.69946315327,1271000970145.5776,21467818857.8659
bitcoin,2026-08-12 20:00:00+00:00,63355.10675260609,1271490806651.9814,21478344877.41635
bitcoin,2026-08-12 21:00:00+00:00,63525.24734422619,1274908008828.4468,21464902260.25652
bitcoin,2026-08-12 22:00:00+00:00,63415.52706407907,1272707583681.6235,21493157952.7509
bitcoin,2026-08-12 23:00:00+00:00,63369.41905225762,1271783240364.6836,21501971545.20705
bitcoin,2026-08-13 00:00:00+00:00,63408.62569711362,1272571233715.507,22071166502.05402
bitcoin,2026-08-13 01:00:00+00:00,63504.7637721623,1274500664410.8848,22274122852.49258
bitcoin,2026-08-13 02:00:00+00:00,63402.06840391178,1272440647398.578,22130189198.0161
bitcoin,2026-08-13 03:00:00+00:00,63486.86595222896,1274143688462.8596,21882583426.64081
bitcoin,2026-08-13 04:00:00+00:00,63585.54151306996,1276125256480.944,21973909465.04921
bitcoin,2026-08-13 05:00:00+00:00,63636.58188426853,1277151198297.2332,21757762293.045982
bitcoin,2026-08-13 06:00:00+00:00,63817.46442720536,1280781411448.5764,21798819536.356804
bitcoin,2026-08-13 07:00:00+00:00,63872.55836974137,1281889863093.6155,21366900883.23256
bitcoin,2026-08-13 08:00:00+00:00,63808.407329993664,1280603596610.1958,21459090809.873947
bitcoin,2026-08-13 09:00:00+00:00,63709.087979671305,1278611516189.7407,21520529000.55931
bitcoin,2026-08-13 10:00:00+00:00,63741.66910256672,1279265404045.705,21244873848.082764
bitcoin,2026-08-13 11:00:00+00:00,63591.2262008078,1276249455900.113,20590878153.546703
bitcoin,2026-08-13 12:00:00+00:00,63408.23142353863,1272576826846.1482,20536106114.442245
bitcoin,2026-08-13 13:00:00+00:00,63634.86677886916,1277127658637.3948,19580759889.42797
bitcoin,2026-08-13 14:00:00+00:00,63652.08273290709,1277473176310.0896,19448909729.58275
bitcoin,2026-08-13 15:00:00+00:00,63815.453359095525,1280751962860.224,18865996820.87091
bitcoin,2026-08-13 16:00:00+00:00,63401.298765362255,1272443207193.5266,18292699866.95203
bitcoin,2026-08-13 17:00:00+00:00,63061.80889765728,1265629757240.8542,19371877401.73232
bitcoin,2026-08-13 18:00:00+00:00,63089.6589821604,1266190276515.629,19680169721.09528
bitcoin,2026-08-13 19:00:00+00:00,63253.26387148011,1269474599200.819,19579174457.60269
bitcoin,2026-08-13 20:00:00+00:00,63348.80377496922,1271394021074.651,19464444566.9511
bitcoin,2026-08-13 21:00:00+00:00,63344.29952858219,1271304635529.5596,19196542074.661263
bitcoin,2026-08-13 22:00:00+00:00,63417.214907609006,1272768029395.2754,18899556784.724937
bitcoin,2026-08-13 23:00:00+00:00,63475.08612169292,1273931839119.5498,19195096279.080338
bitcoin,2026-08-14 00:00:00+00:00,63429.17906286841,1273011889393.6423,18868048226.43629
bitcoin,2026-08-14 01:00:00+00:00,63481.25601936451,1274058079976.3784,18804024633.82809
bitcoin,2026-08-14 02:00:00+00:00,63513.29452934755,1274701849616.7642,18742737765.3113
bitcoin,2026-08-14 03:00:00+00:00,63422.04788788586,1272871368334.9734,18756097618.85207
bitcoin,2026-08-14 04:00:00+00:00,63277.50585188004,1269971189816.46,18687715048.03603
bitcoin,2026-08-14 05:00:00+00:00,63311.36450145151,1270651741425.8496,18886885595.695374
bitcoin,2026-08-14 06:00:00+00:00,63351.88300325618,1271466146742.7002,18307431029.93204
bitcoin,2026-08-14 07:00:00+00:00,62915.42176685937,1262706412064.956,18799548424.18453
bitcoin,2026-08-14 08:00:00+00:00,62871.97528092776,1261835577002.173,19030548789.901382
bitcoin,2026-08-14 09:00:00+00:00,62874.788984946375,1261893871188.4246,19787832500.95697
bitcoin,2026-08-14 10:00:00+00:00,62718.49376116481,1258758978135.1963,19906801439.58196
bitcoin,2026-08-14 11:00:00+00:00,62752.77530783759,1259448576944.9524,20209253870.40725
bitcoin,2026-08-14 12:00:00+00:00,62822.24207508047,1260844534403.0957,20196523394.6722
bitcoin,2026-08-14 13:00:00+00:00,62675.53203107954,1257901061640.368,20230499267.13338
bitcoin,2026-08-14 14:00:00+00:00,62575.57300838414,1255896443446.2454,20638855694.40781
bitcoin,2026-08-14 15:00:00+00:00,62575.05117640368,1255887284315.3347,21005009406.312603
bitcoin,2026-08-14 16:00:00+00:00,62938.94185062359,1263192807943.398,21575155121.948887
bitcoin,2026-08-14 17:00:00+00:00,63074.16141661424,1265907628459.0146,20482138604.06866
bitcoin,2026-08-14 18:00:00+00:00,62947.83733432764,1263372285684.2063,20157647070.7733
bitcoin,2026-08-14 19:00:00+00:00,62863.41493276841,1261680304569.0098,20130210982.046303
bitcoin,2026-08-14 20:00:00+00:00,62899.16125413761,1262398746202.7927,20235147370.324665
bitcoin,2026-08-14 21:00:00+00:00,62848.73561827566,1261387070698.3298,20319645855.32539
bitcoin,2026-08-14 22:00:00+00:00,62864.91750277205,1261712787427.403,20274473972.697155
bitcoin,2026-08-14 23:00:00+00:00,62829.82451631032,1261009280221.285,20168221589.253597
bitcoin,2026-08-15 00:00:00+00:00,62984.28959582886,1264110816166.4216,20141227880.90129
bitcoin,2026-08-15 01:00:00+00:00,62959.02039958984,1263605608658.6226,19813699722.046635
bitcoin,2026-08-15 02:00:00+00:00,62984.56080453232,1264119597576.2524,19828552000.40869
bitcoin,2026-08-15 03:00:00+00:00,63075.20954725237,1265938945853.1052,19643575811.01044
bitcoin,2026-08-15 04:00:00+00:00,62993.64686315622,1264303721402.538,19759712619.489952
bitcoin,2026-08-15 05:00:00+00:00,63064.461933311264,1265726012756.6196,19545017429.55228
bitcoin,2026-08-15 06:00:00+00:00,63029.88219350657,1265033371829.4995,19488589614.64054
bitcoin,2026-08-15 07:00:00+00:00,63056.18471238017,1265562408258.062,19093351807.66536
bitcoin,2026-08-15 08:00:00+00:00,63020.41823015727,1264845758291.5674,18742607512.586143
bitcoin,2026-08-15 09:00:00+00:00,62879.52138602643,1262017900580.361,17744971900.20475
bitcoin,2026-08-15 10:00:00+00:00,62968.70612462649,1263810267839.0098,17358222321.894154
bitcoin,2026-08-15 11:00:00+00:00,62980.93432376597,1264056638012.4436,16856010635.7655
bitcoin,2026-08-15 12:00:00+00:00,62959.89459290653,1263635557068.617,16475421043.131096
bitcoin,2026-08-15 13:00:00+00:00,62986.960981818425,1264179989346.4695,15924161070.127718
bitcoin,2026-08-15 14:00:00+00:00,62996.31237232209,1264369629343.3113,14718900126.640104
bitcoin,2026-08-15 15:00:00+00:00,62981.664765813024,1264077029655.4773,13629316397.35899
bitcoin,2026-08-15 16:00:00+00:00,63041.13901639061,1265271278302.504,12771273959.992851
bitcoin,2026-08-15 17:00:00+00:00,63037.00396331667,1265189104932.0564,12174042806.480951
bitcoin,2026-08-15 18:00:00+00:00,63008.94500446156,1264627709660.2163,11684370566.950026
bitcoin,2026-08-15 19:00:00+00:00,62993.70114557048,1264323708979.2292,11503742974.67561
bitcoin,2026-08-15 20:00:00+00:00,63063.40824351767,1265723594662.7578,11438283139.88808
bitcoin,2026-08-15 21:00:00+00:00,63043.359786471054,1265322785182.3298,11023709986.00873
bitcoin,2026-08-15 22:00:00+00:00,63099.90357904285,1266458793064.5703,10978477098.32775
bitcoin,2026-08-15 23:00:00+00:00,63076.88847073649,1265997494660.2764,10711064282.130596
bitcoin,2026-08-16 00:00:00+00:00,63031.04825975698,1265078583959.118,10409218158.399632
bitcoin,2026-08-16 01:00:00+00:00,63026.59822523408,1264990466063.1345,10311538671.380386
bitcoin,2026-08-16 02:00:00+00:00,63024.52145938261,1264950170375.1611,10099614194.174522
bitcoin,2026-08-16 03:00:00+00:00,63068.423175346055,1265832698772.9648,10090652874.750427
bitcoin,2026-08-16 04:00:00+00:00,63074.58460926518,1265957561999.3933,9647898149.04586
bitcoin,2026-08-16 05:00:00+00:00,63041.31239712379,1265291527140.8765,9523231633.821678
bitcoin,2026-08-16 06:00:00+00:00,63012.24310239301,1264708838385.9631,9432151203.824446
bitcoin,2026-08-16 07:00:00+00:00,63015.2386910052,1264770726801.3745,9216348891.691336
bitcoin,2026-08-16 08:00:00+00:00,63007.2882354478,1264611154233.4905,8827986740.959858
bitcoin,2026-08-16 09:00:00+00:00,63016.681736113525,1264801265390.634,8833758899.786997
bitcoin,2026-08-16 10:00:00+00:00,62938.045504395865,1263224790965.317,8911406666.1543
bitcoin,2026-08-16 11:00:00+00:00,62954.00786584408,1263546744174.9631,8875044748.033041
bitcoin,2026-08-16 12:00:00+00:00,62955.61808621155,1263579062827.4478,8851718136.227991
bitcoin,2026-08-16 13:00:00+00:00,62964.78297594083,1263766914687.5042,8791546047.765057
bitcoin,2026-08-16 14:00:00+00:00,63005.69827863253,1264588126218.8127,8728793723.10499
bitcoin,2026-08-16 15:00:00+00:00,63045.45440142677,1265388026245.576,8684963356.198458
bitcoin,2026-08-16 16:00:00+00:00,63086.1217944101,1266204263238.8423,8645227230.906836
bitcoin,2026-08-16 17:00:00+00:00,63201.049074677474,1268513564865.974,9015405589.580889
bitcoin,2026-08-16 18:00:00+00:00,63100.98084291131,1266506285899.1,9135223721.250254
bitcoin,2026-08-16 19:00:00+00:00,63087.15019059952,1266230455892.198,8945084129.421394
bitcoin,2026-08-16 20:00:00+00:00,63056.45239337692,1265615514455.3271,8674741101.310648
bitcoin,2026-08-16 21:00:00+00:00,63013.630293589886,1264756025667.1863,8760429714.940153
bitcoin,2026-08-16 22:00:00+00:00,62894.59271109232,1262366804493.2407,8957807468.259636
bitcoin,2026-08-16 23:00:00+00:00,62837.3829870772,1261221053036.394,9447316865.669722
bitcoin,2026-08-17 00:00:00+00:00,62843.70368466329,1261349110988.947,9661851536.935368
bitcoin,2026-08-17 01:00:00+00:00,62856.40917575992,1261604125556.195,10178327560.504496
bitcoin,2026-08-17 02:00:00+00:00,63069.34140921656,1265881464799.8591,10757008894.979168
bitcoin,2026-08-17 03:00:00+00:00,63350.1906229179,1271518463793.1003,11163104304.97265
bitcoin,2026-08-17 04:00:00+00:00,63396.47170987772,1272449158855.1667,11673513953.877493
bitcoin,2026-08-17 05:00:00+00:00,63489.131405128144,1274310736443.508,12257512375.975985
bitcoin,2026-08-17 06:00:00+00:00,63467.90027489531,1273886186310.919,12748054227.103449
bitcoin,2026-08-17 07:00:00+00:00,63607.93511526065,1276698273418.5188,13013164432.880352
bitcoin,2026-08-17 08:00:00+00:00,63481.535981923385,1274161269898.4255,13421719953.368408
bitcoin,2026-08-17 09:00:00+00:00,63326.43199860276,1271050147216.7554,13873233368.638733
bitcoin,2026-08-17 10:00:00+00:00,63261.753456538805,1269754109227.1904,13875698854.373228
bitcoin,2026-08-17 11:00:00+00:00,63612.58725649707,1276797055327.18,14616768549.881195
bitcoin,2026-08-17 12:00:00+00:00,63566.842736501225,1275878896344.0757,14937413786.55895
bitcoin,2026-08-17 13:00:00+00:00,63496.76290564356,1274472292312.768,15440530100.981382
bitcoin,2026-08-17 14:00:00+00:00,63598.70569612954,1276522566156.567,16177994972.440506
bitcoin,2026-08-17 15:00:00+00:00,63818.55305981763,1280935236474.0845,16852664474.100864
bitcoin,2026-08-17 16:00:00+00:00,64142.28936613087,1287433115573.5044,18210735926.608204
bitcoin,2026-08-17 17:00:00+00:00,64057.6832839486,1285734943072.0735,18495472807.475544
bitcoin,2026-08-17 18:00:00+00:00,64278.1425117793,1290159894431.7434,19947666116.52285
bitcoin,2026-08-17 19:00:00+00:00,64371.14900241624,1292026675882.6794,21039972008.371
bitcoin,2026-08-17 20:00:00+00:00,64241.03743533318,1289415139221.9636,21443830283.599827
bitcoin,2026-08-17 21:00:00+00:00,64341.44609349471,1291430493411.6086,21670652813.700443
bitcoin,2026-08-17 22:00:00+00:00,64333.108425393846,1291263143756.244,21619287136.666622
bitcoin,2026-08-17 23:00:00+00:00,64239.05708328847,1289375390550.252,21457027452.803005
bitcoin,2026-08-18 00:00:00+00:00,64491.345282946255,1294439197690.8708,21603650491.52396
bitcoin,2026-08-18 01:00:00+00:00,64321.133481444536,1291022788453.2168,21409336623.482723
bitcoin,2026-08-18 02:00:00+00:00,64142.37370958817,1287434808474.7258,21097693535.295845
bitcoin,2026-08-18 03:00:00+00:00,64043.438153160605,1285449021673.0498,21045733037.82021
bitcoin,2026-08-18 04:00:00+00:00,64121.61080626791,1287018065487.0007,21005958493.985
bitcoin,2026-08-18 05:00:00+00:00,64152.4092356144,1287636236716.0007,20967948396.682228
bitcoin,2026-08-18 06:00:00+00:00,64181.79788553352,1288226111531.848,21350716121.77521
bitcoin,2026-08-18 07:00:00+00:00,64259.76844651823,1289791099050.1226,21652227963.505947
bitcoin,2026-08-18 08:00:00+00:00,64141.5681057857,1287418638783.5037,21497665347.98957
bitcoin,2026-08-18 09:00:00+00:00,64217.99410529414,1288952624608.3052,21294909074.679253
bitcoin,2026-08-18 10:00:00+00:00,64113.1315161492,1286847873262.756,21314382026.29925
bitcoin,2026-08-18 11:00:00+00:00,64143.14645295469,1287450318607.1162,20814088241.1164
bitcoin,2026-08-18 12:00:00+00:00,64283.73806375364,1290272205653.9165,20716386838.15457
bitcoin,2026-08-18 13:00:00+00:00,64157.62131397192,1287740851040.571,20411035231.3508
bitcoin,2026-08-18 14:00:00+00:00,64165.81470769047,1287905304890.074,20745740166.97635
bitcoin,2026-08-18 15:00:00+00:00,64693.18187463143,1298490364473.9385,22443667344.835537
bitcoin,2026-08-18 16:00:00+00:00,64817.62276927904,1300988082130.794,21870070539.510075
bitcoin,2026-08-18 17:00:00+00:00,64790.82377426676,1300450185620.0232,21631499588.33149
bitcoin,2026-08-18 18:00:00+00:00,64633.935075403606,1297301191276.795,20064902557.85248
bitcoin,2026-08-18 19:00:00+00:00,64735.12660587504,1299332258902.1,19485653999.48884
bitcoin,2026-08-18 20:00:00+00:00,64608.08190950003,1296782278992.0044,18804857502.227104
bitcoin,2026-08-18 21:00:00+00:00,64547.98463837647,1295576035532.8967,18629099585.920918
bitcoin,2026-08-18 22:00:00+00:00,64560.88328806326,1295834931012.261,18450764221.043743
bitcoin,2026-08-18 23:00:00+00:00,64595.783635717016,1296535433968.3994,18311354704.608395
bitcoin,2026-08-19 00:00:00+00:00,64686.25782561655,1298351388299.5034,18173594957.816174
bitcoin,2026-08-19 01:00:00+00:00,64452.31711578264,1293655843131.1392,18030487009.2475
bitcoin,2026-08-19 02:00:00+00:00,64358.657923674895,1291775960970.8833,18004056762.797714
bitcoin,2026-08-19 03:00:00+00:00,64307.0555094849,1290740222185.6252,17922588931.761456
bitcoin,2026-08-19 04:00:00+00:00,64282.74748343018,1290252323203.1235,17697630894.500713
bitcoin,2026-08-19 05:00:00+00:00,64269.98266265912,1289996113873.2505,17318790174.220875
bitcoin,2026-08-19 06:00:00+00:00,64196.773428830034,1288526693418.6838,16643214364.61816
bitcoin,2026-08-19 07:00:00+00:00,64292.97928967488,1290457691086.337,16528647207.111267
bitcoin,2026-08-19 08:00:00+00:00,64249.82027485047,1289591424143.4265,16638924425.185429
bitcoin,2026-08-19 09:00:00+00:00,64368.06288435155,1291964732808.394,16662397851.425108
bitcoin,2026-08-19 10:00:00+00:00,64373.18238215101,1292067488900.6267,16560612640.29494
bitcoin,2026-08-19 11:00:00+00:00,64400.501085684926,1292615816750.3445,16644952414.519182
bitcoin,2026-08-19 12:00:00+00:00,64463.48880683975,1293880075929.2825,16666864189.40386
bitcoin,2026-08-19 13:00:00+00:00,64817.74091095421,1300990453413.554,17876099156.910282
bitcoin,2026-08-19 14:00:00+00:00,64988.84033830409,1304424678649.3967,18745833384.717384
bitcoin,2026-08-19 15:00:00+00:00,65888.13114700055,1322474810303.382,19612930239.1866
bitcoin,2026-08-19 16:00:00+00:00,68529.2604448789,1375486284546.075,29525773932.263397
bitcoin,2026-08-19 17:00:00+00:00,68446.0506654718,1373816137960.9292,31774529789.36009
bitcoin,2026-08-19 18:00:00+00:00,68177.48759530894,1368425669464.02,33364910631.135456
bitcoin,2026-08-19 19:00:00+00:00,68363.69093179365,1372163053083.933,34208097620.988697
bitcoin,2026-08-19 20:00:00+00:00,68413.7738008957,1373168292292.6064,35189832346.834885
bitcoin,2026-08-19 21:00:00+00:00,69051.13834939648,1385961166300.402,37399220341.82548
bitcoin,2026-08-19 22:00:00+00:00,69709.88783908814,1399183268540.2388,41300957656.25598
bitcoin,2026-08-19 23:00:00+00:00,69221.13960793983,1389373349621.277,42831629244.18829
bitcoin,2026-08-20 00:00:00+00:00,69291.0104297816,1390775763079.549,43990704909.19695
bitcoin,2026-08-20 01:00:00+00:00,69371.09419653316,1392383165845.411,45548533032.66652
bitcoin,2026-08-20 02:00:00+00:00,69678.75316831222,1398558348435.3357,46630492356.40842
bitcoin,2026-08-20 03:00:00+00:00,69254.31368667162,1390039203739.6758,47221760754.58791
bitcoin,2026-08-20 04:00:00+00:00,69147.02249937781,1387885706742.6667,48261625569.69349
bitcoin,2026-08-20 05:00:00+00:00,69447.45529598776,1393915849027.6138,49201623254.240166
bitcoin,2026-08-20 06:00:00+00:00,69357.96397327346,1392119622332.91,50309873148.61755
bitcoin,2026-08-20 07:00:00+00:00,69805.54705248833,1401103294163.8665,51609579853.07081
bitcoin,2026-08-20 08:00:00+00:00,69760.08785312675,1400190859025.615,53152118491.31073
bitcoin,2026-08-20 09:00:00+00:00,71557.12878114937,1436260198359.1577,58575598778.80545
bitcoin,2026-08-20 10:00:00+00:00,71725.38179193603,1439637291693.7163,61816435746.68987
bitcoin,2026-08-20 11:00:00+00:00,71925.06682629428,1443645273455.1685,64197414062.24686
bitcoin,2026-08-20 12:00:00+00:00,71877.57267444955,1442691993731.5222,65448950397.47016
bitcoin,2026-08-20 13:00:00+00:00,71889.217266767,1442925718375.8245,66168555496.93575
bitcoin,2026-08-20 14:00:00+00:00,71618.68288965462,1437495682755.9946,66896971953.68871
bitcoin,2026-08-20 15:00:00+00:00,71748.96417152091,1440110625850.037,64850285946.721695
bitcoin,2026-08-20 16:00:00+00:00,72425.67227407642,1453693184711.2258,59268048313.95514
bitcoin,2026-08-20 17:00:00+00:00,72784.72068116134,1460899831276.902,58630771024.19595
bitcoin,2026-08-20 18:00:00+00:00,72758.30528271197,1460369634131.4482,58228471003.64428
bitcoin,2026-08-20 19:00:00+00:00,72408.47169123203,1453347942903.0542,59713041918.6551
bitcoin,2026-08-20 20:00:00+00:00,72643.17015936306,1458058697430.7185,59728208677.84676
bitcoin,2026-08-20 21:00:00+00:00,72642.87853789292,1458052844145.131,58654548632.44403
bitcoin,2026-08-20 22:00:00+00:00,72720.75785176031,1459616000195.2483,55922052746.0048
bitcoin,2026-08-20 23:00:00+00:00,72660.83666004494,1458413290917.152,54433409440.87972
bitcoin,2026-08-21 00:00:00+00:00,73020.94563440893,1465641224678.0603,54562051680.33916
bitcoin,2026-08-21 01:00:00+00:00,73668.68338381291,1478642304574.5017,54868365440.69194
bitcoin,2026-08-21 02:00:00+00:00,75093.24557294855,1507235430195.8572,58528150840.69517
bitcoin,2026-08-21 03:00:00+00:00,74403.43561267677,1493389897161.6829,59639155083.791016
bitcoin,2026-08-21 04:00:00+00:00,74501.33277079568,1495354841733.0154,59884478303.312126
bitcoin,2026-08-21 05:00:00+00:00,74976.42430989878,1504890650111.771,60229947466.06549
bitcoin,2026-08-21 06:00:00+00:00,75401.27314952141,1513418011243.5356,60639652834.3725
bitcoin,2026-08-21 07:00:00+00:00,75589.61110387047,1517198239884.336,60725695121.53343
bitcoin,2026-08-21 08:00:00+00:00,76264.24750920974,1530739216637.5586,63457167964.54312
bitcoin,2026-08-21 09:00:00+00:00,79217.9483974556,1590024477182.6013,66540596893.42244
bitcoin,2026-08-21 10:00:00+00:00,77864.10497946087,1562850784649.1384,66892390678.52722
bitcoin,2026-08-21 11:00:00+00:00,77794.118340972,1561446046574.9497,67079595856.78127
bitcoin,2026-08-21 12:00:00+00:00,76713.5634569039,1539757669769.389,67341327066.65622
bitcoin,2026-08-21 13:00:00+00:00,77182.33751655415,1549166676745.592,68612894362.53693
bitcoin,2026-08-21 14:00:00+00:00,77240.58586265544,1550335809472.8342,68923888503.77985
bitcoin,2026-08-21 15:00:00+00:00,77342.40360768468,1552379446174.908,69364801801.70192
bitcoin,2026-08-21 16:00:00+00:00,77191.7297405987,1549355192939.5625,68089274089.231
bitcoin,2026-08-21 17:00:00+00:00,77463.76264787953,1554815306334.6416,68122763633.05104
bitcoin,2026-08-21 18:00:00+00:00,77375.10851594472,1553035883329.7378,67747365356.15733
bitcoin,2026-08-21 19:00:00+00:00,77076.68038587937,1547045977745.4248,67671847298.94544
bitcoin,2026-08-21 20:00:00+00:00,77019.47423910756,1545897763540.7837,67900837263.48978
bitcoin,2026-08-21 21:00:00+00:00,77469.94144228443,1554939324117.7578,68338473771.07448
bitcoin,2026-08-21 22:00:00+00:00,78492.97073193404,1575473074919.4873,70571865719.47836
bitcoin,2026-08-21 23:00:00+00:00,78447.00174629269,1574550407596.745,71612795967.1136
bitcoin,2026-08-22 00:00:00+00:00,78317.77716345884,1571956674056.353,71451157994.9994
bitcoin,2026-08-22 01:00:00+00:00,77924.47841173135,1564062571081.6772,69716805335.8318
bitcoin,2026-08-22 02:00:00+00:00,77861.62585151519,1562801024787.9524,67023555623.48714
bitcoin,2026-08-22 03:00:00+00:00,78450.87361456598,1574628121870.486,66460353912.51222
bitcoin,2026-08-22 04:00:00+00:00,78416.76241519109,1573943458318.2314,66368714449.67636
bitcoin,2026-08-22 05:00:00+00:00,78459.51007247694,1574801468690.9023,67072648633.80078
bitcoin,2026-08-22 06:00:00+00:00,77357.59793471967,1552684419383.4888,70115323223.58614
bitcoin,2026-08-22 07:00:00+00:00,77467.10685228396,1554882429593.541,69523615260.27214
bitcoin,2026-08-22 08:00:00+00:00,77278.78002614668,1551102424312.8435,66339546587.08273
bitcoin,2026-08-22 09:00:00+00:00,77181.36893842522,1549147235912.243,61974693199.15162
bitcoin,2026-08-22 10:00:00+00:00,77033.02620193096,1546169772006.5288,57918775901.91975
bitcoin,2026-08-22 11:00:00+00:00,76956.59153941978,1544635612302.1118,57134636271.89717
bitcoin,2026-08-22 12:00:00+00:00,77108.11920139303,1547677002496.9058,54629915389.72566
bitcoin,2026-08-22 13:00:00+00:00,77293.99101326858,1551407731914.6584,52405329816.17298
bitcoin,2026-08-22 14:00:00+00:00,77276.14980501754,1551049631782.1062,49882988729.3609
bitcoin,2026-08-22 15:00:00+00:00,76987.90262084498,1545264073236.537,47435378569.33653
bitcoin,2026-08-22 16:00:00+00:00,76964.49140518492,1544794174600.0144,45721218110.21693
bitcoin,2026-08-22 17:00:00+00:00,77292.8831428596,1551385495273.803,44567512197.31032
bitcoin,2026-08-22 18:00:00+00:00,77266.89526794103,1550863879174.5933,43299232102.59034
bitcoin,2026-08-22 19:00:00+00:00,77231.22250751803,1550147872721.6533,42075976161.16629
bitcoin,2026-08-22 20:00:00+00:00,77413.69625242811,1553810397777.1433,41068388319.33395
bitcoin,2026-08-22 21:00:00+00:00,77304.87657970993,1551626221757.4265,39761523535.13521
bitcoin,2026-08-22 22:00:00+00:00,76854.12177327243,1542578888546.4294,38310195309.01815
bitcoin,2026-08-22 23:00:00+00:00,76998.18180233128,1545470392012.7646,37565841390.18999
bitcoin,2026-08-23 00:00:00+00:00,77081.02299000922,1547133140402.384,36689774596.6109
bitcoin,2026-08-23 01:00:00+00:00,77290.19616788143,1551331563607.163,35999852091.28101
bitcoin,2026-08-23 02:00:00+00:00,77177.16566896404,1549062869913.5938,35292691419.39436
bitcoin,2026-08-23 03:00:00+00:00,77064.85571990619,1546808638749.5,34201754942.23023
bitcoin,2026-08-23 04:00:00+00:00,76922.75881020405,1543956538068.6692,33432989872.46942
bitcoin,2026-08-23 05:00:00+00:00,76603.68260333966,1537552194239.219,32961834199.472363
bitcoin,2026-08-23 06:00:00+00:00,76083.9882392138,1527121139455.168,29790273632.554066
bitcoin,2026-08-23 07:00:00+00:00,76081.55334508924,1527072267433.919,29401115396.12456
bitcoin,2026-08-23 08:00:00+00:00,75971.01505121416,1524853596078.7158,28945128083.470985
bitcoin,2026-08-23 09:00:00+00:00,76465.84871139617,1534785658796.0652,28704437550.914536
bitcoin,2026-08-23 10:00:00+00:00,76544.84171512509,1536371168292.2842,27696187630.07459
bitcoin,2026-08-23 11:00:00+00:00,76776.90646869465,1541029060170.7212,26797049618.87348
bitcoin,2026-08-23 12:00:00+00:00,77292.24300322762,1551372646699.6572,27140669571.641884
bitcoin,2026-08-23 13:00:00+00:00,77197.80300407711,1549477092556.7878,27019383684.937096
bitcoin,2026-08-23 14:00:00+00:00,77466.11997569115,1554862621482.2446,27769487674.72948
bitcoin,2026-08-23 15:00:00+00:00,77164.3936869177,1548806516846.055,28457489160.42788
bitcoin,2026-08-23 16:00:00+00:00,77160.89722861466,1548736337620.2893,28484024881.59992
bitcoin,2026-08-23 17:00:00+00:00,77413.88248105405,1553814135668.361,28148927219.97862
bitcoin,2026-08-23 18:00:00+00:00,77191.31549393748,1549346878380.245,28045218705.0843
bitcoin,2026-08-23 19:00:00+00:00,77326.15251540612,1552053262083.7192,28561143134.776714
bitcoin,2026-08-23 20:00:00+00:00,77329.71083204656,1552124682900.2175,28563724851.174576
bitcoin,2026-08-23 21:00:00+00:00,77394.20563765302,1553419191551.8542,28288618181.327477
bitcoin,2026-08-23 22:00:00+00:00,77825.21064991705,1562070116413.6018,29017180469.32741
bitcoin,2026-08-23 23:00:00+00:00,77588.632845203,1557321640747.8833,29075559344.346207
bitcoin,2026-08-24 00:00:00+00:00,77712.3200924702,1559804231557.777,29643785728.58765
bitcoin,2026-08-24 01:00:00+00:00,77653.79804479145,1558629605224.3962,29998162996.97457
bitcoin,2026-08-24 02:00:00+00:00,76945.96840911577,1544422389950.9983,30452642376.94401
bitcoin,2026-08-24 03:00:00+00:00,77457.84242039738,1554696478382.1697,31145576355.15647
bitcoin,2026-08-24 04:00:00+00:00,76947.53018623627,1544453737188.5847,31836194513.4969
bitcoin,2026-08-24 05:00:00+00:00,76869.96454486565,1542896877021.6328,31701417981.238728
bitcoin,2026-08-24 06:00:00+00:00,77147.65700118034,1548470586157.017,30278153079.2375
bitcoin,2026-08-24 07:00:00+00:00,77456.55690404038,1554670676117.4707,30266522550.82088
bitcoin,2026-08-24 08:00:00+00:00,77294.09640124028,1551409847211.2295,30580517097.85826
bitcoin,2026-08-24 09:00:00+00:00,77013.63410094751,1545780543102.5818,30704323350.167274
bitcoin,2026-08-24 10:00:00+00:00,77527.46226157369,1556093854277.497,31226375941.6922
bitcoin,2026-08-24 11:00:00+00:00,77595.54488263429,1557460375831.602,32197300026.293137
bitcoin,2026-08-24 12:00:00+00:00,78344.16814933078,1572486381204.3196,33567470515.493275
bitcoin,2026-08-24 13:00:00+00:00,79133.98779733223,1588339260485.934,36136180216.8864
bitcoin,2026-08-24 14:00:00+00:00,78563.89035232773,1576896539356.7722,38880456630.54546
bitcoin,2026-08-24 15:00:00+00:00,79458.02372190669,1594843153378.6772,42397765003.36407
bitcoin,2026-08-24 16:00:00+00:00,79027.40904999354,1586200063240.3083,46015148419.352585
bitcoin,2026-08-24 17:00:00+00:00,79041.8506333722,1586489927741.0415,48358741146.5844
bitcoin,2026-08-24 18:00:00+00:00,78747.19585805369,1580575759114.45,50450900020.71442
bitcoin,2026-08-24 19:00:00+00:00,78924.08457973282,1584126184275.63,51097089343.761314
bitcoin,2026-08-24 20:00:00+00:00,78745.95444275552,1580550842024.9475,52371370698.08029
bitcoin,2026-08-24 21:00:00+00:00,78912.78244129632,1583899333200.563,52990063224.51096
bitcoin,2026-08-24 22:00:00+00:00,78965.23807968173,1585202201434.3774,52163916029.54734
bitcoin,2026-08-24 23:00:00+00:00,78727.75628402238,1580434829430.7637,51501962630.36433
bitcoin,2026-08-25 00:00:00+00:00,78973.88693602335,1585379062421.7617,51335516518.744095
bitcoin,2026-08-25 01:00:00+00:00,79726.56639658313,1600489613144.7449,52651882615.9932
bitcoin,2026-08-25 02:00:00+00:00,79798.96543790487,1601945478409.0625,53268763895.09622
bitcoin,2026-08-25 03:00:00+00:00,80638.19676744967,1618792850130.3118,55206783232.79407
bitcoin,2026-08-25 04:00:00+00:00,80454.83096255799,1615114077423.3423,56885653224.87446
bitcoin,2026-08-25 05:00:00+00:00,80332.74384336048,1612663203777.486,56828444415.72239
bitcoin,2026-08-25 06:00:00+00:00,80697.54254113196,1619986462121.918,56844055042.49815
bitcoin,2026-08-25 07:00:00+00:00,80526.82298900929,1616559302452.0027,56938349323.38101
bitcoin,2026-08-25 08:00:00+00:00,79722.30111409762,1600408692349.179,56116595767.85981
bitcoin,2026-08-25 09:00:00+00:00,79907.40421315166,1604130831523.8762,56374637186.92774
bitcoin,2026-08-25 10:00:00+00:00,79156.6318959654,1589062894467.69,56830058739.0024
bitcoin,2026-08-25 11:00:00+00:00,79297.49284303172,1591891459404.3772,56307782778.85531
bitcoin,2026-08-25 12:00:00+00:00,79117.66650635944,1588283436584.84,55076963348.19685
bitcoin,2026-08-25 13:00:00+00:00,78972.97408414057,1585380480414.7698,53442114009.82983
bitcoin,2026-08-25 14:00:00+00:00,78600.91532693956,1577913375188.3118,51359496859.56512
bitcoin,2026-08-25 15:00:00+00:00,79223.1721233044,1590406131053.4011,50223919341.646095
bitcoin,2026-08-25 16:00:00+00:00,79498.8934370439,1595942750214.3528,47065177556.27103
bitcoin,2026-08-25 17:00:00+00:00,79140.47886151345,1588749307590.262,45125248799.47237
bitcoin,2026-08-25 18:00:00+00:00,79230.95939211696,1590566897501.9866,43263674289.98271
bitcoin,2026-08-25 19:00:00+00:00,79124.339918888,1588429036305.6685,42323548512.915
bitcoin,2026-08-25 20:00:00+00:00,78924.6713913788,1584421617745.1252,41471329330.88889
bitcoin,2026-08-25 21:00:00+00:00,78199.0582107816,1569856572255.241,41583572011.302765
bitcoin,2026-08-25 22:00:00+00:00,78566.13452229745,1577226935455.2996,42651134171.56247
bitcoin,2026-08-25 23:00:00+00:00,78879.4177779762,1583517090358.5522,42922225195.61888
bitcoin,2026-08-26 00:00:00+00:00,78511.2331116067,1576126744181.299,42844457202.96398
bitcoin,2026-08-26 01:00:00+00:00,78625.61544180397,1578423697107.4558,41958740564.308464
bitcoin,2026-08-26 02:00:00+00:00,78811.09430064046,1582149189604.066,40719401637.444855
bitcoin,2026-08-26 03:00:00+00:00,79096.82822982507,1587886307112.777,37735048271.474434
bitcoin,2026-08-26 04:00:00+00:00,79069.0901403206,1587331435563.1104,36390045738.35532
bitcoin,2026-08-26 05:00:00+00:00,78815.58561628273,1582243530930.3071,35660053008.29215
bitcoin,2026-08-26 06:00:00+00:00,79060.71623282021,1587165620070.8298,35237495283.05165
bitcoin,2026-08-26 07:00:00+00:00,78930.1698975655,1584544866490.3494,34688242894.59615
bitcoin,2026-08-26 08:00:00+00:00,78913.1467133613,1584203121386.0745,33454605529.69921
bitcoin,2026-08-26 09:00:00+00:00,78675.50711949496,1579435116155.5613,33173696963.04876
bitcoin,2026-08-26 10:00:00+00:00,78423.32059652456,1574373883824.3862,32181181180.599804
bitcoin,2026-08-26 11:00:00+00:00,78712.43221920858,1580178839027.567,31798530431.300613
bitcoin,2026-08-26 12:00:00+00:00,78472.10325182501,1575355408849.1448,31372738056.16724
bitcoin,2026-08-26 13:00:00+00:00,78325.11196243031,1572406229538.1104,31229186543.661987
bitcoin,2026-08-26 14:00:00+00:00,78436.34785342895,1574639332097.0747,30328417185.10749
bitcoin,2026-08-26 15:00:00+00:00,77778.81759411356,1561441808074.6785,29677284994.192474
bitcoin,2026-08-26 16:00:00+00:00,78011.0248049709,1566103463502.0105,29759849320.8647
bitcoin,2026-08-26 17:00:00+00:00,77992.9645061395,1565747212992.252,29696152375.473392
bitcoin,2026-08-26 18:00:00+00:00,78425.3872558423,1574430508787.7944,29722477606.743145
bitcoin,2026-08-26 19:00:00+00:00,78462.78992712124,1575183348470.259,29661165650.82048
bitcoin,2026-08-26 20:00:00+00:00,78454.8306474836,1575024581498.5652,29323584716.326355
bitcoin,2026-08-26 21:00:00+00:00,78443.5651838574,1574799127010.9617,28587056638.77414
bitcoin,2026-08-26 22:00:00+00:00,78706.17814257603,1580073198975.8523,27945689439.48624
bitcoin,2026-08-26 23:00:00+00:00,78708.99798302965,1580129808945.1245,28267136735.522167
bitcoin,2026-08-27 00:00:00+00:00,79018.03405750773,1586333891398.6638,28508064828.85475
bitcoin,2026-08-27 01:00:00+00:00,78702.39106385609,1580002837696.9685,28189555047.829376
bitcoin,2026-08-27 02:00:00+00:00,78906.21090289645,1584094656505.8967,28197577796.860214
bitcoin,2026-08-27 03:00:00+00:00,78717.16727941387,1580302235151.329,27995253856.678417
bitcoin,2026-08-27 04:00:00+00:00,78817.00293207057,1582307924469.422,28025145537.256897
bitcoin,2026-08-27 05:00:00+00:00,78761.6101358522,1581197134499.0725,27615479860.2799
bitcoin,2026-08-27 06:00:00+00:00,78872.10921659994,1583415484651.409,27555280909.03827
bitcoin,2026-08-27 07:00:00+00:00,78800.49362607743,1581980191921.1282,27337963388.33703
bitcoin,2026-08-27 08:00:00+00:00,79074.23394794346,1587477240704.38,27205814105.51448
bitcoin,2026-08-27 09:00:00+00:00,79691.28956416981,1599866869180.0977,28940261362.260887
bitcoin,2026-08-27 10:00:00+00:00,79981.02030000853,1605683447225.033,29953849972.00601
bitcoin,2026-08-27 11:00:00+00:00,79596.88892982739,1597971700358.7622,30110263382.011795
bitcoin,2026-08-27 12:00:00+00:00,79479.42013840542,1595613419691.1204,30487277190.66087
bitcoin,2026-08-27 13:00:00+00:00,79292.77437944377,1591866355643.4834,29749461818.494545
bitcoin,2026-08-27 14:00:00+00:00,79512.64023477088,1596288291165.078,30056178457.875847
bitcoin,2026-08-27 15:00:00+00:00,80190.32101475948,1609894870418.235,31023740887.82621
bitcoin,2026-08-27 16:00:00+00:00,80329.18870706021,1612683972731.6184,32183693094.64036
bitcoin,2026-08-27 17:00:00+00:00,80381.45508232129,1613733269345.3774,32918268812.658607
bitcoin,2026-08-27 18:00:00+00:00,80453.84935448112,1615189468294.329,33726866183.763187
bitcoin,2026-08-27 19:00:00+00:00,80122.89392879306,1608545215442.101,34122913661.967552
bitcoin,2026-08-27 20:00:00+00:00,79938.27018342797,1604838713745.7454,34328928032.81883
bitcoin,2026-08-27 21:00:00+00:00,80083.09621459675,1607750962429.5156,34469876144.47923
bitcoin,2026-08-27 22:00:00+00:00,80181.41607946662,1609724835379.5186,34252385511.419228
bitcoin,2026-08-27 23:00:00+00:00,80297.0041788454,1612045385992.6423,33989950626.428143
bitcoin,2026-08-28 00:00:00+00:00,80268.37474707834,1611476640675.192,33271382525.81097
bitcoin,2026-08-28 01:00:00+00:00,80591.31114455192,1617959946990.939,33546463767.016075
bitcoin,2026-08-28 02:00:00+00:00,80500.65742009522,1616141260948.009,34910780568.54267
bitcoin,2026-08-28 03:00:00+00:00,79935.57059402476,1604796507191.965,35900842476.570755
bitcoin,2026-08-28 04:00:00+00:00,79818.12475925282,1602440326112.9746,36032701248.261566
bitcoin,2026-08-28 05:00:00+00:00,79647.27780794752,1599011652131.3594,36464647557.038704
bitcoin,2026-08-28 06:00:00+00:00,79696.44412894675,1600000715567.787,36639384305.971245
bitcoin,2026-08-28 07:00:00+00:00,79911.61337955634,1604321212884.1953,36588636642.338776
bitcoin,2026-08-28 08:00:00+00:00,79687.2427995466,1599816705143.286,37273023168.5333
bitcoin,2026-08-28 09:00:00+00:00,79513.04910479934,1596321864264.0002,35717801528.26448
bitcoin,2026-08-28 10:00:00+00:00,79292.20300894548,1591890090658.3416,34812984746.4531
bitcoin,2026-08-28 11:00:00+00:00,79557.5601810478,1597217467584.7607,34514685828.2523
bitcoin,2026-08-28 12:00:00+00:00,79600.2788053087,1598078042575.3943,34083314256.15611
bitcoin,2026-08-28 13:00:00+00:00,79407.60449431959,1594209857810.45,33912948442.76691
bitcoin,2026-08-28 14:00:00+00:00,79438.06518585574,1594823619661.7734,33598510231.08305
bitcoin,2026-08-28 15:00:00+00:00,79607.76745531596,1598233402151.5325,35196237431.75899
bitcoin,2026-08-28 16:00:00+00:00,78370.57900691858,1573395173845.5498,34346987083.97668
bitcoin,2026-08-28 17:00:00+00:00,77798.28323867955,1561908675630.1936,36726294143.7631
bitcoin,2026-08-28 18:00:00+00:00,77896.96429182867,1563891548672.0403,36530939929.26548
bitcoin,2026-08-28 19:00:00+00:00,77532.27507668122,1556571138253.185,36349067558.43845
bitcoin,2026-08-28 20:00:00+00:00,77528.00468786708,1556486334435.682,36290392468.86145
bitcoin,2026-08-28 21:00:00+00:00,77398.34418104916,1553884915813.7546,36123149720.68825
bitcoin,2026-08-28 22:00:00+00:00,77346.05408680951,1552835115723.776,36137294823.94797
bitcoin,2026-08-28 23:00:00+00:00,77738.78291524075,1560719721124.08,36092226691.89178
bitcoin,2026-08-29 00:00:00+00:00,77820.76428719184,1562365617022.764,36320805552.04175
bitcoin,2026-08-29 01:00:00+00:00,77727.30394647292,1560492917227.099,35899715118.1625
bitcoin,2026-08-29 02:00:00+00:00,77790.60032689421,1561763687578.295,33896427272.68948
bitcoin,2026-08-29 03:00:00+00:00,77669.86720102842,1559343205364.4087,32596219538.342804
bitcoin,2026-08-29 04:00:00+00:00,77512.81226451545,1556190083607.5945,32036448280.166565
bitcoin,2026-08-29 05:00:00+00:00,77645.86029492349,1558861229441.6272,31498855884.595547
bitcoin,2026-08-29 06:00:00+00:00,77629.1915003392,1558526577503.7097,31260649451.46628
bitcoin,2026-08-29 07:00:00+00:00,77461.03011140913,1555156750809.7402,31128155500.749954
bitcoin,2026-08-29 08:00:00+00:00,77634.23863196258,1558634194882.5735,30794008793.91641
bitcoin,2026-08-29 09:00:00+00:00,77634.0205335061,1558632999194.5286,30241448242.90813
bitcoin,2026-08-29 10:00:00+00:00,77649.82587406744,1558950317880.243,29701226532.46669
bitcoin,2026-08-29 11:00:00+00:00,77644.01867275102,1558833728586.7534,29161783925.95445
bitcoin,2026-08-29 12:00:00+00:00,77583.93504642752,1557627449148.235,28746380383.729343
bitcoin,2026-08-29 13:00:00+00:00,77583.37579710639,1557620565950.4155,28498438796.79125
bitcoin,2026-08-29 14:00:00+00:00,77699.90411195564,1559960073581.527,27456889767.39264
bitcoin,2026-08-29 15:00:00+00:00,78010.76127895089,1566203253604.0288,24250901019.39204
bitcoin,2026-08-29 16:00:00+00:00,77856.29959887669,1563102163678.444,22456241245.252235
bitcoin,2026-08-29 17:00:00+00:00,78020.82329523691,1566405266280.0574,18878826241.648567
bitcoin,2026-08-29 18:00:00+00:00,78078.6121720806,1567571335529.2417,17860702730.902496
bitcoin,2026-08-29 19:00:00+00:00,78157.9775371948,1569166225791.5625,17076656360.291836
bitcoin,2026-08-29 20:00:00+00:00,78176.76687159947,1569543456496.3723,16443705239.817257
bitcoin,2026-08-29 21:00:00+00:00,78124.8062583233,1568502438396.412,16064800937.179996
bitcoin,2026-08-29 22:00:00+00:00,78156.64522669006,1569141665575.4744,15709246422.4403
bitcoin,2026-08-29 23:00:00+00:00,78221.78563841502,1570449481869.9675,15410953375.36754
bitcoin,2026-08-30 00:00:00+00:00,78225.13950818499,1570516817114.2285,15083877886.534475
bitcoin,2026-08-30 01:00:00+00:00,78184.082081203,1569692512038.545,14879165765.31353
bitcoin,2026-08-30 02:00:00+00:00,78074.69310281289,1567504832678.2434,14859757551.000216
bitcoin,2026-08-30 03:00:00+00:00,78102.99055280742,1568072960298.809,14636652671.57117
bitcoin,2026-08-30 04:00:00+00:00,78140.31358520618,1568825967041.787,14610120987.944752
bitcoin,2026-08-30 05:00:00+00:00,78098.43955847349,1567987447414.0437,14592585234.90378
bitcoin,2026-08-30 06:00:00+00:00,78124.3509411007,1568507671927.2898,14421459446.768978
bitcoin,2026-08-30 07:00:00+00:00,78274.40362063059,1571520289327.6355,14173506733.146915
bitcoin,2026-08-30 08:00:00+00:00,78116.43763229004,1568355670158.4448,13468989829.677277
bitcoin,2026-08-30 09:00:00+00:00,78068.84562281353,1567401563341.8289,13156342603.424889
bitcoin,2026-08-30 10:00:00+00:00,78002.45447823798,1566070333033.2983,13072223151.255032
bitcoin,2026-08-30 11:00:00+00:00,78133.05344833987,1568694112688.8108,13021255208.662403
bitcoin,2026-08-30 12:00:00+00:00,78152.86598904736,1569091893328.2915,12969774752.894615
bitcoin,2026-08-30 13:00:00+00:00,78735.78429730616,1580797001717.8943,13851597358.671442
bitcoin,2026-08-30 14:00:00+00:00,78858.0653239032,1583253565172.7273,14248326872.260723
bitcoin,2026-08-30 15:00:00+00:00,78776.41086229906,1581615112960.4893,14205620036.84643
bitcoin,2026-08-30 16:00:00+00:00,78808.51221668017,1582261117817.294,14450711760.201218
bitcoin,2026-08-30 17:00:00+00:00,79316.04886350794,1592452107847.308,15135748616.517338
bitcoin,2026-08-30 18:00:00+00:00,79003.09297584732,1586169746641.0952,15604839938.674494
bitcoin,2026-08-30 19:00:00+00:00,79022.03995992609,1586550151151.9036,15693430808.131214
bitcoin,2026-08-30 20:00:00+00:00,78846.40212817515,1583028467542.562,15744991109.005266
bitcoin,2026-08-30 21:00:00+00:00,78587.38166673134,1577828017641.5637,15994506305.75867
bitcoin,2026-08-30 22:00:00+00:00,78640.12513815566,1578886967885.1775,16462798899.395
bitcoin,2026-08-30 23:00:00+00:00,78415.92036320959,1574385525438.6138,16919065501.049732
bitcoin,2026-08-31 00:00:00+00:00,77658.23133225394,1559173121661.4866,18928816149.23794
bitcoin,2026-08-31 01:00:00+00:00,77910.28168235716,1564242200182.174,19877136820.95312
bitcoin,2026-08-31 02:00:00+00:00,77619.19490947893,1558400317225.402,20313443473.124893
bitcoin,2026-08-31 03:00:00+00:00,77453.7976096339,1555079550952.9958,20942750230.94143
bitcoin,2026-08-31 04:00:00+00:00,77740.1492283802,1560830256077.4297,21154078323.023487
bitcoin,2026-08-31 05:00:00+00:00,77612.73280724128,1558272048932.1038,21616227511.69433
bitcoin,2026-08-31 06:00:00+00:00,77990.41768119356,1565855028697.1118,22428080698.694405
bitcoin,2026-08-31 07:00:00+00:00,78077.85980076663,1567610650563.546,23285003134.40703
bitcoin,2026-08-31 08:00:00+00:00,78183.05727955054,1569722756204.9517,24123043528.79218
bitcoin,2026-08-31 09:00:00+00:00,78465.9818304446,1575403182646.188,25095324677.0177
bitcoin,2026-08-31 10:00:00+00:00,78501.69227668509,1576127539396.6794,25797403486.410072
bitcoin,2026-08-31 11:00:00+00:00,78669.88490276886,1579504447870.9546,26503441403.12277
bitcoin,2026-08-31 12:00:00+00:00,78282.14198817499,1571723405142.4314,26774941086.310837
bitcoin,2026-08-31 13:00:00+00:00,77902.4125035204,1564101501229.1692,26970502976.93909
bitcoin,2026-08-31 14:00:00+00:00,77841.57927993884,1562880810407.7795,27940674046.598595
bitcoin,2026-08-31 15:00:00+00:00,78590.3128650354,1577913667694.0757,29589924824.625942
bitcoin,2026-08-31 16:00:00+00:00,78554.14249397103,1577187449400.912,30550142204.025414
bitcoin,2026-08-31 17:00:00+00:00,78623.47336005233,1578584407841.6248,30610431740.937687
bitcoin,2026-08-31 18:00:00+00:00,78871.16683070223,1583557541614.3025,30922876635.58357
bitcoin,2026-08-31 19:00:00+00:00,79029.07045078847,1586727894970.079,31497087904.325924
bitcoin,2026-08-31 20:00:00+00:00,78899.17790827646,1584119941727.3452,32093759359.64385
bitcoin,2026-08-31 21:00:00+00:00,78848.31861249713,1583105660033.7488,32157057996.267063
bitcoin,2026-08-31 22:00:00+00:00,78955.16797650147,1585250966819.016,32125853243.28641
bitcoin,2026-08-31 23:00:00+00:00,78557.79779181909,1577272623088.0483,31568231994.27561
bitcoin,2026-09-01 00:00:00+00:00,78552.77932895812,1577171863083.2737,29723745445.38036
bitcoin,2026-09-01 01:00:00+00:00,78630.13146043592,1578732083846.454,29453807938.88374
bitcoin,2026-09-01 02:00:00+00:00,78349.119390689,1573089936717.6423,29240725697.82128
bitcoin,2026-09-01 03:00:00+00:00,78421.83031494952,1574549823237.5315,29301807185.44258
bitcoin,2026-09-01 04:00:00+00:00,78660.94843747084,1579350825662.963,29698450948.247414
bitcoin,2026-09-01 05:00:00+00:00,78698.40414375108,1580108998048.7625,29620771657.883938
bitcoin,2026-09-01 06:00:00+00:00,79133.60153164144,1588846904693.9443,29732632576.59215
bitcoin,2026-09-01 07:00:00+00:00,78720.23655912721,1580547349961.4895,29267417602.6327
bitcoin,2026-09-01 08:00:00+00:00,78612.90671691917,1578396544546.4673,28977980977.311714
bitcoin,2026-09-01 09:00:00+00:00,77869.1642668092,1563463621158.7937,29284537395.553062
bitcoin,2026-09-01 10:00:00+00:00,77891.45238039519,1563915018348.1936,29785259059.912167
bitcoin,2026-09-01 11:00:00+00:00,78010.95910528673,1566314490384.467,29763147238.06432
bitcoin,2026-09-01 12:00:00+00:00,78067.53602493987,1567452401046.9707,29688223973.83692
bitcoin,2026-09-01 13:00:00+00:00,77981.92348502502,1565733458858.1665,29137101821.302505
bitcoin,2026-09-01 14:00:00+00:00,78045.63777896867,1567017095138.2554,29668169305.810608
bitcoin,2026-09-01 15:00:00+00:00,77963.62737001118,1565370472514.969,28861881252.818737
cardano,2026-06-03 15:00:00+00:00,0.2141337693919277,7954149240.832805,616083928.5082488
cardano,2026-06-03 16:00:00+00:00,0.2117314348943311,7864912838.865259,571366115.5781289
cardano,2026-06-03 17:00:00+00:00,0.209235648222131,7772205090.244693,602869542.1648237
cardano,2026-06-03 18:00:00+00:00,0.20965942048858,7787946408.678647,585466954.2910244
cardano,2026-06-03 19:00:00+00:00,0.2081337038799564,7731272593.807356,585333151.6816324
cardano,2026-06-03 20:00:00+00:00,0.2045371796464808,7597677175.473423,548443023.219428
cardano,2026-06-03 21:00:00+00:00,0.201895178674219,7499538193.997164,582519330.298742
cardano,2026-06-03 22:00:00+00:00,0.205162174320583,7620893041.549342,608552503.4035063
cardano,2026-06-03 23:00:00+00:00,0.2023498790735833,7519323650.440896,608118466.1514474
cardano,2026-06-04 00:00:00+00:00,0.2002106048145153,7439828196.306524,608721621.7832681
cardano,2026-06-04 01:00:00+00:00,0.1973404014639355,7333171409.38677,641714762.8198344
cardano,2026-06-04 02:00:00+00:00,0.1921124197763841,7138899554.482512,672509087.3642764
cardano,2026-06-04 03:00:00+00:00,0.1950661221364851,7248659165.480818,762917496.6448865
cardano,2026-06-04 04:00:00+00:00,0.1996374083690698,7418528210.320271,792342400.572741
cardano,2026-06-04 05:00:00+00:00,0.1988359778209833,7388747042.6615505,799933685.9410441
cardano,2026-06-04 06:00:00+00:00,0.1963386635334504,7295946817.275691,805052977.1967068
cardano,2026-06-04 07:00:00+00:00,0.1975970962987651,7342710192.168932,814750022.0412285
cardano,2026-06-04 08:00:00+00:00,0.1949131874803895,7242976112.039832,795152055.4709576
cardano,2026-06-04 09:00:00+00:00,0.1934752012604912,7189540528.871744,811913483.1814276
cardano,2026-06-04 10:00:00+00:00,0.1897115993826409,7049685043.212312,783381619.1618459
cardano,2026-06-04 11:00:00+00:00,0.1877709680878862,6977571163.73661,843193948.3409815
cardano,2026-06-04 12:00:00+00:00,0.1900802531301833,7063384220.377182,868318046.9175861
cardano,2026-06-04 13:00:00+00:00,0.1916559738604497,7121938019.409963,891035938.7865118
cardano,2026-06-04 14:00:00+00:00,0.1891121824616252,7027410704.076043,910455770.0995094
cardano,2026-06-04 15:00:00+00:00,0.189460210440436,7040343427.456301,916935705.3654988
cardano,2026-06-04 16:00:00+00:00,0.1887389292845807,7013540612.06214,891614976.1845922
cardano,2026-06-04 17:00:00+00:00,0.1869094316872946,6945556461.961928,896500941.2095166
cardano,2026-06-04 18:00:00+00:00,0.1882298789465675,6994624296.107753,913209056.8035908
cardano,2026-06-04 19:00:00+00:00,0.1882145777776173,6994055704.507435,918481173.6324486
cardano,2026-06-04 20:00:00+00:00,0.1865796286189984,6933300976.4495,918351751.9996974
cardano,2026-06-04 21:00:00+00:00,0.1843401297312831,6850081174.052631,896002643.1442412
cardano,2026-06-04 22:00:00+00:00,0.1804166068763417,6704283023.189999,901772115.8446552
cardano,2026-06-04 23:00:00+00:00,0.181745340080442,6753658763.133407,906008458.4753522
cardano,2026-06-05 00:00:00+00:00,0.1796558039976249,6676011580.155538,845978719.8232396
cardano,2026-06-05 01:00:00+00:00,0.1743575870615132,6479129782.670578,862769490.9026872
cardano,2026-06-05 02:00:00+00:00,0.1723315975076053,6403843989.380305,824362824.3898188
cardano,2026-06-05 03:00:00+00:00,0.1634670436400265,6074437073.7337,790314701.5725913
cardano,2026-06-05 04:00:00+00:00,0.1582828570967944,5881792646.856393,854735724.6153868
cardano,2026-06-05 05:00:00+00:00,0.1685818802081668,6264504454.801772,952178121.5583576
cardano,2026-06-05 06:00:00+00:00,0.164583310223724,6115917551.811677,892626666.1437849
cardano,2026-06-05 07:00:00+00:00,0.1616798648396343,6008025490.574468,1003735285.1422445
cardano,2026-06-05 08:00:00+00:00,0.163168970635123,6063360677.713151,1011900379.6007472
cardano,2026-06-05 09:00:00+00:00,0.1605659737100223,5966633284.395476,1000304726.6749632
cardano,2026-06-05 10:00:00+00:00,0.1639773346713038,6093399493.862925,1018552799.9432404
cardano,2026-06-05 11:00:00+00:00,0.1638953560212339,6090353166.357695,1075115910.618784
cardano,2026-06-05 12:00:00+00:00,0.1623300106069666,6032184914.177375,1067289548.1126451
cardano,2026-06-05 13:00:00+00:00,0.1622522479657074,6029295253.604222,1085078054.8126535
cardano,2026-06-05 14:00:00+00:00,0.1598128460909757,5938647054.091686,1019593008.115198
cardano,2026-06-05 15:00:00+00:00,0.1603971234249124,5960358806.011682,1106091261.017273
cardano,2026-06-05 16:00:00+00:00,0.1572344653543405,5842834398.598218,1120862883.508293
cardano,2026-06-05 17:00:00+00:00,0.1630459667831134,6058789853.269147,1150502518.2673051
cardano,2026-06-05 18:00:00+00:00,0.1608188164462017,5976028923.150984,1156884270.5922666
cardano,2026-06-05 19:00:00+00:00,0.1577348598538245,5861429063.501142,1145641755.11609
cardano,2026-06-05 20:00:00+00:00,0.1605601509301496,5966416909.833709,1218260002.410101
cardano,2026-06-05 21:00:00+00:00,0.1622634249496342,6029710590.445371,1225549731.3524315
cardano,2026-06-05 22:00:00+00:00,0.1625917962746485,6041912872.362274,1207087923.2068596
cardano,2026-06-05 23:00:00+00:00,0.1596096748846495,5931097209.911837,1208774931.7114158
cardano,2026-06-06 00:00:00+00:00,0.1566463539315169,5820980171.89456,1127076474.438127
cardano,2026-06-06 01:00:00+00:00,0.1612501507270351,5992057309.597101,1150421506.5954328
cardano,2026-06-06 02:00:00+00:00,0.1586621558258674,5895887391.647733,1162842072.7420473
cardano,2026-06-06 03:00:00+00:00,0.1555886790046097,5781676960.403736,1031053936.4937762
cardano,2026-06-06 04:00:00+00:00,0.1552748292762764,5770014301.173368,1029928652.4479816
cardano,2026-06-06 05:00:00+00:00,0.1496886847605348,5562433111.778527,974022567.3334156
cardano,2026-06-06 06:00:00+00:00,0.1537083233376269,5711802923.89471,1025446536.7436222
cardano,2026-06-06 07:00:00+00:00,0.1539332190897908,5720160052.428079,974503416.2636852
cardano,2026-06-06 08:00:00+00:00,0.1572078754880126,5841846318.883732,1014393172.886503
cardano,2026-06-06 09:00:00+00:00,0.1594524290719312,5925253953.845073,965763017.2486584
cardano,2026-06-06 10:00:00+00:00,0.1566231464962719,5820117783.354953,977207507.8950112
cardano,2026-06-06 11:00:00+00:00,0.1542029760248961,5730184222.994892,959217468.4544722
cardano,2026-06-06 12:00:00+00:00,0.1561929674055621,5804132323.786067,929790929.5413069
cardano,2026-06-06 13:00:00+00:00,0.1582890493824325,5882022752.256318,855591218.4679486
cardano,2026-06-06 14:00:00+00:00,0.1584002931658427,5886156572.426563,934938710.741205
cardano,2026-06-06 15:00:00+00:00,0.1600281867555855,5946649115.470299,831334896.2978473
cardano,2026-06-06 16:00:00+00:00,0.1584828812072918,5889225544.921901,886756940.6068435
cardano,2026-06-06 17:00:00+00:00,0.1597481418986697,5936242645.619999,818257746.7193917
cardano,2026-06-06 18:00:00+00:00,0.157710077904892,5860508166.016224,822454858.4820544
cardano,2026-06-06 19:00:00+00:00,0.1570000060321556,5834121887.701534,804156297.1276174
cardano,2026-06-06 20:00:00+00:00,0.157060004015254,5836351413.389197,783440429.3816413
cardano,2026-06-06 21:00:00+00:00,0.1570844178203812,5837258630.64641,741128333.8130852
cardano,2026-06-06 22:00:00+00:00,0.1570761102698311,5836949921.979941,741376241.3039249
cardano,2026-06-06 23:00:00+00:00,0.156246336285259,5806115511.921094,688522400.1277026
cardano,2026-06-07 00:00:00+00:00,0.1571867981984991,5841063086.582077,698532873.1809672
cardano,2026-06-07 01:00:00+00:00,0.1574450711689785,5850660512.901711,691867657.1161648
cardano,2026-06-07 02:00:00+00:00,0.1607433827354997,5973225805.662013,702983596.0004026
cardano,2026-06-07 03:00:00+00:00,0.1608144899351903,5975868149.955955,702191424.532584
cardano,2026-06-07 04:00:00+00:00,0.1614742522914815,6000384926.106473,680803064.8872892
cardano,2026-06-07 05:00:00+00:00,0.1622110748202166,6027765259.08152,630171868.6472212
cardano,2026-06-07 06:00:00+00:00,0.1611964418943214,5990061488.804368,584351719.0616041
cardano,2026-06-07 07:00:00+00:00,0.1612786298710262,5993115594.88957,556153266.4086999
cardano,2026-06-07 08:00:00+00:00,0.162229701321808,6028457420.078019,534803347.5892105
cardano,2026-06-07 09:00:00+00:00,0.1648879668023133,6127238593.500149,515157041.58651215
cardano,2026-06-07 10:00:00+00:00,0.1649581346665368,6129846032.07818,554944450.0907173
cardano,2026-06-07 11:00:00+00:00,0.1643239030017885,6106277976.695916,546906274.8149796
cardano,2026-06-07 12:00:00+00:00,0.1647121383406737,6120704806.002569,557522647.0429486
cardano,2026-06-07 13:00:00+00:00,0.1615093627407838,6001689630.7745695,542889525.6325011
cardano,2026-06-07 14:00:00+00:00,0.1619500994637292,6018067412.069196,529456760.7040887
cardano,2026-06-07 15:00:00+00:00,0.1625960253039723,6042070023.136754,501571725.22525287
cardano,2026-06-07 16:00:00+00:00,0.161885274861673,6015658529.169916,472429124.45186174
cardano,2026-06-07 17:00:00+00:00,0.1623531512839205,6033044821.978175,501941017.48401856
cardano,2026-06-07 18:00:00+00:00,0.1629815535827546,6056396258.061302,484542525.23095065
cardano,2026-06-07 19:00:00+00:00,0.1623319366715685,6032256486.7583885,433944842.24442345
cardano,2026-06-07 20:00:00+00:00,0.1585387707030467,5891302399.176347,491656177.2946503
cardano,2026-06-07 21:00:00+00:00,0.1607784085413761,5974527364.979507,502657521.4084268
cardano,2026-06-07 22:00:00+00:00,0.1607071027932272,5971877642.622749,501290620.9829289
cardano,2026-06-07 23:00:00+00:00,0.1645626438196399,6115149588.016936,556146839.1619897
cardano,2026-06-08 00:00:00+00:00,0.165093155613004,6134863411.879562,567070481.0227826
cardano,2026-06-08 01:00:00+00:00,0.1652265071373909,6139818755.938751,571328881.7790248
cardano,2026-06-08 02:00:00+00:00,0.163111164231329,6061212591.135659,552609479.6509881
cardano,2026-06-08 03:00:00+00:00,0.1634926085045672,6075387064.370911,551037826.8461614
cardano,2026-06-08 04:00:00+00:00,0.1639037302466098,6090664352.661393,545084414.5985993
cardano,2026-06-08 05:00:00+00:00,0.1617324832770116,6009980792.264943,540069076.3462427
cardano,2026-06-08 06:00:00+00:00,0.1606294113082338,5968990626.21719,533256153.5624508
cardano,2026-06-08 07:00:00+00:00,0.1616230385083141,6005913823.500485,525161243.5579624
cardano,2026-06-08 08:00:00+00:00,0.1636796600134222,6082337900.42193,518913657.4984336
cardano,2026-06-08 09:00:00+00:00,0.163249287326461,6066345246.814294,510907935.9109527
cardano,2026-06-08 10:00:00+00:00,0.1650808308405377,6134405423.204123,504174239.0400319
cardano,2026-06-08 11:00:00+00:00,0.1643260610229056,6106358168.783494,501640303.355166
cardano,2026-06-08 12:00:00+00:00,0.1676144487842997,6228554692.840124,514877771.46395206
cardano,2026-06-08 13:00:00+00:00,0.1676724509413557,6230710053.610904,503379530.8378341
cardano,2026-06-08 14:00:00+00:00,0.1662704351072499,6178611130.360003,504913708.85321546
cardano,2026-06-08 15:00:00+00:00,0.1680401607353094,6244374153.450419,516881387.3159374
cardano,2026-06-08 16:00:00+00:00,0.1691379736311007,6285168892.290271,543983363.911804
cardano,2026-06-08 17:00:00+00:00,0.167847221610498,6237204533.528074,551813867.4239357
cardano,2026-06-08 18:00:00+00:00,0.1698469994084335,6311516297.688681,561346592.837167
cardano,2026-06-08 19:00:00+00:00,0.1708635641665251,6349291854.870719,570818643.67683
cardano,2026-06-08 20:00:00+00:00,0.171780598893077,6383368875.02614,556867520.7374061
cardano,2026-06-08 21:00:00+00:00,0.1705763059217567,6338617335.451383,555349941.2194631
cardano,2026-06-08 22:00:00+00:00,0.1723111939874056,6403085794.353489,561317228.4181848
cardano,2026-06-08 23:00:00+00:00,0.1720923435558332,6396094332.99062,516779073.197082
cardano,2026-06-09 00:00:00+00:00,0.1703263678559951,6330458948.33291,503624917.6568141
cardano,2026-06-09 01:00:00+00:00,0.1668002706761187,6199405760.702487,510538414.9777485
cardano,2026-06-09 02:00:00+00:00,0.1668794964293212,6202350315.821067,507168378.1118429
cardano,2026-06-09 03:00:00+00:00,0.1671657376426145,6212988940.203676,484296382.3530409
cardano,2026-06-09 04:00:00+00:00,0.1663497195783594,6182660289.849128,497643433.4060112
cardano,2026-06-09 05:00:00+00:00,0.1685377323266028,6263981373.927514,508407044.788088
cardano,2026-06-09 06:00:00+00:00,0.1698472936770365,6312653370.363518,503251979.3092908
cardano,2026-06-09 07:00:00+00:00,0.1694794332824065,6298981235.178365,510467501.2013139
cardano,2026-06-09 08:00:00+00:00,0.1701338401195188,6323303339.089784,509664070.4041245
cardano,2026-06-09 09:00:00+00:00,0.1688748026701778,6276509146.342095,485342624.2269543
cardano,2026-06-09 10:00:00+00:00,0.1677304685493646,6233978091.014776,482002799.8561263
cardano,2026-06-09 11:00:00+00:00,0.167708652975443,6233167279.413008,462460102.0347758
cardano,2026-06-09 12:00:00+00:00,0.1675075668938661,6225693585.230906,461161182.7640208
cardano,2026-06-09 13:00:00+00:00,0.1686331842954328,6267529002.975338,453489190.2833677
cardano,2026-06-09 14:00:00+00:00,0.1684794217829625,6261814166.89189,457654222.793284
cardano,2026-06-09 15:00:00+00:00,0.166074835921048,6172443787.671092,438796144.1056714
cardano,2026-06-09 16:00:00+00:00,0.1631300969423609,6062997731.533178,436992059.1575013
cardano,2026-06-09 17:00:00+00:00,0.1620432065149457,6022601665.329823,438022821.6473859
cardano,2026-06-09 18:00:00+00:00,0.1651031693857223,6136330206.487064,446907485.08218217
cardano,2026-06-09 19:00:00+00:00,0.1668563701467112,6201490789.580161,447135043.4024482
cardano,2026-06-09 20:00:00+00:00,0.168471687295852,6261526701.986979,460001381.4914
cardano,2026-06-09 21:00:00+00:00,0.1680325831631279,6245206676.37237,447006201.26257575
cardano,2026-06-09 22:00:00+00:00,0.1658380326939967,6163642607.169501,441472530.0195122
cardano,2026-06-09 23:00:00+00:00,0.1650272768711376,6133509536.651196,431052974.8308919
cardano,2026-06-10 00:00:00+00:00,0.1651792628883459,6139158346.373197,432501140.7896569
cardano,2026-06-10 01:00:00+00:00,0.1661122980260384,6173836128.274282,396434356.1200765
cardano,2026-06-10 02:00:00+00:00,0.1646863314478469,6120837740.5404005,405547839.7875879
cardano,2026-06-10 03:00:00+00:00,0.1619506395377134,6019161261.728683,406683275.874257
cardano,2026-06-10 04:00:00+00:00,0.1622545210857424,6030455518.097609,408024830.2154833
cardano,2026-06-10 05:00:00+00:00,0.1614681871849811,6001230128.387775,396280746.800684
cardano,2026-06-10 06:00:00+00:00,0.1603662566741478,5960275072.805052,401060444.6584127
cardano,2026-06-10 07:00:00+00:00,0.1604830707862873,5964616660.961914,411591457.2357943
cardano,2026-06-10 08:00:00+00:00,0.1613004584366299,5994996214.230748,409711193.84357977
cardano,2026-06-10 09:00:00+00:00,0.1593810367343539,5923657757.104308,414929996.6892452
cardano,2026-06-10 10:00:00+00:00,0.1602719793955527,5956771103.047348,421614951.9510947
cardano,2026-06-10 11:00:00+00:00,0.1605927321073039,5968692403.899747,401386043.931591
cardano,2026-06-10 12:00:00+00:00,0.1594650492501019,5926780220.107443,423544302.1510615
cardano,2026-06-10 13:00:00+00:00,0.1619955270120924,6020829578.369423,437464950.2203528
cardano,2026-06-10 14:00:00+00:00,0.1647410243845613,6122870493.278525,450903661.3735604
cardano,2026-06-10 15:00:00+00:00,0.1637530806120955,6086151941.867018,444280719.30972135
cardano,2026-06-10 16:00:00+00:00,0.1648052103346974,6125256069.437467,440671335.1918097
cardano,2026-06-10 17:00:00+00:00,0.1619895705983953,6020608198.480544,445669905.42882913
cardano,2026-06-10 18:00:00+00:00,0.1616473960003575,6007890718.073329,441718534.1399045
cardano,2026-06-10 19:00:00+00:00,0.1644000316480285,6110196938.693448,412888299.9414393
cardano,2026-06-10 20:00:00+00:00,0.160896305891698,5979975221.728173,448904887.4842569
cardano,2026-06-10 21:00:00+00:00,0.1601698905146702,5952976802.27265,449650761.4505428
cardano,2026-06-10 22:00:00+00:00,0.1591118001256198,5913651136.752836,446833007.2485585
cardano,2026-06-10 23:00:00+00:00,0.1602369497984259,5955469170.590387,442124382.7307981
cardano,2026-06-11 00:00:00+00:00,0.1605906971354993,5968616770.833461,461509444.2277456
cardano,2026-06-11 01:00:00+00:00,0.1613446289436713,5996637883.60392,466241395.4316118
cardano,2026-06-11 02:00:00+00:00,0.1634475476096518,6074796306.484914,480645220.4221067
cardano,2026-06-11 03:00:00+00:00,0.1629546039629091,6056475246.98704,477423305.82696426
cardano,2026-06-11 04:00:00+00:00,0.1665535172344858,6190234764.148757,496106067.4731479
cardano,2026-06-11 05:00:00+00:00,0.1666486843002275,6193771804.305807,511586685.3071539
cardano,2026-06-11 06:00:00+00:00,0.1654460748380029,6149074850.291464,488588319.8943021
cardano,2026-06-11 07:00:00+00:00,0.1644750770007267,6112986122.367706,500563766.6817877
cardano,2026-06-11 08:00:00+00:00,0.1666115901459774,6192393139.195645,508813940.062528
cardano,2026-06-11 09:00:00+00:00,0.1666863656484368,6195172293.442982,489536366.5110143
cardano,2026-06-11 10:00:00+00:00,0.1663162736268856,6181417216.181449,506293865.514878
cardano,2026-06-11 11:00:00+00:00,0.1659676392832863,6168459648.730704,503366313.704901
cardano,2026-06-11 12:00:00+00:00,0.1667779989988743,6198577997.272311,506231590.3499089
cardano,2026-06-11 13:00:00+00:00,0.1656338511171828,6156053863.827547,490198711.7850744
cardano,2026-06-11 14:00:00+00:00,0.1657051168503988,6158702571.741803,487950072.04835314
cardano,2026-06-11 15:00:00+00:00,0.1655521042015084,6153015605.568749,460658166.8345421
cardano,2026-06-11 16:00:00+00:00,0.1658119204458306,6162672102.619062,459759120.2650789
cardano,2026-06-11 17:00:00+00:00,0.1650080973369114,6132796697.79016,449420362.073396
cardano,2026-06-11 18:00:00+00:00,0.1700900664118033,6321676417.414664,483416143.6910451
cardano,2026-06-11 19:00:00+00:00,0.1690456884779869,6282860397.794267,501300711.0234414
cardano,2026-06-11 20:00:00+00:00,0.1691669801657813,6287368402.397555,490861483.6304328
cardano,2026-06-11 21:00:00+00:00,0.1682870011023085,6254662536.554065,488172771.09511065
cardano,2026-06-11 22:00:00+00:00,0.1699152464781624,6315178947.720486,490550833.74141264
cardano,2026-06-11 23:00:00+00:00,0.171035196325719,6356803721.520292,491030466.30424255
cardano,2026-06-12 00:00:00+00:00,0.1703309777559378,6330630282.828623,498505145.2541082
cardano,2026-06-12 01:00:00+00:00,0.169993870742633,6318101147.523365,493422752.6294107
cardano,2026-06-12 02:00:00+00:00,0.1694536932088959,6298024563.109695,483640987.00403416
cardano,2026-06-12 03:00:00+00:00,0.170887451507001,6351312542.899528,480439481.8293008
cardano,2026-06-12 04:00:00+00:00,0.1716145679547267,6378337018.797923,463989688.53145605
cardano,2026-06-12 05:00:00+00:00,0.1720204426727414,6393422018.689018,455175293.7451536
cardano,2026-06-12 06:00:00+00:00,0.170041735261084,6319880110.892042,453773523.4297113
cardano,2026-06-12 07:00:00+00:00,0.1683814242941294,6258171929.416234,449337175.225928
cardano,2026-06-12 08:00:00+00:00,0.168970014870514,6280047864.000411,450776601.2733771
cardano,2026-06-12 09:00:00+00:00,0.1702536186230211,6327755103.715887,449270536.21297497
cardano,2026-06-12 10:00:00+00:00,0.1718039966761171,6385377448.060238,453985420.5971162
cardano,2026-06-12 11:00:00+00:00,0.1712123079100421,6363386364.172425,459429449.1884207
cardano,2026-06-12 12:00:00+00:00,0.1710687137901073,6358049453.08278,453778049.0568027
cardano,2026-06-12 13:00:00+00:00,0.1707316495340688,6345521906.921485,448217382.08469385
cardano,2026-06-12 14:00:00+00:00,0.168249300502213,6253261331.888951,448831794.8720366
cardano,2026-06-12 15:00:00+00:00,0.1726557099848766,6417032770.748789,483316294.0397832
cardano,2026-06-12 16:00:00+00:00,0.1703853061970515,6332649488.48965,499027059.67780447
cardano,2026-06-12 17:00:00+00:00,0.1731327888500705,6434764189.608029,517153639.4865719
cardano,2026-06-12 18:00:00+00:00,0.171804630673506,6385401011.613514,505508640.6473504
cardano,2026-06-12 19:00:00+00:00,0.1709663660501352,6354245531.385258,486964003.7594528
cardano,2026-06-12 20:00:00+00:00,0.1707240899790424,6345240943.654525,481378590.0841213
cardano,2026-06-12 21:00:00+00:00,0.1695459590614196,6301453774.916923,476977654.4124796
cardano,2026-06-12 22:00:00+00:00,0.1692243793703216,6289501738.020122,481265116.9221755
cardano,2026-06-12 23:00:00+00:00,0.1695152777431333,6300313453.378121,478097075.03474617
cardano,2026-06-13 00:00:00+00:00,0.1696127551232453,6303936360.159719,469392999.4279059
cardano,2026-06-13 01:00:00+00:00,0.1700801114251075,6321306423.999068,463404226.4404778
cardano,2026-06-13 02:00:00+00:00,0.172626105373524,6415932466.789936,483485317.1374784
cardano,2026-06-13 03:00:00+00:00,0.1719260678362019,6389914423.030228,493621296.3174931
cardano,2026-06-13 04:00:00+00:00,0.1703782010728091,6332385414.888449,488979075.41705257
cardano,2026-06-13 05:00:00+00:00,0.1703476127641382,6331248550.204621,486827863.89365065
cardano,2026-06-13 06:00:00+00:00,0.1695167000758295,6300366316.70667,478399964.3240714
cardano,2026-06-13 07:00:00+00:00,0.1719285859715711,6390008013.663209,484726677.3392906
cardano,2026-06-13 08:00:00+00:00,0.1730760503549779,6432655410.336239,496490509.9918224
cardano,2026-06-13 09:00:00+00:00,0.1728963896839697,6425978026.694683,494279955.27437663
cardano,2026-06-13 10:00:00+00:00,0.1724429210261012,6409124119.932465,493940136.6261259
cardano,2026-06-13 11:00:00+00:00,0.1723268872305392,6404811533.521617,480199711.11715406
cardano,2026-06-13 12:00:00+00:00,0.1734009501047604,6444730842.661905,480137430.06749487
cardano,2026-06-13 13:00:00+00:00,0.173621415872623,6452924814.684765,461899749.46359634
cardano,2026-06-13 14:00:00+00:00,0.1740599943787609,6469225304.5248,455248239.1608299
cardano,2026-06-13 15:00:00+00:00,0.1744048543535346,6482042591.364814,427000106.1751164
cardano,2026-06-13 16:00:00+00:00,0.174859518689027,6498940937.447901,390304921.9209104
cardano,2026-06-13 17:00:00+00:00,0.1733541775110189,6442992462.4667845,374905459.83103824
cardano,2026-06-13 18:00:00+00:00,0.1721606211253555,6398631980.897948,357637917.7801355
cardano,2026-06-13 19:00:00+00:00,0.1720083545074257,6392972742.1897,353905195.2949654
cardano,2026-06-13 20:00:00+00:00,0.1721451985048354,6398058773.899482,352161715.27086425
cardano,2026-06-13 21:00:00+00:00,0.1716626110175451,6380122618.060986,342908657.86611366
cardano,2026-06-13 22:00:00+00:00,0.172698459222118,6418621616.297695,311227499.96856934
cardano,2026-06-13 23:00:00+00:00,0.1716633572012978,6386909817.971702,349089966.16931695
cardano,2026-06-14 00:00:00+00:00,0.1716689019231985,6387116114.990024,350232053.9192735
cardano,2026-06-14 01:00:00+00:00,0.1723918497678596,6414014124.921942,347807136.1760997
cardano,2026-06-14 02:00:00+00:00,0.1726959424699714,6425328203.222382,335908279.0809996
cardano,2026-06-14 03:00:00+00:00,0.1722812243520405,6409898193.799942,331339101.3911228
cardano,2026-06-14 04:00:00+00:00,0.1730519964925922,6438575555.3066025,324090608.31431264
cardano,2026-06-14 05:00:00+00:00,0.1719102007116306,6396093881.859015,312261398.09675246
cardano,2026-06-14 06:00:00+00:00,0.1720428205650287,6401028138.403543,310931941.3496428
cardano,2026-06-14 07:00:00+00:00,0.1714070927348508,6377375237.829309,304761382.5791792
cardano,2026-06-14 08:00:00+00:00,0.1710791621263567,6365174245.974372,293435699.0960671
cardano,2026-06-14 09:00:00+00:00,0.170998394009949,6362169186.047354,284554029.7964971
cardano,2026-06-14 10:00:00+00:00,0.1710801066222357,6365209386.904279,291830210.61767584
cardano,2026-06-14 11:00:00+00:00,0.1697703406384346,6316478211.203367,291653385.0090565
cardano,2026-06-14 12:00:00+00:00,0.1698390800432746,6319035730.681091,293699361.02425504
cardano,2026-06-14 13:00:00+00:00,0.1683423218828699,6263347320.84411,290715396.4738737
cardano,2026-06-14 14:00:00+00:00,0.1675697227849152,6234601985.528917,294674356.2863109
cardano,2026-06-14 15:00:00+00:00,0.1668398216852933,6207445272.673436,302944241.6799807
cardano,2026-06-14 16:00:00+00:00,0.166876452943063,6208808175.879505,300866582.86539733
cardano,2026-06-14 17:00:00+00:00,0.1670109445153692,6213812071.629892,293094042.80768144
cardano,2026-06-14 18:00:00+00:00,0.1665210162952205,6195583793.851895,290773494.5153268
cardano,2026-06-14 19:00:00+00:00,0.1660068099628669,6176452224.213994,287306574.257407
cardano,2026-06-14 20:00:00+00:00,0.1660004554814201,6176215799.268086,291043961.8141409
cardano,2026-06-14 21:00:00+00:00,0.1669123385230835,6210143335.386422,289547533.9282494
cardano,2026-06-14 22:00:00+00:00,0.174182616782366,6480641433.237014,324729018.6909228
cardano,2026-06-14 23:00:00+00:00,0.1749215583775611,6508134506.926146,357819315.1944827
cardano,2026-06-15 00:00:00+00:00,0.1828783833577685,6804176273.873398,413017784.57482827
cardano,2026-06-15 01:00:00+00:00,0.1830367798803547,6810069577.614696,468535247.29577065
cardano,2026-06-15 02:00:00+00:00,0.1804724424597431,6714660795.476692,484934930.1164213
cardano,2026-06-15 03:00:00+00:00,0.1799142693393193,6693893396.766309,502988202.1024346
cardano,2026-06-15 04:00:00+00:00,0.1811599981415402,6740242003.988903,518732002.3071545
cardano,2026-06-15 05:00:00+00:00,0.1795897626064067,6681819793.685093,517490737.1896277
cardano,2026-06-15 06:00:00+00:00,0.180840601882378,6728358541.281867,516988302.4788879
cardano,2026-06-15 07:00:00+00:00,0.1811929143152499,6741466683.7135935,531798044.7984759
cardano,2026-06-15 08:00:00+00:00,0.1800794291194834,6700038334.385275,529715239.2968437
cardano,2026-06-15 09:00:00+00:00,0.1810413661379337,6735828179.624092,543811784.2832303
cardano,2026-06-15 10:00:00+00:00,0.181378057527236,6748355125.240331,548530231.9174619
cardano,2026-06-15 11:00:00+00:00,0.1826126543014729,6794289554.038453,563251299.5190034
cardano,2026-06-15 12:00:00+00:00,0.185111848947784,6887274632.996389,589407345.0120564
cardano,2026-06-15 13:00:00+00:00,0.1871696169372622,6963835984.174524,626349401.1187217
cardano,2026-06-15 14:00:00+00:00,0.1890768116838793,7034795104.69125,674033593.3865415
cardano,2026-06-15 15:00:00+00:00,0.1872638308857191,6967341309.959827,667107609.9283804
cardano,2026-06-15 16:00:00+00:00,0.1886587244310225,7019239743.176861,693594903.9017204
cardano,2026-06-15 17:00:00+00:00,0.1877705921407768,6986195877.923917,706077144.4551498
cardano,2026-06-15 18:00:00+00:00,0.1874834477358761,6975512378.26076,731030598.251802
cardano,2026-06-15 19:00:00+00:00,0.1872445442055061,6966623729.40439,733472121.1831292
cardano,2026-06-15 20:00:00+00:00,0.185781538101931,6912191099.173821,739081715.0740185
cardano,2026-06-15 21:00:00+00:00,0.1803258729016619,6709207525.980007,765735186.5783671
cardano,2026-06-15 22:00:00+00:00,0.1797353153652852,6687235232.13317,699011339.7550219
cardano,2026-06-15 23:00:00+00:00,0.1782109633813475,6630520166.023637,709914164.7741407
cardano,2026-06-16 00:00:00+00:00,0.178480049855567,6640531802.007549,675646095.1056507
cardano,2026-06-16 01:00:00+00:00,0.1778503869382223,6617104552.684413,620593929.9974948
cardano,2026-06-16 02:00:00+00:00,0.1771818910135078,6592232481.821751,599319511.9665873
cardano,2026-06-16 03:00:00+00:00,0.1760556132135162,6550328170.6408,586267037.6788378
cardano,2026-06-16 04:00:00+00:00,0.1771511283156994,6591087924.358453,583824323.6312054
cardano,2026-06-16 05:00:00+00:00,0.1759079726254202,6544835052.382978,576781619.636679
cardano,2026-06-16 06:00:00+00:00,0.1769478649591604,6583525304.422093,575239865.4027894
cardano,2026-06-16 07:00:00+00:00,0.1782619703484625,6632417932.118645,594620887.4437742
cardano,2026-06-16 08:00:00+00:00,0.1786600130681395,6647227516.38709,593316429.004523
cardano,2026-06-16 09:00:00+00:00,0.1808771951149639,6729720029.722289,591311971.035627
cardano,2026-06-16 10:00:00+00:00,0.1798966024204104,6693236081.077787,593431386.6411849
cardano,2026-06-16 11:00:00+00:00,0.1792786543421913,6670244694.26047,591285053.7313174
cardano,2026-06-16 12:00:00+00:00,0.1786581231315313,6647157199.373166,552807104.7998521
cardano,2026-06-16 13:00:00+00:00,0.1799354985393511,6694683250.747504,536497735.0483658
cardano,2026-06-16 14:00:00+00:00,0.1770486586954882,6587275437.90799,489451167.9014095
cardano,2026-06-16 15:00:00+00:00,0.1738186637509018,6467100190.494023,481612244.4153023
cardano,2026-06-16 16:00:00+00:00,0.1740623727599279,6476167632.071852,485231956.8799516
cardano,2026-06-16 17:00:00+00:00,0.1730072769460843,6436911719.09075,468603194.2505488
cardano,2026-06-16 18:00:00+00:00,0.174517672058091,6493107505.583378,457055735.8569316
cardano,2026-06-16 19:00:00+00:00,0.1747722216449231,6502578281.885347,461812779.39686745
cardano,2026-06-16 20:00:00+00:00,0.1730160235898575,6437237146.86928,449309855.4729323
cardano,2026-06-16 21:00:00+00:00,0.1748329045449158,6504836050.905279,444130751.8437469
cardano,2026-06-16 22:00:00+00:00,0.1736324925075289,6460173500.013842,421136903.5279134
cardano,2026-06-16 23:00:00+00:00,0.1726586327521602,6423940057.220352,416147289.37188137
cardano,2026-06-17 00:00:00+00:00,0.1722606038901704,6409130988.541252,416038855.2019875
cardano,2026-06-17 01:00:00+00:00,0.1719484143536751,6397515659.281602,405519696.5276628
cardano,2026-06-17 02:00:00+00:00,0.1734967192792604,6455121918.949695,431538489.8045714
cardano,2026-06-17 03:00:00+00:00,0.1742343137343175,6482564870.919703,432875101.9246012
cardano,2026-06-17 04:00:00+00:00,0.1728441898494374,6430843897.770341,435936789.76975936
cardano,2026-06-17 05:00:00+00:00,0.1727905574193411,6428848448.654536,432940496.70819134
cardano,2026-06-17 06:00:00+00:00,0.1725813934613943,6421066290.8408,443069764.73454446
cardano,2026-06-17 07:00:00+00:00,0.1712880207004454,6372945041.671038,429643168.8421787
cardano,2026-06-17 08:00:00+00:00,0.1710983593077736,6365888496.636061,424628634.6184667
cardano,2026-06-17 09:00:00+00:00,0.1689622624673267,6286412840.88275,451350550.2906792
cardano,2026-06-17 10:00:00+00:00,0.1690040398043588,6287967209.202286,444084498.1790615
cardano,2026-06-17 11:00:00+00:00,0.1689928547830642,6287551059.107789,441053618.1853014
cardano,2026-06-17 12:00:00+00:00,0.1687465632756176,6278387533.049348,454963299.4410405
cardano,2026-06-17 13:00:00+00:00,0.1692704315271543,6297878584.2184105,448236182.2832888
cardano,2026-06-17 14:00:00+00:00,0.1682028418514823,6258157824.399416,454564851.8198231
cardano,2026-06-17 15:00:00+00:00,0.167895949373689,6246739577.59686,451696575.7215404
cardano,2026-06-17 16:00:00+00:00,0.1712670226434924,6372163787.603201,420375088.0866842
cardano,2026-06-17 17:00:00+00:00,0.1709505471820542,6360388996.146476,475192687.6515333
cardano,2026-06-17 18:00:00+00:00,0.171913036329951,6396199383.922973,478805797.8070557
cardano,2026-06-17 19:00:00+00:00,0.1696477888165821,6311918546.013538,490473895.2116805
cardano,2026-06-17 20:00:00+00:00,0.1653571910299196,6152282491.031413,503950818.9432233
cardano,2026-06-17 21:00:00+00:00,0.1671378850201753,6218535022.233112,511622742.9004454
cardano,2026-06-17 22:00:00+00:00,0.1659171863046076,6173117684.8446665,528795183.3883433
cardano,2026-06-17 23:00:00+00:00,0.1665756428397727,6197616230.007229,536782372.25811696
cardano,2026-06-18 00:00:00+00:00,0.1667194792286004,6202967809.161704,537035991.0014477
cardano,2026-06-18 01:00:00+00:00,0.1670405022862089,6214911798.559689,531382984.2676097
cardano,2026-06-18 02:00:00+00:00,0.1678103317401532,6243554086.452236,518333557.1428784
cardano,2026-06-18 03:00:00+00:00,0.1684137266078808,6266004006.2699175,502777403.9590927
cardano,2026-06-18 04:00:00+00:00,0.1667138017658594,6202756573.385396,499776206.9753996
cardano,2026-06-18 05:00:00+00:00,0.1656018503526636,6161385289.997761,496479513.0534851
cardano,2026-06-18 06:00:00+00:00,0.1648248850597112,6132477505.956453,502176751.3372896
cardano,2026-06-18 07:00:00+00:00,0.1654429079399371,6155471675.858521,498655256.0576548
cardano,2026-06-18 08:00:00+00:00,0.1666395656554155,6199994543.384516,497163561.9215502
cardano,2026-06-18 09:00:00+00:00,0.1665233009338902,6195668796.157498,479252074.873068
cardano,2026-06-18 10:00:00+00:00,0.1671192351785748,6217841135.906036,469290493.2500708
cardano,2026-06-18 11:00:00+00:00,0.1664724310267016,6193776129.51647,471541586.64806926
cardano,2026-06-18 12:00:00+00:00,0.164968374214891,6137816165.929854,470102874.4741311
cardano,2026-06-18 13:00:00+00:00,0.1657652734673246,6167465613.210174,464609997.4728641
cardano,2026-06-18 14:00:00+00:00,0.1644218900341557,6117483666.110391,457477008.82708055
cardano,2026-06-18 15:00:00+00:00,0.1645710027865534,6123031557.738521,443897493.23678094
cardano,2026-06-18 16:00:00+00:00,0.1601792925133155,5959633509.843308,440015054.6393015
cardano,2026-06-18 17:00:00+00:00,0.1622020564850527,6034892500.935846,451456047.3670549
cardano,2026-06-18 18:00:00+00:00,0.1612407815042606,5999127287.481515,453131055.1526211
cardano,2026-06-18 19:00:00+00:00,0.1620468527817675,6029117989.284328,418839424.8929184
cardano,2026-06-18 20:00:00+00:00,0.1629340053537835,6062125403.123981,386336453.97971606
cardano,2026-06-18 21:00:00+00:00,0.163348961058298,6077564252.196934,376552279.53123647
cardano,2026-06-18 22:00:00+00:00,0.1630466916381738,6066318010.95746,374409986.88543504
cardano,2026-06-18 23:00:00+00:00,0.1629269358191695,6062922057.936804,359394258.0187542
cardano,2026-06-19 00:00:00+00:00,0.1635268954601685,6085248068.813986,354799785.99359393
cardano,2026-06-19 01:00:00+00:00,0.1638196726412891,6096143045.881787,356807458.9052621
cardano,2026-06-19 02:00:00+00:00,0.1643902281527064,6117374854.96269,356441174.9566315
cardano,2026-06-19 03:00:00+00:00,0.1641515399664477,6108492665.7644415,361285427.1706365
cardano,2026-06-19 04:00:00+00:00,0.1619272789537798,6025722305.611836,371954808.201118
cardano,2026-06-19 05:00:00+00:00,0.160012217197065,5954458029.335357,362830640.9666872
cardano,2026-06-19 06:00:00+00:00,0.1607473693683611,5981814895.116213,362200468.91104144
cardano,2026-06-19 07:00:00+00:00,0.1606515374377895,5978248747.365409,363923851.41017663
cardano,2026-06-19 08:00:00+00:00,0.1594208189380593,5932450609.06735,367242569.91833234
cardano,2026-06-19 09:00:00+00:00,0.1604308940891394,5970038052.069743,367876628.4845836
cardano,2026-06-19 10:00:00+00:00,0.1596037960185781,5939259647.560566,370545055.6544253
cardano,2026-06-19 11:00:00+00:00,0.1601340077684342,5958990163.55792,347170237.210443
cardano,2026-06-19 12:00:00+00:00,0.1597463514155097,5944564493.295182,366561524.08934826
cardano,2026-06-19 13:00:00+00:00,0.1605537537946472,5974609971.469131,343587127.2455872
cardano,2026-06-19 14:00:00+00:00,0.1621974478094701,6035775969.889608,349376563.3033234
cardano,2026-06-19 15:00:00+00:00,0.1616610626131194,6015815724.38352,360853070.2832695
cardano,2026-06-19 16:00:00+00:00,0.161623703888039,6014425512.0333805,331344337.2399436
cardano,2026-06-19 17:00:00+00:00,0.1604685055667994,5971437669.980619,300330326.35056347
cardano,2026-06-19 18:00:00+00:00,0.1617642318133406,6019654910.436927,314167148.96146905
cardano,2026-06-19 19:00:00+00:00,0.1611172355107483,5995578546.791663,308926730.5365241
cardano,2026-06-19 20:00:00+00:00,0.1606954714437328,5979883642.494247,306276551.1546638
cardano,2026-06-19 21:00:00+00:00,0.1617818863033876,6020311878.522585,303260042.37517536
cardano,2026-06-19 22:00:00+00:00,0.1606796238270501,5979293912.7220125,304448585.696365
cardano,2026-06-19 23:00:00+00:00,0.1616102665133944,6013925473.444157,306071148.20446914
cardano,2026-06-20 00:00:00+00:00,0.1619905640201465,6028077302.487483,307901435.1236287
cardano,2026-06-20 01:00:00+00:00,0.1622782229419112,6038781816.220344,282837044.090363
cardano,2026-06-20 02:00:00+00:00,0.1622389779624451,6037321411.588833,308165566.21935445
cardano,2026-06-20 03:00:00+00:00,0.1619269195892852,6025708932.752952,307239297.0609992
cardano,2026-06-20 04:00:00+00:00,0.1623299168807949,6040705478.018461,294123711.8575032
cardano,2026-06-20 05:00:00+00:00,0.1628501752172444,6060065602.40812,283723253.03121674
cardano,2026-06-20 06:00:00+00:00,0.1633987159589723,6080478186.404608,287383794.9225846
cardano,2026-06-20 07:00:00+00:00,0.1635057592244746,6084461536.194529,284707697.34549654
cardano,2026-06-20 08:00:00+00:00,0.1628462242006784,6059918575.120285,277249778.44701093
cardano,2026-06-20 09:00:00+00:00,0.1627588877229411,6056668564.588425,273633218.6924232
cardano,2026-06-20 10:00:00+00:00,0.1636956922121712,6091529421.531265,234188858.3014461
cardano,2026-06-20 11:00:00+00:00,0.1629829364282197,6065005981.789918,268645652.3266653
cardano,2026-06-20 12:00:00+00:00,0.1627557265492613,6056550929.345755,263359233.35998064
cardano,2026-06-20 13:00:00+00:00,0.1625464601284315,6048763598.218122,255858457.20680305
cardano,2026-06-20 14:00:00+00:00,0.1614127331780564,6006574760.009469,254108824.42289603
cardano,2026-06-20 15:00:00+00:00,0.1618003382409864,6020998521.642195,257404383.8396144
cardano,2026-06-20 16:00:00+00:00,0.1621053391225476,6032348373.422135,262812942.2612164
cardano,2026-06-20 17:00:00+00:00,0.1617802207775185,6020249900.105825,230965155.61086687
cardano,2026-06-20 18:00:00+00:00,0.1609415897673763,5989042325.837662,230003034.7330042
cardano,2026-06-20 19:00:00+00:00,0.1607405515795045,5981561188.003653,262701034.27539924
cardano,2026-06-20 20:00:00+00:00,0.1611663152675856,5997404928.284884,265046700.035296
cardano,2026-06-20 21:00:00+00:00,0.1613227107279836,6003224797.675054,264832108.23734495
cardano,2026-06-20 22:00:00+00:00,0.1619183872166076,6025391421.653553,267523725.31180283
cardano,2026-06-20 23:00:00+00:00,0.163064937321913,6068057441.787273,268793724.75751245
cardano,2026-06-21 00:00:00+00:00,0.1631264355651869,6070345946.470647,268450887.34038097
cardano,2026-06-21 01:00:00+00:00,0.1631393716830307,6070827332.030528,266744679.7900068
cardano,2026-06-21 02:00:00+00:00,0.1628594598250644,6060411106.073725,263581470.8671768
cardano,2026-06-21 03:00:00+00:00,0.1622357970930273,6037203043.418097,261406331.8258332
cardano,2026-06-21 04:00:00+00:00,0.1624891221985257,6046629909.28428,263591347.32287052
cardano,2026-06-21 05:00:00+00:00,0.1608320963395402,5984967799.329882,264462744.3390314
cardano,2026-06-21 06:00:00+00:00,0.1604408791109323,5970409619.905183,264418578.23126063
cardano,2026-06-21 07:00:00+00:00,0.1613007490529677,6002407548.377301,262543365.061944
cardano,2026-06-21 08:00:00+00:00,0.1614014088508983,6006153353.244696,263379969.42975152
cardano,2026-06-21 09:00:00+00:00,0.1608948440536136,5987302799.971906,260892011.4598572
cardano,2026-06-21 10:00:00+00:00,0.161789281633744,6020587077.410469,267364029.2367777
cardano,2026-06-21 11:00:00+00:00,0.1612480095984563,6000444980.306692,268105248.5165607
cardano,2026-06-21 12:00:00+00:00,0.1607928201191659,5983506232.14541,268682283.1048953
cardano,2026-06-21 13:00:00+00:00,0.1610235826099595,5992093486.232907,242568997.57026547
cardano,2026-06-21 14:00:00+00:00,0.1615581504224852,6011986102.304829,265150992.6949117
cardano,2026-06-21 15:00:00+00:00,0.1619555102099545,6026772861.831555,250992298.61131465
cardano,2026-06-21 16:00:00+00:00,0.1622289080218829,6036946683.711888,243979615.92259744
cardano,2026-06-21 17:00:00+00:00,0.1614191558827892,6006813765.045684,238875156.17595097
cardano,2026-06-21 18:00:00+00:00,0.1614915113316862,6009506293.723795,233588090.1239891
cardano,2026-06-21 19:00:00+00:00,0.1619285016671538,6025767805.859223,232071954.3912849
cardano,2026-06-21 20:00:00+00:00,0.1618750894950005,6023780204.269084,196365216.00093928
cardano,2026-06-21 21:00:00+00:00,0.1605201698515183,5973360228.272498,226361313.63744023
cardano,2026-06-21 22:00:00+00:00,0.1594818333704871,5934721109.929343,226257283.6192425
cardano,2026-06-21 23:00:00+00:00,0.158910140966815,5913446994.22127,248688550.44171137
cardano,2026-06-22 00:00:00+00:00,0.1565509525219143,5825655644.132337,257537445.0214352
cardano,2026-06-22 01:00:00+00:00,0.1593622040272544,5930269400.454692,280439129.1526615
cardano,2026-06-22 02:00:00+00:00,0.1610057092080623,5991428371.885377,296962275.15772265
cardano,2026-06-22 03:00:00+00:00,0.1596346919790318,5940409364.144839,298164093.98325354
cardano,2026-06-22 04:00:00+00:00,0.1580423147588507,5881152993.03437,299806105.1406866
cardano,2026-06-22 05:00:00+00:00,0.1591335711469207,5921761394.541642,288006740.3633499
cardano,2026-06-22 06:00:00+00:00,0.1604209575479484,5969668288.319732,293344477.42177653
cardano,2026-06-22 07:00:00+00:00,0.1603267208721687,5966161504.021734,298007991.98754793
cardano,2026-06-22 08:00:00+00:00,0.161575351846748,6012626210.670377,302679135.0889723
cardano,2026-06-22 09:00:00+00:00,0.1610899618269239,5994563624.253357,302721261.64910674
cardano,2026-06-22 10:00:00+00:00,0.1602000885592032,5961449196.387236,299249163.2044923
cardano,2026-06-22 11:00:00+00:00,0.1601263592184915,5958705541.730805,300898417.40753347
cardano,2026-06-22 12:00:00+00:00,0.1616286610029162,6014609978.775982,312032974.6014799
cardano,2026-06-22 13:00:00+00:00,0.1617419511435042,6018825790.537643,318885075.33826065
cardano,2026-06-22 14:00:00+00:00,0.1628812119473821,6061220557.387245,330620764.8674893
cardano,2026-06-22 15:00:00+00:00,0.1600391312801937,5955459570.225141,340457383.8591653
cardano,2026-06-22 16:00:00+00:00,0.1593578574044228,5930107651.660297,345785298.2064089
cardano,2026-06-22 17:00:00+00:00,0.159303972508491,5928102458.826514,352192777.62259424
cardano,2026-06-22 18:00:00+00:00,0.1594304431097966,5932808748.762437,343194785.8934416
cardano,2026-06-22 19:00:00+00:00,0.1583799666094213,5893717869.69172,343129429.0967767
cardano,2026-06-22 20:00:00+00:00,0.1588564022998102,5911447242.93454,351040903.23549336
cardano,2026-06-22 21:00:00+00:00,0.1589175762177446,5913723678.654332,369096453.5250352
cardano,2026-06-22 22:00:00+00:00,0.1591588459676494,5922701934.344565,348984950.2352804
cardano,2026-06-22 23:00:00+00:00,0.1578649391656626,5874552400.007363,340617582.4972449
cardano,2026-06-23 00:00:00+00:00,0.158340445547905,5892247191.351055,327116127.16518825
cardano,2026-06-23 01:00:00+00:00,0.1589702107663696,5915682342.912415,320119363.07023746
cardano,2026-06-23 02:00:00+00:00,0.158778055431555,5908531758.436374,311450363.7264181
cardano,2026-06-23 03:00:00+00:00,0.1591219155802203,5921327661.518364,310706003.2590211
cardano,2026-06-23 04:00:00+00:00,0.1597040262603177,5942989467.559082,305931645.9994388
cardano,2026-06-23 05:00:00+00:00,0.1582883562834214,5890308818.490659,306393464.58150214
cardano,2026-06-23 06:00:00+00:00,0.1575109559635481,5861379792.583987,305518034.29622895
cardano,2026-06-23 07:00:00+00:00,0.1546362728299974,5754405585.450259,324579693.65365714
cardano,2026-06-23 08:00:00+00:00,0.1545474124707048,5751098867.443672,328570239.1644435
cardano,2026-06-23 09:00:00+00:00,0.152345137720605,5669146671.55363,352999217.6650691
cardano,2026-06-23 10:00:00+00:00,0.1524123545165093,5671647977.9981575,362473585.1432808
cardano,2026-06-23 11:00:00+00:00,0.1525754486996446,5677717123.750397,364946342.670704
cardano,2026-06-23 12:00:00+00:00,0.1535041432037735,5712276187.700493,361611891.0868407
cardano,2026-06-23 13:00:00+00:00,0.1502477929051094,5591099183.082596,363898936.28349066
cardano,2026-06-23 14:00:00+00:00,0.1514168603067299,5634603128.583458,387615807.7165188
cardano,2026-06-23 15:00:00+00:00,0.1509007338115625,5615396760.425224,390158838.5226658
cardano,2026-06-23 16:00:00+00:00,0.1508151773600454,5612212989.156871,373865433.7736754
cardano,2026-06-23 17:00:00+00:00,0.1508620535283511,5613957369.565077,401052539.5989297
cardano,2026-06-23 18:00:00+00:00,0.1501415894282986,5587147083.947186,404537189.5793476
cardano,2026-06-23 19:00:00+00:00,0.1499489135206229,5579977127.6425,411752089.415504
cardano,2026-06-23 20:00:00+00:00,0.1500215101432936,5582678631.004779,413880775.6182306
cardano,2026-06-23 21:00:00+00:00,0.1499269503302339,5579159821.953893,414376181.796316
cardano,2026-06-23 22:00:00+00:00,0.1512845533923605,5629679654.723751,420196180.39913887
cardano,2026-06-23 23:00:00+00:00,0.1515283205021108,5643205188.082635,416752030.05934167
cardano,2026-06-24 00:00:00+00:00,0.1512924727781942,5634421766.641724,417421679.5991022
cardano,2026-06-24 01:00:00+00:00,0.1527511381406646,5688745261.509831,421124389.62351584
cardano,2026-06-24 02:00:00+00:00,0.1528972304933229,5694186020.832768,420577595.68480784
cardano,2026-06-24 03:00:00+00:00,0.152457083481809,5677794102.208819,428851691.2490407
cardano,2026-06-24 04:00:00+00:00,0.1520214488321369,5661570232.591626,428838722.8937821
cardano,2026-06-24 05:00:00+00:00,0.1522768297333641,5671081107.007492,429430525.27254623
cardano,2026-06-24 06:00:00+00:00,0.1520561184548172,5662861395.813989,430501280.3544505
cardano,2026-06-24 07:00:00+00:00,0.1512927707103429,5634432862.206183,399285406.6716479
cardano,2026-06-24 08:00:00+00:00,0.1503817909751746,5600506230.2029705,398567815.5034873
cardano,2026-06-24 09:00:00+00:00,0.1510275841545577,5624556806.413719,375179045.962724
cardano,2026-06-24 10:00:00+00:00,0.1502321164189744,5594932062.751803,364694124.3717151
cardano,2026-06-24 11:00:00+00:00,0.1468752127290564,5469914532.985312,410838259.4100342
cardano,2026-06-24 12:00:00+00:00,0.1481137788622966,5516041110.549979,426516776.6188882
cardano,2026-06-24 13:00:00+00:00,0.1478727937396239,5507066362.529207,414377420.4392983
cardano,2026-06-24 14:00:00+00:00,0.1452330256932547,5408756339.127359,426196179.0435067
cardano,2026-06-24 15:00:00+00:00,0.1451831366677703,5406898376.163675,442549143.7257592
cardano,2026-06-24 16:00:00+00:00,0.1436148943455088,5348494025.215737,442012208.9675674
cardano,2026-06-24 17:00:00+00:00,0.1414209908654876,5266788853.142403,448741636.0800124
cardano,2026-06-24 18:00:00+00:00,0.139966661993974,5212626857.512091,476354412.5308625
cardano,2026-06-24 19:00:00+00:00,0.1414123577008601,5266467337.538891,487680897.8507999
cardano,2026-06-24 20:00:00+00:00,0.1409773599062189,5250267185.6241255,504561508.1415063
cardano,2026-06-24 21:00:00+00:00,0.1450420859774108,5401645378.01137,560186922.0887288
cardano,2026-06-24 22:00:00+00:00,0.1473149353487128,5486290646.442781,523429433.06369793
cardano,2026-06-24 23:00:00+00:00,0.1470254191948986,5475508509.771403,596043414.9387199
cardano,2026-06-25 00:00:00+00:00,0.1486175351692364,5534801961.296772,603598045.6664456
cardano,2026-06-25 01:00:00+00:00,0.1473446638429203,5487397792.56695,616379796.263714
cardano,2026-06-25 02:00:00+00:00,0.1476370899739729,5498288302.370125,615298174.0446519
cardano,2026-06-25 03:00:00+00:00,0.1476259191124933,5497872278.070189,615743598.0631962
cardano,2026-06-25 04:00:00+00:00,0.1473477382655863,5487512289.96177,615584481.9317719
cardano,2026-06-25 05:00:00+00:00,0.1488189721077498,5542303859.111802,616390768.3918768
cardano,2026-06-25 06:00:00+00:00,0.1497683754991518,5577661461.744696,634433319.3942304
cardano,2026-06-25 07:00:00+00:00,0.149642333153737,5572967403.1343565,633176718.6375821
cardano,2026-06-25 08:00:00+00:00,0.1496251291004766,5572326691.204778,633332238.3313582
cardano,2026-06-25 09:00:00+00:00,0.14904437740919,5550698384.717932,630261263.2784116
cardano,2026-06-25 10:00:00+00:00,0.1490302989078858,5550174074.335972,626585011.7723109
cardano,2026-06-25 11:00:00+00:00,0.1479969058906777,5511688537.000688,572033067.8181129
cardano,2026-06-25 12:00:00+00:00,0.1474804795989275,5492455831.726782,553666643.0694422
cardano,2026-06-25 13:00:00+00:00,0.1481120986440974,5515978536.002679,561383135.0358746
cardano,2026-06-25 14:00:00+00:00,0.138831394025582,5170347301.664941,532104533.8079944
cardano,2026-06-25 15:00:00+00:00,0.1427072555093348,5314691814.696741,560297253.3831798
cardano,2026-06-25 16:00:00+00:00,0.1430589764894371,5327790578.367412,557742031.2481208
cardano,2026-06-25 17:00:00+00:00,0.1426827813520908,5313780350.155487,537229195.0337807
cardano,2026-06-25 18:00:00+00:00,0.1443156854155183,5374592828.323534,517294601.96750015
cardano,2026-06-25 19:00:00+00:00,0.1419702462880314,5287244178.191945,501015699.2971974
cardano,2026-06-25 20:00:00+00:00,0.1408792922845557,5246614959.363589,476071042.0011331
cardano,2026-06-25 21:00:00+00:00,0.1412046925236059,5258733488.171451,419615619.1794861
cardano,2026-06-25 22:00:00+00:00,0.1437363841170237,5353018537.245174,443012046.4002636
cardano,2026-06-25 23:00:00+00:00,0.1432060556744379,5333268089.218881,430165384.3439272
cardano,2026-06-26 00:00:00+00:00,0.1436515834758227,5349860398.774471,427712714.38318574
cardano,2026-06-26 01:00:00+00:00,0.143012753001006,5326069127.031707,412634641.3921882
cardano,2026-06-26 02:00:00+00:00,0.1420036997375628,5288490048.794412,409755599.7205327
cardano,2026-06-26 03:00:00+00:00,0.1393433639154845,5189414041.989565,413044283.4642772
cardano,2026-06-26 04:00:00+00:00,0.142527207029647,5307986464.097503,433551816.10647154
cardano,2026-06-26 05:00:00+00:00,0.1416743694998571,5276225159.301447,427849224.4718279
cardano,2026-06-26 06:00:00+00:00,0.1427664187766443,5316895168.207944,433428155.5866789
cardano,2026-06-26 07:00:00+00:00,0.1449705195459238,5398980106.885013,444893316.9910513
cardano,2026-06-26 08:00:00+00:00,0.1464819106458072,5455267209.307989,464643232.2115737
cardano,2026-06-26 09:00:00+00:00,0.1447114784021916,5389332918.0203,464477223.4467976
cardano,2026-06-26 10:00:00+00:00,0.1435713844144714,5346873631.96021,464984261.6410424
cardano,2026-06-26 11:00:00+00:00,0.1435146071983494,5344759139.570121,467608154.7823861
cardano,2026-06-26 12:00:00+00:00,0.1431066107026549,5329564567.799027,463541533.48384815
cardano,2026-06-26 13:00:00+00:00,0.1426498939999369,5312555562.104763,464717815.3656244
cardano,2026-06-26 14:00:00+00:00,0.1455755026405799,5421510837.293379,440914629.290343
cardano,2026-06-26 15:00:00+00:00,0.1444655048221556,5380172390.282708,420640645.8976392
cardano,2026-06-26 16:00:00+00:00,0.1478727979382943,5507066518.895744,422546785.9890888
cardano,2026-06-26 17:00:00+00:00,0.1478216870475064,5505163051.325417,434361080.3970406
cardano,2026-06-26 18:00:00+00:00,0.1479963186872092,5511666668.417646,432604757.9457016
cardano,2026-06-26 19:00:00+00:00,0.1466980466906926,5463316530.027621,427152907.7439781
cardano,2026-06-26 20:00:00+00:00,0.1480619643369468,5514111438.279454,404717439.89096457
cardano,2026-06-26 21:00:00+00:00,0.1472039578473911,5482157631.511024,428001468.1816819
cardano,2026-06-26 22:00:00+00:00,0.1470661821879668,5477026601.790125,424683085.54171365
cardano,2026-06-26 23:00:00+00:00,0.1478685921024524,5506909885.504939,412849015.32062685
cardano,2026-06-27 00:00:00+00:00,0.1482285471000813,5520315299.775781,310282311.9866162
cardano,2026-06-27 01:00:00+00:00,0.1480333074222859,5513044199.832192,428756305.77158266
cardano,2026-06-27 02:00:00+00:00,0.1480354245711307,5513123046.514488,426957469.2928031
cardano,2026-06-27 03:00:00+00:00,0.148921596383619,5546125783.911662,417274223.8863468
cardano,2026-06-27 04:00:00+00:00,0.1481207953155238,5516302416.7211485,405884706.406777
cardano,2026-06-27 05:00:00+00:00,0.1481189004152279,5516231847.000942,404694890.060455
cardano,2026-06-27 06:00:00+00:00,0.1478475354499274,5506125695.391969,395828399.0261404
cardano,2026-06-27 07:00:00+00:00,0.1476742373629688,5499671742.360819,384582845.2518813
cardano,2026-06-27 08:00:00+00:00,0.1474660243876206,5491917491.942035,370072235.9000114
cardano,2026-06-27 09:00:00+00:00,0.1471558260472706,5480365110.989105,361453242.77666414
cardano,2026-06-27 10:00:00+00:00,0.1470620714623414,5476873510.486138,359152716.4841824
cardano,2026-06-27 11:00:00+00:00,0.1472289066501585,5483086772.76163,354482392.12049943
cardano,2026-06-27 12:00:00+00:00,0.1470224412823094,5475397606.596888,353307099.01680845
cardano,2026-06-27 13:00:00+00:00,0.1471302342393415,5479412022.993416,342188658.1146396
cardano,2026-06-27 14:00:00+00:00,0.1478205620068788,5505121152.655351,321328259.3977363
cardano,2026-06-27 15:00:00+00:00,0.1483704270446638,5525599180.945319,303950349.1890325
cardano,2026-06-27 16:00:00+00:00,0.1486710447330178,5536794760.048466,289309616.1733495
cardano,2026-06-27 17:00:00+00:00,0.1482599214093136,5521483739.207074,270721084.03630656
cardano,2026-06-27 18:00:00+00:00,0.1465297517163353,5457048902.502455,268222442.06947583
cardano,2026-06-27 19:00:00+00:00,0.1467666926623738,5465873037.631274,268175876.93461493
cardano,2026-06-27 20:00:00+00:00,0.1451708756347332,5406441751.784699,260547704.9793571
cardano,2026-06-27 21:00:00+00:00,0.1452990402854039,5411214849.111966,248112878.60399973
cardano,2026-06-27 22:00:00+00:00,0.1448003105780328,5392641198.570857,245845989.4990738
cardano,2026-06-27 23:00:00+00:00,0.1454388687382474,5416422328.79572,249734234.9261201
cardano,2026-06-28 00:00:00+00:00,0.1451052405933751,5403997376.999285,171260781.88326183
cardano,2026-06-28 01:00:00+00:00,0.1454112323650238,5415393097.268316,237224775.8801924
cardano,2026-06-28 02:00:00+00:00,0.1452642157034727,5409917914.909992,234225062.303218
cardano,2026-06-28 03:00:00+00:00,0.1447576357493127,5391051906.126805,226011231.30748177
cardano,2026-06-28 04:00:00+00:00,0.1452644487624728,5409926594.474012,153326058.04198158
cardano,2026-06-28 05:00:00+00:00,0.1449002061331873,5396361500.579396,215225358.393645
cardano,2026-06-28 06:00:00+00:00,0.1443598621837218,5376238055.873687,212070468.6448905
cardano,2026-06-28 07:00:00+00:00,0.1440826639675572,5365914662.81816,212194551.9837212
cardano,2026-06-28 08:00:00+00:00,0.1450894545661913,5403409475.079646,213522110.8631416
cardano,2026-06-28 09:00:00+00:00,0.1456634822002216,5424787364.781904,213162047.31497264
cardano,2026-06-28 10:00:00+00:00,0.1446409515271529,5386706361.969269,213617907.15606588
cardano,2026-06-28 11:00:00+00:00,0.144778421321476,5391826000.687349,215052399.2115278
cardano,2026-06-28 12:00:00+00:00,0.1451883386662437,5407092108.560868,211358174.66970065
cardano,2026-06-28 13:00:00+00:00,0.1447208916218397,5389683484.368417,152368580.86757118
cardano,2026-06-28 14:00:00+00:00,0.1442594055115451,5372496856.791386,212530093.29266107
cardano,2026-06-28 15:00:00+00:00,0.1443969472723023,5377619175.67746,207756296.95223975
cardano,2026-06-28 16:00:00+00:00,0.1443610032480461,5376280551.296942,205568519.38732532
cardano,2026-06-28 17:00:00+00:00,0.1435551301589135,5346268292.31816,209233956.0001744
cardano,2026-06-28 18:00:00+00:00,0.143324967579046,5337696596.54204,201194997.42425364
cardano,2026-06-28 19:00:00+00:00,0.1431167964894262,5329943906.028091,201116105.0465894
cardano,2026-06-28 20:00:00+00:00,0.1428129471964341,5318627975.772105,200495399.49327797
cardano,2026-06-28 21:00:00+00:00,0.1432305945887058,5334181965.435865,141845442.38286087
cardano,2026-06-28 22:00:00+00:00,0.1419015745745434,5287009755.536032,203617540.860582
cardano,2026-06-28 23:00:00+00:00,0.1418312709748138,5284390363.7587805,203742286.72224748
cardano,2026-06-29 00:00:00+00:00,0.1436371336314618,5351673714.993483,125274696.15610635
cardano,2026-06-29 01:00:00+00:00,0.143833271003635,5358981457.724411,138994567.74896422
cardano,2026-06-29 02:00:00+00:00,0.1434741538299506,5345601366.584884,128776211.91308013
cardano,2026-06-29 03:00:00+00:00,0.1440870012748539,5368435013.283829,192188266.3324288
cardano,2026-06-29 04:00:00+00:00,0.1448399853111592,5396489909.486672,133256591.59604742
cardano,2026-06-29 05:00:00+00:00,0.143795222695431,5357563842.893434,150833825.77836868
cardano,2026-06-29 06:00:00+00:00,0.144722674850906,5392119122.554641,146018876.20631564
cardano,2026-06-29 07:00:00+00:00,0.144978042650177,5401633689.606091,150947606.83869597
cardano,2026-06-29 08:00:00+00:00,0.1448975625000127,5398635136.98029,154602091.72091246
cardano,2026-06-29 09:00:00+00:00,0.143959298505604,5363677026.708575,173592763.62295297
cardano,2026-06-29 10:00:00+00:00,0.1448933850255817,5398479491.434169,164883852.77050552
cardano,2026-06-29 11:00:00+00:00,0.1451782800618978,5409094192.791945,148218520.18330196
cardano,2026-06-29 12:00:00+00:00,0.1447154014867256,5391848129.456131,187445193.55176657
cardano,2026-06-29 13:00:00+00:00,0.1447922273786852,5394710530.67674,150770322.543496
cardano,2026-06-29 14:00:00+00:00,0.1444559612402362,5382181829.992714,162309443.56404436
cardano,2026-06-29 15:00:00+00:00,0.1446699724974151,5390155523.081688,202140844.8807486
cardano,2026-06-29 16:00:00+00:00,0.1453378047104883,5415037808.117391,166076331.9358965
cardano,2026-06-29 17:00:00+00:00,0.1452686324559745,5412460568.326197,164554102.39449373
cardano,2026-06-29 18:00:00+00:00,0.1475673295900912,5498106088.536498,201508240.4309436
cardano,2026-06-29 19:00:00+00:00,0.1470320621364758,5478162939.508233,182494281.0481018
cardano,2026-06-29 20:00:00+00:00,0.1474149274110723,5492427844.234743,193153204.95559245
cardano,2026-06-29 21:00:00+00:00,0.1467293216085138,5466883345.680398,180985441.65593025
cardano,2026-06-29 22:00:00+00:00,0.1470859770355375,5480171716.353469,203958066.4822534
cardano,2026-06-29 23:00:00+00:00,0.1460976377295572,5443347885.693632,215408384.69160125
cardano,2026-06-30 00:00:00+00:00,0.1455758417282594,5423906659.917717,219132399.21648425
cardano,2026-06-30 01:00:00+00:00,0.144274375648043,5375416261.673486,193567991.9346395
cardano,2026-06-30 02:00:00+00:00,0.1441256100772305,5369873511.168202,172166441.1753164
cardano,2026-06-30 03:00:00+00:00,0.1443849721828081,5379536899.235012,207710739.4524995
cardano,2026-06-30 04:00:00+00:00,0.1442232048444185,5373509725.126782,166941798.7903046
cardano,2026-06-30 05:00:00+00:00,0.1445634997357573,5386188530.246888,204697236.00968757
cardano,2026-06-30 06:00:00+00:00,0.1446857985726366,5390745175.552694,212326864.4239584
cardano,2026-06-30 07:00:00+00:00,0.1453292718434692,5414719888.099185,164727919.603989
cardano,2026-06-30 08:00:00+00:00,0.1448545071163913,5397030967.090583,162379136.6810262
cardano,2026-06-30 09:00:00+00:00,0.1443121386343841,5376823245.900279,171482009.89584172
cardano,2026-06-30 10:00:00+00:00,0.1446310748996134,5388706265.174146,173296421.47693485
cardano,2026-06-30 11:00:00+00:00,0.1446270097828027,5388554805.880619,172879920.82894024
cardano,2026-06-30 12:00:00+00:00,0.1437931600930123,5357486993.858162,183869651.31926724
cardano,2026-06-30 13:00:00+00:00,0.1421055935781228,5294611154.361047,169627232.1432476
cardano,2026-06-30 14:00:00+00:00,0.1438377309064553,5359147626.068846,171751621.02158898
cardano,2026-06-30 15:00:00+00:00,0.1435886043377309,5349865596.583562,206682153.3367339
cardano,2026-06-30 16:00:00+00:00,0.1441226485556319,5369763169.943095,177485550.92105094
cardano,2026-06-30 17:00:00+00:00,0.145262041518456,5412215001.276901,210313985.9333324
cardano,2026-06-30 18:00:00+00:00,0.1444258800171651,5381061055.115395,219391189.01646176
cardano,2026-06-30 19:00:00+00:00,0.1452848244620276,5413063854.753574,207559212.51913056
cardano,2026-06-30 20:00:00+00:00,0.1447556617689633,5393348158.653058,175521462.21644592
cardano,2026-06-30 21:00:00+00:00,0.1436474167299546,5352056845.640281,176987043.6204384
cardano,2026-06-30 22:00:00+00:00,0.1439460132432161,5363182040.574274,212178166.0339758
cardano,2026-06-30 23:00:00+00:00,0.1439712327152436,5364121674.93026,186428770.6919748
cardano,2026-07-01 00:00:00+00:00,0.1441985828606748,5372592352.161444,207158357.45970592
cardano,2026-07-01 01:00:00+00:00,0.1442818721006256,5375695566.663968,208433954.9857236
cardano,2026-07-01 02:00:00+00:00,0.1447232197968662,5392139426.308257,183485634.3647027
cardano,2026-07-01 03:00:00+00:00,0.146331797639556,5452072283.095356,185532568.9544932
cardano,2026-07-01 04:00:00+00:00,0.149237107044423,5560319138.089296,228277035.1348082
cardano,2026-07-01 05:00:00+00:00,0.150601566248859,5611156552.307661,199432531.4085308
cardano,2026-07-01 06:00:00+00:00,0.1512276983967645,5634485164.299151,263721125.1125249
cardano,2026-07-01 07:00:00+00:00,0.1499891891172182,5588340428.675774,195363586.51303583
cardano,2026-07-01 08:00:00+00:00,0.1498843177010942,5584433099.234318,176171598.93991944
cardano,2026-07-01 09:00:00+00:00,0.1504747601971497,5606431975.892929,268867251.2877896
cardano,2026-07-01 10:00:00+00:00,0.150272763201307,5598905913.614823,185549538.99075356
cardano,2026-07-01 11:00:00+00:00,0.1507028423736337,5614929927.348016,294524121.63995415
cardano,2026-07-01 12:00:00+00:00,0.1505563919083228,5609473433.710626,250214008.69196892
cardano,2026-07-01 13:00:00+00:00,0.1513467122044312,5638919415.039948,212594914.64821383
cardano,2026-07-01 14:00:00+00:00,0.1533287429178218,5712766486.496954,274741130.5397078
cardano,2026-07-01 15:00:00+00:00,0.1553953400512543,5789764358.000351,341068790.7717894
cardano,2026-07-01 16:00:00+00:00,0.1551101852868868,5779139979.619995,325357312.71986485
cardano,2026-07-01 17:00:00+00:00,0.1548267862336615,5768581016.031294,340031098.98006606
cardano,2026-07-01 18:00:00+00:00,0.1547082235928911,5764163574.996726,368994101.3791821
cardano,2026-07-01 19:00:00+00:00,0.1539040994680515,5734203286.638858,342577971.38888085
cardano,2026-07-01 20:00:00+00:00,0.1530720488216012,5703202503.891577,224602472.68997523
cardano,2026-07-01 21:00:00+00:00,0.1537349623132107,5727901525.785619,388903915.4283514
cardano,2026-07-01 22:00:00+00:00,0.1572879656795201,5860280349.033011,241999213.7220764
cardano,2026-07-01 23:00:00+00:00,0.1557997741097191,5804832878.691439,316878987.50464976
cardano,2026-07-02 00:00:00+00:00,0.1537872717672385,5729850486.497162,310234839.5633621
cardano,2026-07-02 01:00:00+00:00,0.1528188212510388,5693767678.098079,341043044.25493413
cardano,2026-07-02 02:00:00+00:00,0.1545106945544679,5756803981.163634,351734621.92480046
cardano,2026-07-02 03:00:00+00:00,0.1544934253349681,5756160559.607249,382208895.8097524
cardano,2026-07-02 04:00:00+00:00,0.1559169958629019,5809200360.549883,282403192.1132638
cardano,2026-07-02 05:00:00+00:00,0.1557694424916209,5803702774.524046,328586059.4496362
cardano,2026-07-02 06:00:00+00:00,0.1543424548498488,5750535657.76936,200029892.7113557
cardano,2026-07-02 07:00:00+00:00,0.1545174148268311,5757054367.007839,283041800.32298
cardano,2026-07-02 08:00:00+00:00,0.1548885947509132,5770883895.5776615,274421891.00001
cardano,2026-07-02 09:00:00+00:00,0.1564129795380187,5827679863.238918,297980948.7742236
cardano,2026-07-02 10:00:00+00:00,0.1575541376427363,5870197460.738033,239876192.22976023
cardano,2026-07-02 11:00:00+00:00,0.1588902619132796,5919979163.824494,279478385.1148649
cardano,2026-07-02 12:00:00+00:00,0.1592978330475829,5935164566.591143,207138883.4507872
cardano,2026-07-02 13:00:00+00:00,0.1602391439014394,5970236197.63014,498886595.6253882
cardano,2026-07-02 14:00:00+00:00,0.1617007930975574,6024694744.564641,487868386.3608548
cardano,2026-07-02 15:00:00+00:00,0.1598360966613668,5955219347.418334,455052679.6857065
cardano,2026-07-02 16:00:00+00:00,0.1606641814790556,5986072370.174836,437419591.0676241
cardano,2026-07-02 17:00:00+00:00,0.1598002675652329,5953884416.630145,398965077.8808669
cardano,2026-07-02 18:00:00+00:00,0.158959054817714,5922542269.681117,427345721.6798616
cardano,2026-07-02 19:00:00+00:00,0.1596493119890498,5948260070.273697,430917172.0285641
cardano,2026-07-02 20:00:00+00:00,0.1596270135678315,5947429269.270483,420897379.5431184
cardano,2026-07-02 21:00:00+00:00,0.161224040466361,6006931757.651564,443415841.020968
cardano,2026-07-02 22:00:00+00:00,0.1608920665652085,5994562978.381573,429652079.5653172
cardano,2026-07-02 23:00:00+00:00,0.1613547712002646,6011802561.006416,422134973.7312364
cardano,2026-07-03 00:00:00+00:00,0.1613118465839202,6010203263.281597,424117682.5880384
cardano,2026-07-03 01:00:00+00:00,0.161306207746682,6009993169.858902,423933213.1428817
cardano,2026-07-03 02:00:00+00:00,0.1656149816547928,6170530709.733868,446666956.7835295
cardano,2026-07-03 03:00:00+00:00,0.1679094260901668,6256017781.668963,458806083.0218552
cardano,2026-07-03 04:00:00+00:00,0.1665348053740005,6204801766.918435,491581364.3057253
cardano,2026-07-03 05:00:00+00:00,0.1639436697380555,6108260488.738595,493149212.4926331
cardano,2026-07-03 06:00:00+00:00,0.1636846362525399,6098609344.49275,497686704.3180293
cardano,2026-07-03 07:00:00+00:00,0.1648119037262912,6140609400.860627,512660007.5394551
cardano,2026-07-03 08:00:00+00:00,0.1649470724988992,6145645557.940388,515638105.2890635
cardano,2026-07-03 09:00:00+00:00,0.1664563579542714,6201878950.348936,516901028.7733143
cardano,2026-07-03 10:00:00+00:00,0.1666803783493982,6210225566.783784,510941527.9030813
cardano,2026-07-03 11:00:00+00:00,0.1681901183916534,6266475896.321411,524389743.4078607
cardano,2026-07-03 12:00:00+00:00,0.1693874447892713,6311086228.262735,543793422.0704453
cardano,2026-07-03 13:00:00+00:00,0.1690208108960174,6297426077.019485,527562928.0254772
cardano,2026-07-03 14:00:00+00:00,0.1706267555721133,6357260826.526863,516027995.4997196
cardano,2026-07-03 15:00:00+00:00,0.1707823480506549,6363057935.927544,523107516.020511
cardano,2026-07-03 16:00:00+00:00,0.1732589341150983,6455331293.164031,541287724.1846501
cardano,2026-07-03 17:00:00+00:00,0.1741272671876084,6487683896.996509,556064038.6061596
cardano,2026-07-03 18:00:00+00:00,0.1755074934295117,6539108764.040224,601892254.158428
cardano,2026-07-03 19:00:00+00:00,0.1793251721160786,6681348936.638013,619613761.644425
cardano,2026-07-03 20:00:00+00:00,0.1810181688876845,6744427098.204639,666900341.5062896
cardano,2026-07-03 21:00:00+00:00,0.1827034621277952,6807218239.374983,684185757.4439887
cardano,2026-07-03 22:00:00+00:00,0.1791566860287087,6675071433.444216,721393009.73519
cardano,2026-07-03 23:00:00+00:00,0.1806606671170256,6732043812.9926405,700096300.2849694
cardano,2026-07-04 00:00:00+00:00,0.1797777779499342,6699144296.735313,734528227.5000478
cardano,2026-07-04 01:00:00+00:00,0.1792623480466085,6679937588.672693,725926512.0142021
cardano,2026-07-04 02:00:00+00:00,0.1777507188778075,6623609036.610092,717035605.5410756
cardano,2026-07-04 03:00:00+00:00,0.1771944444353468,6602880319.183913,681982786.8961322
cardano,2026-07-04 04:00:00+00:00,0.1769431807526853,6593517361.838055,662516110.0650798
cardano,2026-07-04 05:00:00+00:00,0.1790772134474051,6673038830.614135,668901549.3767147
cardano,2026-07-04 06:00:00+00:00,0.1774495627815735,6612386914.679788,664129794.1903297
cardano,2026-07-04 07:00:00+00:00,0.1767142323771435,6584985950.326869,651542201.6180553
cardano,2026-07-04 08:00:00+00:00,0.1757798707338316,6550168390.86396,648794379.0863149
cardano,2026-07-04 09:00:00+00:00,0.1760546064455286,6560405997.519869,646378987.7092904
cardano,2026-07-04 10:00:00+00:00,0.1755271160753505,6540749874.581551,639111535.7400652
cardano,2026-07-04 11:00:00+00:00,0.1758895763604283,6554256403.471055,619851631.4263549
cardano,2026-07-04 12:00:00+00:00,0.1764576600893945,6575425175.920963,613010227.0166664
cardano,2026-07-04 13:00:00+00:00,0.1778505732524103,6627329957.358767,610254978.6670692
cardano,2026-07-04 14:00:00+00:00,0.1788440236490207,6664349368.959211,589802997.3781486
cardano,2026-07-04 15:00:00+00:00,0.1845199748798364,6875855021.938501,629838531.9464322
cardano,2026-07-04 16:00:00+00:00,0.1908338732386704,7111132800.22169,668742835.0330428
cardano,2026-07-04 17:00:00+00:00,0.1951830783979764,7273199287.362336,788726806.5002676
cardano,2026-07-04 18:00:00+00:00,0.1996094230716897,7438140260.681903,809472842.4935055
cardano,2026-07-04 19:00:00+00:00,0.19531666954689,7278177357.475028,787426565.5424378
cardano,2026-07-04 20:00:00+00:00,0.1930723383116883,7194545782.061557,812641421.3425447
cardano,2026-07-04 21:00:00+00:00,0.1913681593988184,7131042157.893121,785659436.5512453
cardano,2026-07-04 22:00:00+00:00,0.192645475740837,7178639400.362898,768186052.9699744
cardano,2026-07-04 23:00:00+00:00,0.1921620157829932,7160624003.486698,725529954.7866513
cardano,2026-07-05 00:00:00+00:00,0.1920306911084949,7155730390.081203,770117128.3862544
cardano,2026-07-05 01:00:00+00:00,0.1928597736509453,7186624884.657313,783709687.5514871
cardano,2026-07-05 02:00:00+00:00,0.1911965797648056,7124648504.908083,793164997.3702854
cardano,2026-07-05 03:00:00+00:00,0.1913145447025308,7129044288.128839,746817312.3889973
cardano,2026-07-05 04:00:00+00:00,0.1902253522966198,7088457196.79134,790272562.9306339
cardano,2026-07-05 05:00:00+00:00,0.1903635474315951,7093606827.412342,775540026.9975787
cardano,2026-07-05 06:00:00+00:00,0.1888461825255112,7037064541.860847,790738799.5626918
cardano,2026-07-05 07:00:00+00:00,0.189824941409039,7073536496.666575,779566036.0716443
cardano,2026-07-05 08:00:00+00:00,0.1929564925161419,7190228965.437247,791538711.1575128
cardano,2026-07-05 09:00:00+00:00,0.1915971393636909,7139574746.532465,810141058.6419976
cardano,2026-07-05 10:00:00+00:00,0.1878748570240747,7000869580.684754,816356752.7285534
cardano,2026-07-05 11:00:00+00:00,0.1868056560069887,6961027437.916309,831323102.7844213
cardano,2026-07-05 12:00:00+00:00,0.1867175472993648,6957744201.50688,825710807.2649271
cardano,2026-07-05 13:00:00+00:00,0.1877254697216407,6995302891.038694,831855952.4130331
cardano,2026-07-05 14:00:00+00:00,0.188845511080492,7037039521.487793,842100822.7518466
cardano,2026-07-05 15:00:00+00:00,0.1892356186601709,7051576284.581211,820544895.0855384
cardano,2026-07-05 16:00:00+00:00,0.1890365077485236,7044156720.587315,740226725.4431244
cardano,2026-07-05 17:00:00+00:00,0.1897536135199872,7070878571.829655,650257976.4475367
cardano,2026-07-05 18:00:00+00:00,0.1902089317767957,7087845311.2013445,583153644.1329557
cardano,2026-07-05 19:00:00+00:00,0.1897170289578324,7069515304.001434,548565086.2841914
cardano,2026-07-05 20:00:00+00:00,0.1888726185990305,7038049641.761205,529014141.0714552
cardano,2026-07-05 21:00:00+00:00,0.1884509345489724,7022336229.730058,521980940.96336806
cardano,2026-07-05 22:00:00+00:00,0.1903730330825817,7093960295.707655,513227758.8044312
cardano,2026-07-05 23:00:00+00:00,0.1902474457333737,7089280474.965724,499831084.3055639
cardano,2026-07-06 00:00:00+00:00,0.1894005841495991,7057723471.570969,534459340.12901706
cardano,2026-07-06 01:00:00+00:00,0.1898768978832566,7075472575.318243,518293527.511117
cardano,2026-07-06 02:00:00+00:00,0.1893992789845963,7057674836.590689,487808403.0532032
cardano,2026-07-06 03:00:00+00:00,0.1889297237356809,7040177577.454192,479880674.8643496
cardano,2026-07-06 04:00:00+00:00,0.1879195348687857,7002534432.325481,470799909.5302975
cardano,2026-07-06 05:00:00+00:00,0.1865091355383798,6949978055.568842,461960619.67084205
cardano,2026-07-06 06:00:00+00:00,0.1850202302680837,6894496274.874785,465117462.0329334
cardano,2026-07-06 07:00:00+00:00,0.1835589566138976,6840044144.149615,470325766.7907185
cardano,2026-07-06 08:00:00+00:00,0.1841511723331373,6862112158.35706,458558278.9934142
cardano,2026-07-06 09:00:00+00:00,0.1845191883073715,6875825711.517035,455647561.6025725
cardano,2026-07-06 10:00:00+00:00,0.182029914939278,6783066741.654123,438104603.2281621
cardano,2026-07-06 11:00:00+00:00,0.1825038988430909,6800729027.850901,419805701.2307181
cardano,2026-07-06 12:00:00+00:00,0.1824245360218949,6797771693.540451,416085719.5013116
cardano,2026-07-06 13:00:00+00:00,0.1790020508671995,6670238011.868603,412415119.2065858
cardano,2026-07-06 14:00:00+00:00,0.1796796051187659,6695486036.134283,427817118.04776615
cardano,2026-07-06 15:00:00+00:00,0.1816325577848334,6768259834.230306,454511074.6364582
cardano,2026-07-06 16:00:00+00:00,0.1858404843939826,6925061791.992923,474651985.9344155
cardano,2026-07-06 17:00:00+00:00,0.1845948631683919,6878645619.624655,488264858.0006288
cardano,2026-07-06 18:00:00+00:00,0.1832992884153107,6830368005.355134,486875410.7725816
cardano,2026-07-06 19:00:00+00:00,0.183478448515824,6837044132.845655,488023493.240251
cardano,2026-07-06 20:00:00+00:00,0.1840387013588631,6857921099.2926445,496618703.37028354
cardano,2026-07-06 21:00:00+00:00,0.1830653619594722,6821651093.285376,487853715.3543292
cardano,2026-07-06 22:00:00+00:00,0.1856425425348383,6917685790.954901,500200521.9832673
cardano,2026-07-06 23:00:00+00:00,0.1842175217711234,6864584568.819269,485926061.1430976
cardano,2026-07-07 00:00:00+00:00,0.1839794936755643,6855714815.410301,467162441.0404933
cardano,2026-07-07 01:00:00+00:00,0.1846224469505016,6879673487.132582,459911811.71296495
cardano,2026-07-07 02:00:00+00:00,0.1836707894672632,6844211424.613059,454506555.29668194
cardano,2026-07-07 03:00:00+00:00,0.1812261846065557,6753116958.44972,447566792.5602352
cardano,2026-07-07 04:00:00+00:00,0.1811482486088922,6750212792.538832,453765119.89202607
cardano,2026-07-07 05:00:00+00:00,0.1796326418117354,6693736020.231111,449400784.5095457
cardano,2026-07-07 06:00:00+00:00,0.180016573002717,6708042629.633744,443853171.7658278
cardano,2026-07-07 07:00:00+00:00,0.1810182708227118,6745369368.869219,444766350.9839021
cardano,2026-07-07 08:00:00+00:00,0.1794673406751894,6687576325.864188,436569154.2422366
cardano,2026-07-07 09:00:00+00:00,0.179148793685524,6675706158.853597,435107385.7507536
cardano,2026-07-07 10:00:00+00:00,0.1785276029717557,6652558435.732418,424371708.0448069
cardano,2026-07-07 11:00:00+00:00,0.1772164405354881,6603699970.258104,425480417.3635299
cardano,2026-07-07 12:00:00+00:00,0.1773057911311298,6607029483.727615,435019064.6000015
cardano,2026-07-07 13:00:00+00:00,0.1788406747003087,6664224575.500753,418519030.9488252
cardano,2026-07-07 14:00:00+00:00,0.177302086191175,6606891424.799247,400218146.5566298
cardano,2026-07-07 15:00:00+00:00,0.1768201381703518,6588932367.946736,353220852.0499602
cardano,2026-07-07 16:00:00+00:00,0.1772391883272367,6604547631.97188,377438146.686861
cardano,2026-07-07 17:00:00+00:00,0.1772825833706122,6606164681.980231,359048574.2561562
cardano,2026-07-07 18:00:00+00:00,0.1777933952234427,6625199305.444915,365909275.78681725
cardano,2026-07-07 19:00:00+00:00,0.175701081366229,6547232425.425756,327755717.63847846
cardano,2026-07-07 20:00:00+00:00,0.1765142789266892,6577534990.41125,327586144.2358248
cardano,2026-07-07 21:00:00+00:00,0.1759370884599154,6556026869.28688,319873702.5431339
cardano,2026-07-07 22:00:00+00:00,0.1743121110357587,6495474567.62035,312453258.8127457
cardano,2026-07-07 23:00:00+00:00,0.1744769386111862,6501616615.455524,311221769.09882593
cardano,2026-07-08 00:00:00+00:00,0.1746031825074184,6506320901.419481,316889161.80612034
cardano,2026-07-08 01:00:00+00:00,0.1757258698857447,6548156131.742697,313986304.057714
cardano,2026-07-08 02:00:00+00:00,0.1727161688770523,6436004220.771391,308870491.4380937
cardano,2026-07-08 03:00:00+00:00,0.1712828623809731,6382594243.475104,325996411.2687176
cardano,2026-07-08 04:00:00+00:00,0.1705608486511798,6355689504.662191,329062356.50259304
cardano,2026-07-08 05:00:00+00:00,0.170515743274888,6354008721.71013,334835395.9996398
cardano,2026-07-08 06:00:00+00:00,0.1697335918960694,6324863045.262537,330793830.5541629
cardano,2026-07-08 07:00:00+00:00,0.1689238955535436,6294690947.815489,329873557.6101247
cardano,2026-07-08 08:00:00+00:00,0.1693741213995303,6311467926.27622,331285316.53258014
cardano,2026-07-08 09:00:00+00:00,0.1658372346541841,6179671244.069575,326054895.4359104
cardano,2026-07-08 10:00:00+00:00,0.1656739626809116,6173587163.372628,347753154.8229179
cardano,2026-07-08 11:00:00+00:00,0.166920118918777,6220023272.156118,345064972.8099243
cardano,2026-07-08 12:00:00+00:00,0.1669400603866567,6220766360.497391,348309420.4982431
cardano,2026-07-08 13:00:00+00:00,0.1666578942199055,6210251869.283415,342118617.1621102
cardano,2026-07-08 14:00:00+00:00,0.1679152492441955,6257105283.737617,337938431.54536694
cardano,2026-07-08 15:00:00+00:00,0.1667082017419127,6212126502.249627,344552066.54909056
cardano,2026-07-08 16:00:00+00:00,0.1654559441560364,6165463036.051914,336089107.37974894
cardano,2026-07-08 17:00:00+00:00,0.1670022976473096,6223085536.952354,338314352.2267394
cardano,2026-07-08 18:00:00+00:00,0.1656131377566562,6171320615.476266,326665052.51160514
cardano,2026-07-08 19:00:00+00:00,0.1664316263582972,6201820343.029655,332090742.59190243
cardano,2026-07-08 20:00:00+00:00,0.1667258331598247,6212783510.107305,334004329.09930253
cardano,2026-07-08 21:00:00+00:00,0.1659971041759222,6185628537.607112,335931734.8937432
cardano,2026-07-08 22:00:00+00:00,0.1666378254787916,6209504038.299468,329464571.56197304
cardano,2026-07-08 23:00:00+00:00,0.1667469352737092,6214634248.032654,324570084.89104056
cardano,2026-07-09 00:00:00+00:00,0.1669559578899136,6222424490.816694,318081760.6460979
cardano,2026-07-09 01:00:00+00:00,0.1668323400801767,6217817272.862157,319955119.22900856
cardano,2026-07-09 02:00:00+00:00,0.1660245093251226,6187709537.036411,311082803.7100311
cardano,2026-07-09 03:00:00+00:00,0.1663389394043318,6199428300.776551,303579544.28387904
cardano,2026-07-09 04:00:00+00:00,0.166349913803245,6199837315.042545,291886945.47666216
cardano,2026-07-09 05:00:00+00:00,0.1681956370973747,6268627156.2307,290019681.3827613
cardano,2026-07-09 06:00:00+00:00,0.1684767992286779,6279106028.34657,291490887.4329634
cardano,2026-07-09 07:00:00+00:00,0.1694663531988389,6315986562.211526,300191043.4498434
cardano,2026-07-09 08:00:00+00:00,0.1681526213137015,6267023964.172131,296914980.176595
cardano,2026-07-09 09:00:00+00:00,0.1671011153338997,6227834487.835664,284208375.13635033
cardano,2026-07-09 10:00:00+00:00,0.168357942436922,6274676252.846081,244214082.1859449
cardano,2026-07-09 11:00:00+00:00,0.1683088190742205,6272845432.197278,273910848.26149
cardano,2026-07-09 12:00:00+00:00,0.1695102474065748,6317622493.008322,272005292.0533332
cardano,2026-07-09 13:00:00+00:00,0.1688706428539841,6293784523.505597,275215182.0057185
cardano,2026-07-09 14:00:00+00:00,0.1694538548151116,6315520749.25113,277098389.087229
cardano,2026-07-09 15:00:00+00:00,0.169068003423379,6301140123.485644,269983081.9057682
cardano,2026-07-09 16:00:00+00:00,0.1665281016688541,6206478351.115443,276568018.419364
cardano,2026-07-09 17:00:00+00:00,0.1652579258009148,6159139079.56024,273252721.93701684
cardano,2026-07-09 18:00:00+00:00,0.1664555781560888,6203775410.245924,278692902.934693
cardano,2026-07-09 19:00:00+00:00,0.1662987805378105,6197931585.608528,280421104.13045067
cardano,2026-07-09 20:00:00+00:00,0.1656213024079457,6172682073.338695,284325903.6533044
cardano,2026-07-09 21:00:00+00:00,0.1669173367087943,6220985084.962012,282062055.10857
cardano,2026-07-09 22:00:00+00:00,0.1668776919974364,6219507532.282835,283015155.51380706
cardano,2026-07-09 23:00:00+00:00,0.1669706411582554,6222971734.111815,285592331.61068255
cardano,2026-07-10 00:00:00+00:00,0.166466925337032,6204198318.044451,284408367.5867457
cardano,2026-07-10 01:00:00+00:00,0.1664378643818978,6203115220.434525,285995915.8148807
cardano,2026-07-10 02:00:00+00:00,0.1683374542787301,6273912662.142782,279712776.56261224
cardano,2026-07-10 03:00:00+00:00,0.1687141022826873,6287950278.972161,291111416.9752451
cardano,2026-07-10 04:00:00+00:00,0.167246052201103,6233236263.989725,291715969.3388725
cardano,2026-07-10 05:00:00+00:00,0.1672927116033533,6234975253.187588,308298909.060475
cardano,2026-07-10 06:00:00+00:00,0.1670395882379331,6225541381.835554,321395110.3197515
cardano,2026-07-10 07:00:00+00:00,0.1665454384614229,6207124490.876107,335884753.375531
cardano,2026-07-10 08:00:00+00:00,0.1664598945411022,6203936281.293345,336667564.8252166
cardano,2026-07-10 09:00:00+00:00,0.1678221976191974,6254709120.694762,335846205.4009096
cardano,2026-07-10 10:00:00+00:00,0.1686803741372837,6286693235.853474,335621716.1453636
cardano,2026-07-10 11:00:00+00:00,0.1685161888169922,6280574072.626678,329515962.322418
cardano,2026-07-10 12:00:00+00:00,0.1678583996115741,6256058363.733634,327812351.0438138
cardano,2026-07-10 13:00:00+00:00,0.1676399680594062,6247917451.262137,333105083.5757325
cardano,2026-07-10 14:00:00+00:00,0.1684298833392283,6277357479.907752,341675263.65722114
cardano,2026-07-10 15:00:00+00:00,0.1655596384398952,6170383866.135742,344390761.42699087
cardano,2026-07-10 16:00:00+00:00,0.1663216945896597,6198785589.018842,330138903.548223
cardano,2026-07-10 17:00:00+00:00,0.1672649987086976,6233942397.597428,326325962.15807444
cardano,2026-07-10 18:00:00+00:00,0.1663730744215892,6200700507.950597,319041551.4630234
cardano,2026-07-10 19:00:00+00:00,0.1660414327849354,6188340271.944821,311621103.35657734
cardano,2026-07-10 20:00:00+00:00,0.1665851534126476,6208604661.384999,314661235.85414404
cardano,2026-07-10 21:00:00+00:00,0.1665956209134072,6208994783.629853,312998618.3417484
cardano,2026-07-10 22:00:00+00:00,0.1669342497235351,6221615430.584096,312416324.79761845
cardano,2026-07-10 23:00:00+00:00,0.1670894335534482,6227399109.56168,311798770.3785139
cardano,2026-07-11 00:00:00+00:00,0.1666302479878185,6210285329.7031145,307706633.44566524
cardano,2026-07-11 01:00:00+00:00,0.1666882483407442,6212446994.498322,311131348.032053
cardano,2026-07-11 02:00:00+00:00,0.1664740701135655,6204464602.836233,304149158.0306699
cardano,2026-07-11 03:00:00+00:00,0.1664343547796329,6202984418.063873,300352286.8533113
cardano,2026-07-11 04:00:00+00:00,0.1661626450963068,6192857837.321932,284030485.522785
cardano,2026-07-11 05:00:00+00:00,0.1662793769943773,6197208418.340984,270112584.0383168
cardano,2026-07-11 06:00:00+00:00,0.1668172272834317,6217254021.10535,254237806.23687384
cardano,2026-07-11 07:00:00+00:00,0.1670443089501511,6225717322.099627,224940958.4061304
cardano,2026-07-11 08:00:00+00:00,0.1676273703874397,6247447937.843375,223031317.65388465
cardano,2026-07-11 09:00:00+00:00,0.1677058389672981,6250372450.506724,223925201.7215168
cardano,2026-07-11 10:00:00+00:00,0.167251871349262,6233453142.803024,218314513.27902493
cardano,2026-07-11 11:00:00+00:00,0.1673262252587127,6236224302.293236,213941656.85955
cardano,2026-07-11 12:00:00+00:00,0.1677177030098594,6250814621.663277,203215340.1807261
cardano,2026-07-11 13:00:00+00:00,0.1677728069799886,6252868338.689052,197676613.14063612
cardano,2026-07-11 14:00:00+00:00,0.1678445258109455,6255541289.183535,186836414.62838715
cardano,2026-07-11 15:00:00+00:00,0.1692784990600554,6308985265.530405,178662787.80603194
cardano,2026-07-11 16:00:00+00:00,0.1718084406269865,6403275823.144331,210974517.0733108
cardano,2026-07-11 17:00:00+00:00,0.1709043984357429,6369582300.956675,222450752.0088697
cardano,2026-07-11 18:00:00+00:00,0.170679831112788,6361212709.192161,224021633.6704964
cardano,2026-07-11 19:00:00+00:00,0.1713542911121919,6386349736.174656,235300571.8565301
cardano,2026-07-11 20:00:00+00:00,0.171588474716565,6395077725.361836,233765074.0219216
cardano,2026-07-11 21:00:00+00:00,0.1706839664613096,6361366833.035622,233621682.44731608
cardano,2026-07-11 22:00:00+00:00,0.1699576050048972,6334295446.229853,240817715.2796729
cardano,2026-07-11 23:00:00+00:00,0.1686597555204185,6285924782.974221,237848685.09479576
cardano,2026-07-12 00:00:00+00:00,0.1656264142098558,6172872589.459229,240714373.57988515
cardano,2026-07-12 01:00:00+00:00,0.1636659570738192,6099806634.517304,256245349.7170106
cardano,2026-07-12 02:00:00+00:00,0.1653752209169197,6163510651.63054,258647944.38650712
cardano,2026-07-12 03:00:00+00:00,0.1651272151041285,6154267510.727512,270403785.76386726
cardano,2026-07-12 04:00:00+00:00,0.166234728389043,6195544371.254413,268635736.1600681
cardano,2026-07-12 05:00:00+00:00,0.1647645000961144,6140749174.649074,274081452.40743893
cardano,2026-07-12 06:00:00+00:00,0.1640064187320481,6112495591.456142,268333703.3384028
cardano,2026-07-12 07:00:00+00:00,0.163032647738913,6076203286.870484,268387072.19223017
cardano,2026-07-12 08:00:00+00:00,0.1636793020992176,6100304001.690775,272699142.04317164
cardano,2026-07-12 09:00:00+00:00,0.1642700130752242,6122319714.640181,277124773.65301543
cardano,2026-07-12 10:00:00+00:00,0.1644366842123461,6128531523.902019,273945740.4836641
cardano,2026-07-12 11:00:00+00:00,0.1638487752992757,6106620243.434444,273608301.8058473
cardano,2026-07-12 12:00:00+00:00,0.1643656058740993,6125882444.478539,281895796.0355255
cardano,2026-07-12 13:00:00+00:00,0.1649080281349499,6146098443.97289,282364997.5725934
cardano,2026-07-12 14:00:00+00:00,0.1646459815440854,6136332005.294458,281595218.35493153
cardano,2026-07-12 15:00:00+00:00,0.1649643640699842,6148198076.15314,269535562.6938063
cardano,2026-07-12 16:00:00+00:00,0.1645019646107478,6130964514.943002,232917163.9705725
cardano,2026-07-12 17:00:00+00:00,0.1644350628946592,6128471097.625473,224892405.00538853
cardano,2026-07-12 18:00:00+00:00,0.1638585243840922,6106983590.420629,220680405.3175708
cardano,2026-07-12 19:00:00+00:00,0.1643051124747754,6123627864.203339,213159564.13805825
cardano,2026-07-12 20:00:00+00:00,0.1643003389120239,6123449954.2075,209907747.1469619
cardano,2026-07-12 21:00:00+00:00,0.1638973494040931,6108430593.321057,212236361.84952077
cardano,2026-07-12 22:00:00+00:00,0.1628495998392484,6069381118.02871,210137081.0378489
cardano,2026-07-12 23:00:00+00:00,0.1618815470570202,6033301930.339511,216247882.32157865
cardano,2026-07-13 00:00:00+00:00,0.1619896965368338,6037332645.866925,203439522.777454
cardano,2026-07-13 01:00:00+00:00,0.16249522202154,6056173507.831506,197348213.79433435
cardano,2026-07-13 02:00:00+00:00,0.1602655031984232,5973072208.614945,194263361.28004235
cardano,2026-07-13 03:00:00+00:00,0.1599425983887109,5961037592.890231,202347612.2232625
cardano,2026-07-13 04:00:00+00:00,0.1586707023587458,5913634211.1442175,216394695.79522437
cardano,2026-07-13 05:00:00+00:00,0.1588950380576285,5921995170.312937,214311890.8000307
cardano,2026-07-13 06:00:00+00:00,0.1599773274643292,5962331940.53378,216939893.4809419
cardano,2026-07-13 07:00:00+00:00,0.1601562956678948,5969002059.689865,215434864.99390385
cardano,2026-07-13 08:00:00+00:00,0.160364668682231,5976768091.905892,212274091.7500698
cardano,2026-07-13 09:00:00+00:00,0.1602486972226852,5972445852.32107,216363979.5849863
cardano,2026-07-13 10:00:00+00:00,0.1598397087261699,5957202909.994585,212189563.3258721
cardano,2026-07-13 11:00:00+00:00,0.1595025616162892,5944637485.795031,213456099.8004224
cardano,2026-07-13 12:00:00+00:00,0.1593824012362808,5940159125.748225,212236949.3201109
cardano,2026-07-13 13:00:00+00:00,0.1589417910014265,5923737645.7908,216648777.61882743
cardano,2026-07-13 14:00:00+00:00,0.1581136755185245,5892873901.081365,228073250.900154
cardano,2026-07-13 15:00:00+00:00,0.1598978004676922,5959367980.829618,241516400.292758
cardano,2026-07-13 16:00:00+00:00,0.1588039143217171,5918599001.807207,237555753.50677148
cardano,2026-07-13 17:00:00+00:00,0.1580454983272986,5890332946.989273,233980857.68027264
cardano,2026-07-13 18:00:00+00:00,0.1565608030640962,5834998568.486643,243832257.03231528
cardano,2026-07-13 19:00:00+00:00,0.1572850501591096,5861991153.347769,241926394.04511192
cardano,2026-07-13 20:00:00+00:00,0.1581339099103327,5893628033.94811,248302289.83738276
cardano,2026-07-13 21:00:00+00:00,0.1573892590300384,5865875002.949921,252673633.3474621
cardano,2026-07-13 22:00:00+00:00,0.156126396655538,5818808304.241249,256427422.6234758
cardano,2026-07-13 23:00:00+00:00,0.1562696547708739,5825939274.672873,241778602.97257623
cardano,2026-07-14 00:00:00+00:00,0.1573775868285905,5867244446.161118,241733455.8172409
cardano,2026-07-14 01:00:00+00:00,0.1582118328713468,5898346241.275214,219788267.32443312
cardano,2026-07-14 02:00:00+00:00,0.1576094445091563,5875888406.943673,223079977.486895
cardano,2026-07-14 03:00:00+00:00,0.1573252203218215,5865292153.5748825,218627438.01454523
cardano,2026-07-14 04:00:00+00:00,0.157497537486283,5871716365.221145,210458884.44143933
cardano,2026-07-14 05:00:00+00:00,0.1577137965317853,5879778788.271495,207255678.01142263
cardano,2026-07-14 06:00:00+00:00,0.1592909383946407,5938576721.459563,218225399.32896265
cardano,2026-07-14 07:00:00+00:00,0.1586814043388288,5915852486.225205,214760993.29965368
cardano,2026-07-14 08:00:00+00:00,0.1585337603068817,5910348121.570065,211055311.29106545
cardano,2026-07-14 09:00:00+00:00,0.1584984553897147,5909031907.594845,146184813.85850635
cardano,2026-07-14 10:00:00+00:00,0.1583961677122078,5905218487.781661,207546683.35287356
cardano,2026-07-14 11:00:00+00:00,0.1586801948359688,5915807394.359961,209581247.8797351
cardano,2026-07-14 12:00:00+00:00,0.1590977134487274,5931373040.086532,208793503.75843084
cardano,2026-07-14 13:00:00+00:00,0.1620239302130077,6040466268.699744,214053626.51833352
cardano,2026-07-14 14:00:00+00:00,0.1636411514788464,6100758415.004799,243470715.57526743
cardano,2026-07-14 15:00:00+00:00,0.1642026611226562,6121692236.684864,249453094.8009516
cardano,2026-07-14 16:00:00+00:00,0.1655438459150959,6171693378.418524,264000053.73087996
cardano,2026-07-14 17:00:00+00:00,0.1653003200236952,6162614411.313931,291421385.16038024
cardano,2026-07-14 18:00:00+00:00,0.1636504703622175,6101105835.293834,282363557.4314555
cardano,2026-07-14 19:00:00+00:00,0.1631552377433148,6082642908.702009,293577527.4276801
cardano,2026-07-14 20:00:00+00:00,0.1634241109423051,6092666856.935601,294866328.564586
cardano,2026-07-14 21:00:00+00:00,0.1632443896271992,6085966608.767098,296017754.1516693
cardano,2026-07-14 22:00:00+00:00,0.1643396270236649,6126798506.505115,295494619.5829037
cardano,2026-07-14 23:00:00+00:00,0.1644748597393036,6131840160.8839855,303261277.72861886
cardano,2026-07-15 00:00:00+00:00,0.1654138564543012,6166847199.510357,308637510.5981595
cardano,2026-07-15 01:00:00+00:00,0.1647336194517865,6141487064.973379,308795446.45557
cardano,2026-07-15 02:00:00+00:00,0.1635335995529016,6096748737.051986,300609289.5212214
cardano,2026-07-15 03:00:00+00:00,0.1626546467123673,6063980213.42683,300907707.1351888
cardano,2026-07-15 04:00:00+00:00,0.1640271588343667,6115149279.412451,316783672.26935416
cardano,2026-07-15 05:00:00+00:00,0.1635156165385466,6096078306.508311,324644920.7079957
cardano,2026-07-15 06:00:00+00:00,0.1643672876152034,6127829729.917245,288079037.2887752
cardano,2026-07-15 07:00:00+00:00,0.1640661609967676,6116603331.576716,319276575.11899483
cardano,2026-07-15 08:00:00+00:00,0.1630943637335947,6080373445.161214,324393861.9823283
cardano,2026-07-15 09:00:00+00:00,0.1636326357760126,6100440938.347775,327905210.46454275
cardano,2026-07-15 10:00:00+00:00,0.1640105088831228,6114528547.223496,335318345.39304686
cardano,2026-07-15 11:00:00+00:00,0.1644149294909498,6129605882.014318,338513488.7953412
cardano,2026-07-15 12:00:00+00:00,0.1645247589922664,6133700470.987308,341985084.4950011
cardano,2026-07-15 13:00:00+00:00,0.1668438813853484,6220160419.03314,334532009.2181269
cardano,2026-07-15 14:00:00+00:00,0.1662792274833114,6199109375.250533,337700024.718112
cardano,2026-07-15 15:00:00+00:00,0.1663792502343992,6202838355.613211,329658029.4415411
cardano,2026-07-15 16:00:00+00:00,0.1656289868071819,6174867543.407958,303507777.6745843
cardano,2026-07-15 17:00:00+00:00,0.1634232993027182,6092636597.939041,300500571.44035184
cardano,2026-07-15 18:00:00+00:00,0.1647702198634389,6142851576.695299,298588863.8072624
cardano,2026-07-15 19:00:00+00:00,0.1635531846480141,6097478895.283802,239668132.94895563
cardano,2026-07-15 20:00:00+00:00,0.1635726163264879,6098203333.940555,289825193.7434033
cardano,2026-07-15 21:00:00+00:00,0.1644932353663289,6132525228.546936,294908310.7749945
cardano,2026-07-15 22:00:00+00:00,0.16452049895924,6133541651.32551,297643511.99135625
cardano,2026-07-15 23:00:00+00:00,0.1652917272234506,6162294060.363531,297877241.1687581
cardano,2026-07-16 00:00:00+00:00,0.1650155573560203,6151998082.686339,297396566.8953283
cardano,2026-07-16 01:00:00+00:00,0.164629926506847,6137621254.9329405,292100238.3745301
cardano,2026-07-16 02:00:00+00:00,0.1652794298485146,6161835597.972225,292659271.3264489
cardano,2026-07-16 03:00:00+00:00,0.1661818094983507,6195477504.011846,291631805.8256082
cardano,2026-07-16 04:00:00+00:00,0.1648246028749745,6144879047.244491,287227169.8581774
cardano,2026-07-16 05:00:00+00:00,0.1643617105966195,6127621811.293177,280933898.2343786
cardano,2026-07-16 06:00:00+00:00,0.1643691611165494,6127899576.523666,283777672.9777296
cardano,2026-07-16 07:00:00+00:00,0.1639715072397033,6113074514.407544,282752798.4442517
cardano,2026-07-16 08:00:00+00:00,0.162806769797715,6069651563.112802,286558826.95778394
cardano,2026-07-16 09:00:00+00:00,0.1620066616513193,6039822473.89579,300468418.3845842
cardano,2026-07-16 10:00:00+00:00,0.1616357748256817,6025995322.827278,292897178.64327186
cardano,2026-07-16 11:00:00+00:00,0.1623650780451501,6053184710.784114,293097523.09512347
cardano,2026-07-16 12:00:00+00:00,0.1628090404716424,6069736216.838014,288186579.5378732
cardano,2026-07-16 13:00:00+00:00,0.1619287991655799,6036919657.514976,281653306.62548417
cardano,2026-07-16 14:00:00+00:00,0.1640029364860014,6114246238.250217,271725524.9410727
cardano,2026-07-16 15:00:00+00:00,0.1638208070356091,6107456211.615355,263991551.37274617
cardano,2026-07-16 16:00:00+00:00,0.1635705984426753,6098128104.564941,261345213.2724948
cardano,2026-07-16 17:00:00+00:00,0.1634308121196966,6092916685.685842,250490791.6749315
cardano,2026-07-16 18:00:00+00:00,0.1623665921640756,6053241159.138899,241225644.2140107
cardano,2026-07-16 19:00:00+00:00,0.1622229194214267,6047884849.39773,241837945.80908325
cardano,2026-07-16 20:00:00+00:00,0.1628154630194423,6069975657.908806,238453362.3382822
cardano,2026-07-16 21:00:00+00:00,0.1625444023199118,6059870156.76381,234476867.9349398
cardano,2026-07-16 22:00:00+00:00,0.1629785466401192,6076055630.8386135,235248814.56706104
cardano,2026-07-16 23:00:00+00:00,0.160737246617553,5992497003.62504,233182508.334752
cardano,2026-07-17 00:00:00+00:00,0.1607095307055631,5991463717.793364,239717688.70303556
cardano,2026-07-17 01:00:00+00:00,0.1614443999413183,6018860614.19409,228050180.3876283
cardano,2026-07-17 02:00:00+00:00,0.1600858268423794,5968211213.41166,237165528.71679452
cardano,2026-07-17 03:00:00+00:00,0.159666583769814,5952581277.544238,236778782.36521864
cardano,2026-07-17 04:00:00+00:00,0.1602540069590291,5974481190.447479,238649244.0262967
cardano,2026-07-17 05:00:00+00:00,0.1601452212519464,5970425515.503132,237510468.61025795
cardano,2026-07-17 06:00:00+00:00,0.1580988039949158,5894132375.369281,239190221.86886755
cardano,2026-07-17 07:00:00+00:00,0.1589646554510763,5926412462.068607,234460671.1877097
cardano,2026-07-17 08:00:00+00:00,0.158840498801152,5921783738.059034,222074818.32310236
cardano,2026-07-17 09:00:00+00:00,0.1598999624274296,5961281942.361515,215682007.8020061
cardano,2026-07-17 10:00:00+00:00,0.1607590553431877,5993310061.74174,225492500.70218492
cardano,2026-07-17 11:00:00+00:00,0.1607764321516771,5993957892.129511,238660388.47467855
cardano,2026-07-17 12:00:00+00:00,0.1608566280786605,5996947702.284056,231382262.55166107
cardano,2026-07-17 13:00:00+00:00,0.1596579347258553,5952258829.753836,227600556.27417752
cardano,2026-07-17 14:00:00+00:00,0.15982238920345,5958389910.041429,233734791.9521428
cardano,2026-07-17 15:00:00+00:00,0.1626661434637623,6064408827.514331,243155841.56995636
cardano,2026-07-17 16:00:00+00:00,0.1639497567003662,6112263625.552921,265144001.7522739
cardano,2026-07-17 17:00:00+00:00,0.1662442383510554,6197804934.154172,300429152.2178503
cardano,2026-07-17 18:00:00+00:00,0.1650657407908823,6153868987.466472,329432824.65305024
cardano,2026-07-17 19:00:00+00:00,0.1659086517566178,6185293822.361841,340571318.1547424
cardano,2026-07-17 20:00:00+00:00,0.1659058878043767,6185190778.56912,350543891.52253884
cardano,2026-07-17 21:00:00+00:00,0.1656569814638929,6175911221.211257,354052502.19104177
cardano,2026-07-17 22:00:00+00:00,0.1659498066561556,6186828131.411887,356162231.4491074
cardano,2026-07-17 23:00:00+00:00,0.165742291581348,6179091695.146118,356707541.887336
cardano,2026-07-18 00:00:00+00:00,0.1667408836068517,6216320525.716502,356721673.87967736
cardano,2026-07-18 01:00:00+00:00,0.1674761575387143,6243732509.723007,388316668.2574952
cardano,2026-07-18 02:00:00+00:00,0.167442177713092,6242465696.911975,391539035.3848218
cardano,2026-07-18 03:00:00+00:00,0.1684243414368179,6279082058.678457,399139817.4589646
cardano,2026-07-18 04:00:00+00:00,0.1677298913302099,6253192040.835133,401371573.291317
cardano,2026-07-18 05:00:00+00:00,0.1667650607059322,6217221879.925592,403170754.9635973
cardano,2026-07-18 06:00:00+00:00,0.166524012334039,6208235278.022827,397083120.1695994
cardano,2026-07-18 07:00:00+00:00,0.1658602587680388,6183489667.785607,395272019.2846204
cardano,2026-07-18 08:00:00+00:00,0.1660805059070109,6191700772.231659,396994452.24624026
cardano,2026-07-18 09:00:00+00:00,0.166222178177526,6196982501.727612,395045393.16403294
cardano,2026-07-18 10:00:00+00:00,0.1657080927884342,6177816718.945046,392571424.4182885
cardano,2026-07-18 11:00:00+00:00,0.1657600063451323,6179752124.953963,385324901.8335078
cardano,2026-07-18 12:00:00+00:00,0.1658286828675943,6182312476.48252,384230001.1527525
cardano,2026-07-18 13:00:00+00:00,0.1658663710688535,6183717542.438734,388273135.9704307
cardano,2026-07-18 14:00:00+00:00,0.1645390889117468,6134234709.325688,374875923.60547376
cardano,2026-07-18 15:00:00+00:00,0.164979958491662,6150670909.971311,351086099.5776686
cardano,2026-07-18 16:00:00+00:00,0.1644004609554612,6129066475.88794,329876545.6335446
cardano,2026-07-18 17:00:00+00:00,0.1642459269596457,6123305244.273181,289971467.27329224
cardano,2026-07-18 18:00:00+00:00,0.1652217360655078,6159684697.486671,279186888.0703541
cardano,2026-07-18 19:00:00+00:00,0.1652037912232637,6159015690.049744,272475424.5633921
cardano,2026-07-18 20:00:00+00:00,0.1658509345700847,6183142049.361894,261159298.38440657
cardano,2026-07-18 21:00:00+00:00,0.1661855221524318,6195615916.66308,257640679.48705843
cardano,2026-07-18 22:00:00+00:00,0.1662326951033799,6197374586.623881,256372895.6135386
cardano,2026-07-18 23:00:00+00:00,0.1670302358843496,6228170680.635765,248754096.0144399
cardano,2026-07-19 00:00:00+00:00,0.1666338307486647,6213389651.137395,236053086.59684005
cardano,2026-07-19 01:00:00+00:00,0.1668990045245411,6223277367.139489,217961587.09985676
cardano,2026-07-19 02:00:00+00:00,0.1668601663682543,6221829182.234555,213203778.5383109
cardano,2026-07-19 03:00:00+00:00,0.1680570526933111,6266458301.497332,207154262.9040413
cardano,2026-07-19 04:00:00+00:00,0.1667093447214878,6216205392.305607,200236127.17987853
cardano,2026-07-19 05:00:00+00:00,0.1660787425755527,6192691698.658078,194018486.97453305
cardano,2026-07-19 06:00:00+00:00,0.1659626762105966,6188363852.700127,193245918.35012013
cardano,2026-07-19 07:00:00+00:00,0.1661418647794081,6195045379.458847,189084126.86662063
cardano,2026-07-19 08:00:00+00:00,0.1656053982169693,6175041783.71684,186191765.45174608
cardano,2026-07-19 09:00:00+00:00,0.1657609705943622,6180842717.38891,182885306.0281263
cardano,2026-07-19 10:00:00+00:00,0.1648029698633151,6145121088.705666,181933051.8736512
cardano,2026-07-19 11:00:00+00:00,0.1653878548980603,6166930097.150492,181748204.7772988
cardano,2026-07-19 12:00:00+00:00,0.1649376313761829,6150142304.665836,181941954.58413965
cardano,2026-07-19 13:00:00+00:00,0.165007339956479,6152741576.191078,180774053.35607275
cardano,2026-07-19 14:00:00+00:00,0.1654798794184425,6170361478.401373,174038606.2076423
cardano,2026-07-19 15:00:00+00:00,0.1665877418718984,6211671103.657299,173038150.08367825
cardano,2026-07-19 16:00:00+00:00,0.1661799946165433,6196467152.782972,172541319.83961704
cardano,2026-07-19 17:00:00+00:00,0.1651333872957114,6157441589.565444,163766831.84553272
cardano,2026-07-19 18:00:00+00:00,0.1650774415440238,6155355502.046486,166710871.34754628
cardano,2026-07-19 19:00:00+00:00,0.1649689724913246,6151310942.268426,166430772.13951686
cardano,2026-07-19 20:00:00+00:00,0.1659432955424545,6187641192.467654,163279274.7581592
cardano,2026-07-19 21:00:00+00:00,0.1663901710087321,6204304143.712559,163648683.94712773
cardano,2026-07-19 22:00:00+00:00,0.1649867978395697,6151975608.22381,161000389.99069548
cardano,2026-07-19 23:00:00+00:00,0.1658080015516343,6182596392.869361,162938876.86269286
cardano,2026-07-20 00:00:00+00:00,0.1660457103945205,6191460005.124669,165055801.68158737
cardano,2026-07-20 01:00:00+00:00,0.1655393028692981,6172577241.268507,169177135.5381328
cardano,2026-07-20 02:00:00+00:00,0.1647616133401392,6143578999.731576,177101337.231961
cardano,2026-07-20 03:00:00+00:00,0.1658366123582753,6183663223.59092,176587256.82524124
cardano,2026-07-20 04:00:00+00:00,0.1653923476855202,6167097622.790288,178872212.86679998
cardano,2026-07-20 05:00:00+00:00,0.1642652576104332,6125071044.051857,177575525.16764563
cardano,2026-07-20 06:00:00+00:00,0.1621768572937188,6047199432.644942,193979959.1176054
cardano,2026-07-20 07:00:00+00:00,0.1613312159413825,6015667424.987355,202523478.84300533
cardano,2026-07-20 08:00:00+00:00,0.1624091648071286,6055861641.8327,207684211.96517825
cardano,2026-07-20 09:00:00+00:00,0.1617715692736289,6032087180.958463,216338669.8419316
cardano,2026-07-20 10:00:00+00:00,0.1627435582690952,6068330399.627298,217921713.12587228
cardano,2026-07-20 11:00:00+00:00,0.1631225578688667,6082462416.999911,215565521.1111524
cardano,2026-07-20 12:00:00+00:00,0.1653798830963463,6166632847.126,230008425.3586186
cardano,2026-07-20 13:00:00+00:00,0.164215603837427,6123219569.846705,232979691.6592952
cardano,2026-07-20 14:00:00+00:00,0.1626786514396615,6065910174.27162,234930473.0087215
cardano,2026-07-20 15:00:00+00:00,0.1622730514066812,6050786288.347026,241658443.97089395
cardano,2026-07-20 16:00:00+00:00,0.1668028114005814,6219690548.315025,259535963.3784703
cardano,2026-07-20 17:00:00+00:00,0.1660440496759561,6191398080.775362,279503886.9799204
cardano,2026-07-20 18:00:00+00:00,0.1673680775157984,6240768012.684944,286966109.15816927
cardano,2026-07-20 19:00:00+00:00,0.1681291466512738,6269146518.231607,321756925.52582514
cardano,2026-07-20 20:00:00+00:00,0.1677354898002539,6254467965.903807,340304753.5554077
cardano,2026-07-20 21:00:00+00:00,0.1696675193883717,6326508874.971116,348462062.32999635
cardano,2026-07-20 22:00:00+00:00,0.1697711000208609,6330371156.880349,370357598.9168139
cardano,2026-07-20 23:00:00+00:00,0.1690515374568041,6303540335.25926,371367685.7732412
cardano,2026-07-21 00:00:00+00:00,0.1695817733643672,6323311604.31016,369056511.35637337
cardano,2026-07-21 01:00:00+00:00,0.1707608222792327,6367275607.855511,385107560.6229684
cardano,2026-07-21 02:00:00+00:00,0.1700494482259933,6340750116.839512,384392120.7522554
cardano,2026-07-21 03:00:00+00:00,0.1704087951936818,6354149333.074127,383537328.4174512
cardano,2026-07-21 04:00:00+00:00,0.1724877082514231,6431667186.564915,308081142.1048461
cardano,2026-07-21 05:00:00+00:00,0.1721378373144143,6418621309.569367,403990930.8487864
cardano,2026-07-21 06:00:00+00:00,0.1757302387927312,6552573641.264675,419319463.2567377
cardano,2026-07-21 07:00:00+00:00,0.1761566386135659,6568473103.109356,459266811.7473189
cardano,2026-07-21 08:00:00+00:00,0.1762811982204475,6573117642.3897085,456179429.796774
cardano,2026-07-21 09:00:00+00:00,0.1744579963968403,6505134668.633184,453733708.1919329
cardano,2026-07-21 10:00:00+00:00,0.1747747331162285,6516945047.387242,462865734.1019348
cardano,2026-07-21 11:00:00+00:00,0.1745552795846568,6508762133.41445,474758926.7342168
cardano,2026-07-21 12:00:00+00:00,0.1746235099056216,6511306284.072644,466435724.4793981
cardano,2026-07-21 13:00:00+00:00,0.1751539489198049,6531085126.499047,466030998.3091464
cardano,2026-07-21 14:00:00+00:00,0.1755655617501016,6546433215.710886,476106615.9196735
cardano,2026-07-21 15:00:00+00:00,0.1756753520034224,6550527040.000434,474906059.7987624
cardano,2026-07-21 16:00:00+00:00,0.175025520960733,6526296345.324008,480486781.4679247
cardano,2026-07-21 17:00:00+00:00,0.1734860337057741,6468892430.794508,474749344.4423987
cardano,2026-07-21 18:00:00+00:00,0.1732980338024622,6461882349.77792,462713324.4631394
cardano,2026-07-21 19:00:00+00:00,0.1732692222043872,6460808032.008786,431043523.53183895
cardano,2026-07-21 20:00:00+00:00,0.1737056716717876,6477082221.900516,428529703.3213276
cardano,2026-07-21 21:00:00+00:00,0.1733636947202213,6464330693.340901,417427683.88048047
cardano,2026-07-21 22:00:00+00:00,0.172866046190407,6445774532.139064,392995126.5813462
cardano,2026-07-21 23:00:00+00:00,0.1729802877720477,6450034336.153088,388064067.7952638
cardano,2026-07-22 00:00:00+00:00,0.17354322555782,6471024982.5100565,383630120.9314688
cardano,2026-07-22 01:00:00+00:00,0.1737771629545612,6479747966.272687,375028491.0785452
cardano,2026-07-22 02:00:00+00:00,0.1741277631031411,6492821033.878984,367178084.33386433
cardano,2026-07-22 03:00:00+00:00,0.1742108240654915,6495918184.809038,370736938.6553269
cardano,2026-07-22 04:00:00+00:00,0.1732961124449309,6461810706.805135,352497797.8914648
cardano,2026-07-22 05:00:00+00:00,0.1741175380342297,6492439764.738914,347533406.28169525
cardano,2026-07-22 06:00:00+00:00,0.1713441885133263,6389027983.741339,309754737.87295306
cardano,2026-07-22 07:00:00+00:00,0.1707379115170946,6366421318.593067,294075508.0067789
cardano,2026-07-22 08:00:00+00:00,0.1710086937002971,6376518159.116168,283461331.43759507
cardano,2026-07-22 09:00:00+00:00,0.1724150793018192,6428959021.231296,282394873.01890504
cardano,2026-07-22 10:00:00+00:00,0.1731647256740457,6456911598.389716,278665802.1124869
cardano,2026-07-22 11:00:00+00:00,0.1734315253897351,6466859941.922016,273952174.68902844
cardano,2026-07-22 12:00:00+00:00,0.172824600285913,6444229110.342613,268955151.1470558
cardano,2026-07-22 13:00:00+00:00,0.1722209408007262,6421720046.119468,253583343.5086443
cardano,2026-07-22 14:00:00+00:00,0.1754139342119764,6540779375.959489,246791829.56685928
cardano,2026-07-22 15:00:00+00:00,0.1752319518324556,6533993674.46944,262710700.4686965
cardano,2026-07-22 16:00:00+00:00,0.1778226511895407,6630594853.846994,284499478.40119475
cardano,2026-07-22 17:00:00+00:00,0.1799364439054233,6709413289.014127,294173719.5040321
cardano,2026-07-22 18:00:00+00:00,0.1778518990189816,6631685437.67352,288709590.8178614
cardano,2026-07-22 19:00:00+00:00,0.1757377794719087,6552854815.72819,290601804.3561635
cardano,2026-07-22 20:00:00+00:00,0.174456936323185,6505095140.941539,287735714.3447407
cardano,2026-07-22 21:00:00+00:00,0.1744374490091406,6504368504.130346,288019044.8295553
cardano,2026-07-22 22:00:00+00:00,0.175011174847591,6525761411.988262,289866906.6438049
cardano,2026-07-22 23:00:00+00:00,0.1752581574855255,6534970822.584286,290463368.01060814
cardano,2026-07-23 00:00:00+00:00,0.1743814837148952,6502281687.914664,268628359.0032368
cardano,2026-07-23 01:00:00+00:00,0.1757740067904364,6554205648.539372,283325264.48073715
cardano,2026-07-23 02:00:00+00:00,0.1745985193757656,6510374445.088409,294459821.9922872
cardano,2026-07-23 03:00:00+00:00,0.174468289966688,6505518492.01453,278898091.4773678
cardano,2026-07-23 04:00:00+00:00,0.1739948933181068,6487866627.300372,283219736.60392
cardano,2026-07-23 05:00:00+00:00,0.1742889050173378,6498829642.680306,292185829.1586326
cardano,2026-07-23 06:00:00+00:00,0.1741942042529221,6495298470.487171,283292018.3130844
cardano,2026-07-23 07:00:00+00:00,0.1741328977294415,6493012492.202748,277218680.8923293
cardano,2026-07-23 08:00:00+00:00,0.1729172196309261,6447682671.226462,276051820.7967046
cardano,2026-07-23 09:00:00+00:00,0.1739482306717909,6486126685.282528,270889910.1098479
cardano,2026-07-23 10:00:00+00:00,0.1734145742929242,6466227874.777985,272327026.0403381
cardano,2026-07-23 11:00:00+00:00,0.1745981275888878,6510359836.263056,269365359.0594919
cardano,2026-07-23 12:00:00+00:00,0.1742468188697615,6497260347.702018,274945602.9180838
cardano,2026-07-23 13:00:00+00:00,0.1729794278467249,6450002271.529252,274824137.8488685
cardano,2026-07-23 14:00:00+00:00,0.1715345554320807,6396126325.282149,266776968.4322093
cardano,2026-07-23 15:00:00+00:00,0.1693502434683788,6314678390.675211,256175411.9151561
cardano,2026-07-23 16:00:00+00:00,0.170454302423553,6355846192.288508,263213437.6455174
cardano,2026-07-23 17:00:00+00:00,0.1693998189159886,6316526944.307717,254093336.921924
cardano,2026-07-23 18:00:00+00:00,0.1684367667801779,6280616960.439091,241989219.4943581
cardano,2026-07-23 19:00:00+00:00,0.1692846867132952,6312233931.097171,248431884.27426705
cardano,2026-07-23 20:00:00+00:00,0.1694952415064722,6320085031.723292,229479839.4497625
cardano,2026-07-23 21:00:00+00:00,0.1696512827753301,6325903449.272213,228264960.679148
cardano,2026-07-23 22:00:00+00:00,0.1687835160959323,6293546439.407245,225461142.1663796
cardano,2026-07-23 23:00:00+00:00,0.1690231460370831,6304602927.539882,225220081.4301176
cardano,2026-07-24 00:00:00+00:00,0.1684171794197919,6282000230.81498,223850132.2439429
cardano,2026-07-24 01:00:00+00:00,0.1671310715032494,6234028104.358479,225651633.63354665
cardano,2026-07-24 02:00:00+00:00,0.1669279788211998,6226452699.759568,228492439.88797167
cardano,2026-07-24 03:00:00+00:00,0.1667119416636383,6218394463.192841,228209141.79816097
cardano,2026-07-24 04:00:00+00:00,0.1673439640275956,6241969045.369897,228211317.6235828
cardano,2026-07-24 05:00:00+00:00,0.1671951190891026,6236417094.308908,226301978.0296889
cardano,2026-07-24 06:00:00+00:00,0.166648004365314,6216009586.993069,225902489.2674356
cardano,2026-07-24 07:00:00+00:00,0.1671411649445909,6234404592.084113,224903671.4754233
cardano,2026-07-24 08:00:00+00:00,0.1681175686143065,6270824677.610143,226891491.9536597
cardano,2026-07-24 09:00:00+00:00,0.1677797128620984,6258222578.936687,230856701.73654383
cardano,2026-07-24 10:00:00+00:00,0.1672498408645882,6238458229.348784,235538264.29206684
cardano,2026-07-24 11:00:00+00:00,0.1663336230185272,6204283089.138855,227051061.49400976
cardano,2026-07-24 12:00:00+00:00,0.1662283696498808,6200357113.841034,229096005.86371765
cardano,2026-07-24 13:00:00+00:00,0.165370237944977,6168348600.298374,225124845.62850025
cardano,2026-07-24 14:00:00+00:00,0.1643735104711354,6131170432.119192,225581957.74661955
cardano,2026-07-24 15:00:00+00:00,0.1646555804681654,6141691709.061088,219529350.74324167
cardano,2026-07-24 16:00:00+00:00,0.1646809917261552,6142639554.934692,208117921.01914075
cardano,2026-07-24 17:00:00+00:00,0.1631554047658648,6085734804.067295,206819955.20150763
cardano,2026-07-24 18:00:00+00:00,0.1636073412702868,6102592141.512759,207663427.3622891
cardano,2026-07-24 19:00:00+00:00,0.1638202570672528,6110533950.598344,208781479.4716924
cardano,2026-07-24 20:00:00+00:00,0.16358361019952,6101706967.016025,207233457.01426336
cardano,2026-07-24 21:00:00+00:00,0.1634155332119261,6095437656.01998,204851455.8029907
cardano,2026-07-24 22:00:00+00:00,0.1631613073688844,6085954972.542145,205221033.4155582
cardano,2026-07-24 23:00:00+00:00,0.1638340234191866,6111047438.74916,199400754.8756301
cardano,2026-07-25 00:00:00+00:00,0.1638191873831684,6110494051.131506,196238626.98024797
cardano,2026-07-25 01:00:00+00:00,0.164224962028172,6125629540.410885,191655219.8461998
cardano,2026-07-25 02:00:00+00:00,0.163624327072897,6103225715.927708,185439930.7710166
cardano,2026-07-25 03:00:00+00:00,0.1638928873598591,6113243077.520482,181910577.5716288
cardano,2026-07-25 04:00:00+00:00,0.1638701110461353,6112393515.685029,182665245.4713686
cardano,2026-07-25 05:00:00+00:00,0.1636684998919935,6104873372.424007,181831608.3298199
cardano,2026-07-25 06:00:00+00:00,0.1629699769687725,6078818303.8139,179031415.48625836
cardano,2026-07-25 07:00:00+00:00,0.1620477524106608,6044419111.83788,177734013.14378092
cardano,2026-07-25 08:00:00+00:00,0.1616232962049882,6028586795.970863,176864248.90379447
cardano,2026-07-25 09:00:00+00:00,0.1616456216992643,6029419542.135351,177392933.59181634
cardano,2026-07-25 10:00:00+00:00,0.1623117372251657,6054265807.23656,175862979.67878708
cardano,2026-07-25 11:00:00+00:00,0.1620743603482355,6045411594.14023,174915671.07309118
cardano,2026-07-25 12:00:00+00:00,0.1625152576695816,6061857167.471906,169288362.6213443
cardano,2026-07-25 13:00:00+00:00,0.1631098970539433,6084037355.756026,168944269.5618068
cardano,2026-07-25 14:00:00+00:00,0.1635542578815564,6100612118.682514,156945097.73056644
cardano,2026-07-25 15:00:00+00:00,0.1642433439797955,6126315191.510967,152544523.4468007
cardano,2026-07-25 16:00:00+00:00,0.1646556298554591,6141693551.218705,147757951.6299955
cardano,2026-07-25 17:00:00+00:00,0.1651143997367956,6158805775.223263,147301209.85215926
cardano,2026-07-25 18:00:00+00:00,0.1654801912088054,6172449882.787064,149890370.5064101
cardano,2026-07-25 19:00:00+00:00,0.1657865151187008,6183875836.358405,148165941.49599263
cardano,2026-07-25 20:00:00+00:00,0.1654647683243862,6171874605.58663,147498145.14956152
cardano,2026-07-25 21:00:00+00:00,0.1645576525264775,6138038973.904223,145023631.29735073
cardano,2026-07-25 22:00:00+00:00,0.1646859702303436,6142825254.306741,147244371.24381405
cardano,2026-07-25 23:00:00+00:00,0.1650103418606127,6154924392.07428,148232410.55259684
cardano,2026-07-26 00:00:00+00:00,0.1647003197135557,6143360493.390786,144119832.395901
cardano,2026-07-26 01:00:00+00:00,0.165240156713644,6163496539.908372,147238490.74064118
cardano,2026-07-26 02:00:00+00:00,0.1651010208537529,6158306739.75282,144597861.07661453
cardano,2026-07-26 03:00:00+00:00,0.1653174722877591,6166380428.927948,146908795.84026286
cardano,2026-07-26 04:00:00+00:00,0.1652845266494224,6165151548.903067,143194989.57130814
cardano,2026-07-26 05:00:00+00:00,0.1655528221348327,6175159033.335953,142660411.55457047
cardano,2026-07-26 06:00:00+00:00,0.1653177779738707,6166391831.091494,144329013.7681124
cardano,2026-07-26 07:00:00+00:00,0.166081190878104,6194867311.188726,142775366.9275122
cardano,2026-07-26 08:00:00+00:00,0.1650277351326717,6155573165.195082,141848422.11550215
cardano,2026-07-26 09:00:00+00:00,0.1651007805089342,6158297774.834801,142338580.44704086
cardano,2026-07-26 10:00:00+00:00,0.1648672144754467,6149585707.091274,138950069.36174262
cardano,2026-07-26 11:00:00+00:00,0.1652686109898619,6164557891.074471,140620641.28558412
cardano,2026-07-26 12:00:00+00:00,0.16485138077173,6148995106.234841,141146680.11020774
cardano,2026-07-26 13:00:00+00:00,0.1648267964366762,6148078104.780392,140070643.4677557
cardano,2026-07-26 14:00:00+00:00,0.1644391417294232,6133618493.422278,140752647.57275444
cardano,2026-07-26 15:00:00+00:00,0.1646779552494835,6142526293.643782,140961184.41623637
cardano,2026-07-26 16:00:00+00:00,0.1653432663448897,6167342553.299143,142015834.6914993
cardano,2026-07-26 17:00:00+00:00,0.1652181897017304,6162677165.219954,138361467.46334186
cardano,2026-07-26 18:00:00+00:00,0.164532880010055,6137114953.240652,131219754.53469236
cardano,2026-07-26 19:00:00+00:00,0.1646626491695864,6141955373.279377,130278606.36861694
cardano,2026-07-26 20:00:00+00:00,0.1643597558770805,6130657382.540011,130619068.09417258
cardano,2026-07-26 21:00:00+00:00,0.1641608695031073,6123238874.217346,130522038.31113768
cardano,2026-07-26 22:00:00+00:00,0.1648154991943065,6147656714.994512,130792350.13477354
cardano,2026-07-26 23:00:00+00:00,0.1656579940765927,6179081971.391844,137066932.82670105
cardano,2026-07-27 00:00:00+00:00,0.1658694506970948,6186969352.853628,140846618.17841473
cardano,2026-07-27 01:00:00+00:00,0.1652254858685645,6162949313.951417,140471198.34368825
cardano,2026-07-27 02:00:00+00:00,0.1648768274773772,6149944274.314368,144275206.2903712
cardano,2026-07-27 03:00:00+00:00,0.1647281523494209,6144398657.226164,145192025.5689989
cardano,2026-07-27 04:00:00+00:00,0.1652436444081355,6163626631.72962,146250054.3142575
cardano,2026-07-27 05:00:00+00:00,0.1652349531548892,6163302445.948295,146173829.50105813
cardano,2026-07-27 06:00:00+00:00,0.1656598907567394,6179152718.0054655,147580215.79309714
cardano,2026-07-27 07:00:00+00:00,0.1659567395847296,6190225248.802952,150738949.89719823
cardano,2026-07-27 08:00:00+00:00,0.1648705332967205,6149709499.9019575,153022069.43153673
cardano,2026-07-27 09:00:00+00:00,0.1648972833139055,6150707281.807043,153152478.42550573
cardano,2026-07-27 10:00:00+00:00,0.1652758664768405,6164828522.437799,156516584.71614257
cardano,2026-07-27 11:00:00+00:00,0.1654034739509637,6169588311.104595,156174060.63002443
cardano,2026-07-27 12:00:00+00:00,0.1644924421285331,6135606610.790495,157597139.13043103
cardano,2026-07-27 13:00:00+00:00,0.1638294597055253,6110877211.160899,165510111.15331522
cardano,2026-07-27 14:00:00+00:00,0.1642529577739983,6126673788.286006,175297896.8332138
cardano,2026-07-27 15:00:00+00:00,0.1588065918023697,5923523062.162083,200831016.55356857
cardano,2026-07-27 16:00:00+00:00,0.1579159106267615,5890300445.739995,211442219.18663248
cardano,2026-07-27 17:00:00+00:00,0.158766550560222,5922029514.4534645,228143438.77025813
cardano,2026-07-27 18:00:00+00:00,0.1591040226712273,5934617303.220221,229504382.5713353
cardano,2026-07-27 19:00:00+00:00,0.158385071341275,5907800250.255287,238703192.73507544
cardano,2026-07-27 20:00:00+00:00,0.1587764800658866,5922399887.339959,241638605.9914651
cardano,2026-07-27 21:00:00+00:00,0.1589183897459989,5927693151.639312,241594157.18393925
cardano,2026-07-27 22:00:00+00:00,0.1585833925958367,5915197679.491569,243544901.1770664
cardano,2026-07-27 23:00:00+00:00,0.1544766640747297,5762015743.976641,254779046.10736597
cardano,2026-07-28 00:00:00+00:00,0.15544156720749,5798006856.781147,266299414.68809867
cardano,2026-07-28 01:00:00+00:00,0.1548787494108453,5777013621.170568,270535593.22087747
cardano,2026-07-28 02:00:00+00:00,0.1541701744473887,5750583609.105771,286047430.7209284
cardano,2026-07-28 03:00:00+00:00,0.1548736520198305,5776823487.292054,286085621.74083745
cardano,2026-07-28 04:00:00+00:00,0.1546907267011671,5770000330.070065,282844072.3525784
cardano,2026-07-28 05:00:00+00:00,0.1551065838358483,5785511898.575446,290478909.2651825
cardano,2026-07-28 06:00:00+00:00,0.1558235920000794,5812256471.003944,296657872.86883533
cardano,2026-07-28 07:00:00+00:00,0.156795707248515,5848516597.412007,315832196.7328084
cardano,2026-07-28 08:00:00+00:00,0.1569390174388451,5853862101.070442,322594225.783501
cardano,2026-07-28 09:00:00+00:00,0.1571161458200968,5860469031.1695,325366663.28732765
cardano,2026-07-28 10:00:00+00:00,0.1571174685011728,5860518367.48337,326671807.73209673
cardano,2026-07-28 11:00:00+00:00,0.1568700708199689,5851290376.041046,327581935.68509305
cardano,2026-07-28 12:00:00+00:00,0.1570508311691889,5858032779.395825,336311175.9846202
cardano,2026-07-28 13:00:00+00:00,0.1580495052387712,5895283556.0519705,336981880.26939505
cardano,2026-07-28 14:00:00+00:00,0.1562654058510497,5828736231.105225,338575090.07583344
cardano,2026-07-28 15:00:00+00:00,0.1567303607626389,5846079158.186562,315506174.11391354
cardano,2026-07-28 16:00:00+00:00,0.1588622099746312,5925597633.01161,319420390.21223253
cardano,2026-07-28 17:00:00+00:00,0.1592163112667923,5938805694.129554,314410583.898057
cardano,2026-07-28 18:00:00+00:00,0.1589414324018015,5928552648.096678,315931435.18203545
cardano,2026-07-28 19:00:00+00:00,0.15848035011767,5911354170.92637,310562320.8537345
cardano,2026-07-28 20:00:00+00:00,0.1587522931131154,5921497708.337708,310660007.9253638
cardano,2026-07-28 21:00:00+00:00,0.1599387418988501,5965752525.877773,321478720.42919296
cardano,2026-07-28 22:00:00+00:00,0.160522783075451,5987537398.530622,325907929.5820098
cardano,2026-07-28 23:00:00+00:00,0.1610643486427047,6014031550.756231,321660308.23861873
cardano,2026-07-29 00:00:00+00:00,0.1617990820669923,6041465989.428089,315875845.5234588
cardano,2026-07-29 01:00:00+00:00,0.1626205898335476,6072140522.115734,325662929.0896583
cardano,2026-07-29 02:00:00+00:00,0.1617385295907259,6039205001.780533,308679609.9199475
cardano,2026-07-29 03:00:00+00:00,0.1657232826820741,6187992930.427008,330397577.7466724
cardano,2026-07-29 04:00:00+00:00,0.1632876807224952,6097049235.230471,346012869.34824586
cardano,2026-07-29 05:00:00+00:00,0.1627433276390174,6076723467.011895,357778912.6760086
cardano,2026-07-29 06:00:00+00:00,0.1637838662371487,6115576459.692624,353572155.16913
cardano,2026-07-29 07:00:00+00:00,0.1641022364489869,6127464183.543068,338847267.88597035
cardano,2026-07-29 08:00:00+00:00,0.1644082092986664,6138888998.451854,334197997.1820768
cardano,2026-07-29 09:00:00+00:00,0.1641853634060179,6130568086.712922,333724917.2365354
cardano,2026-07-29 10:00:00+00:00,0.1641792720689364,6130340640.392847,334289518.05894405
cardano,2026-07-29 11:00:00+00:00,0.1635975187846594,6108618374.504204,335150533.2746694
cardano,2026-07-29 12:00:00+00:00,0.1637885334669599,6115750730.830688,329194926.0972551
cardano,2026-07-29 13:00:00+00:00,0.1638300396536737,6117300543.179303,325784930.53536105
cardano,2026-07-29 14:00:00+00:00,0.1645440236158424,6143960211.26477,320165733.58866185
cardano,2026-07-29 15:00:00+00:00,0.1628810390258544,6081865515.095879,319913511.71807903
cardano,2026-07-29 16:00:00+00:00,0.16274191989675,6076670902.887789,308543031.85452586
cardano,2026-07-29 17:00:00+00:00,0.1631473967205334,6091811127.474319,311298345.5684677
cardano,2026-07-29 18:00:00+00:00,0.1653220264612104,6173010300.23884,317729040.641062
cardano,2026-07-29 19:00:00+00:00,0.167828038330537,6266583052.841794,339652433.3451242
cardano,2026-07-29 20:00:00+00:00,0.1630700863795869,6088924412.732229,352750205.32896096
cardano,2026-07-29 21:00:00+00:00,0.160883588856737,6007282105.177004,342525235.83680475
cardano,2026-07-29 22:00:00+00:00,0.1626796366141756,6074345288.12795,356701586.8904521
cardano,2026-07-29 23:00:00+00:00,0.1621981449353693,6056366721.349082,346913219.52405894
cardano,2026-07-30 00:00:00+00:00,0.1619968997401427,6048852364.734909,339098411.2129953
cardano,2026-07-30 01:00:00+00:00,0.1619729565804201,6047958343.685496,331466183.77489966
cardano,2026-07-30 02:00:00+00:00,0.163943798643306,6121548225.292672,328791144.7104183
cardano,2026-07-30 03:00:00+00:00,0.1625967162856956,6071249100.325498,312363328.2453204
cardano,2026-07-30 04:00:00+00:00,0.1623022875387614,6060255334.24111,287836487.1381821
cardano,2026-07-30 05:00:00+00:00,0.1618329375640672,6042730130.30899,279711580.23886275
cardano,2026-07-30 06:00:00+00:00,0.1624829531561059,6067001263.628977,276690892.90908
cardano,2026-07-30 07:00:00+00:00,0.1625896855767249,6070986578.507788,274910219.7489916
cardano,2026-07-30 08:00:00+00:00,0.1630480431811103,6088101334.92367,275044136.99856204
cardano,2026-07-30 09:00:00+00:00,0.1640928997711515,6127115558.4404,275054253.36189765
cardano,2026-07-30 10:00:00+00:00,0.1639435326745742,6121538294.203897,277499211.3196136
cardano,2026-07-30 11:00:00+00:00,0.1637342933448177,6113725442.126956,278567317.4001524
cardano,2026-07-30 12:00:00+00:00,0.1641624424262646,6129712233.157669,278743284.060303
cardano,2026-07-30 13:00:00+00:00,0.1658626853208292,6193198128.689669,290349226.28475004
cardano,2026-07-30 14:00:00+00:00,0.1680924583870696,6276456315.149941,305987400.8172148
cardano,2026-07-30 15:00:00+00:00,0.172264025384785,6432219746.050513,345659955.4884704
cardano,2026-07-30 16:00:00+00:00,0.1713862554995523,6399444424.704858,397083940.12524766
cardano,2026-07-30 17:00:00+00:00,0.1706193556422738,6370808913.638565,407023916.8760145
cardano,2026-07-30 18:00:00+00:00,0.1717700995781727,6413776897.526112,424811858.44134194
cardano,2026-07-30 19:00:00+00:00,0.171973055952372,6421355148.381423,407586200.2150321
cardano,2026-07-30 20:00:00+00:00,0.1726354129972251,6446087103.026758,395860493.6150355
cardano,2026-07-30 21:00:00+00:00,0.17061406381451,6370611320.444287,381608550.7403985
cardano,2026-07-30 22:00:00+00:00,0.1700214155801156,6348482244.642078,372004895.0236311
cardano,2026-07-30 23:00:00+00:00,0.1697665289280317,6338964953.072485,368972044.6042087
cardano,2026-07-31 00:00:00+00:00,0.1696673305853955,6335260955.462684,369857000.72199214
cardano,2026-07-31 01:00:00+00:00,0.1695298118774128,6330126101.874062,371948610.3805088
cardano,2026-07-31 02:00:00+00:00,0.1695682263490642,6331560471.717321,373374697.1662545
cardano,2026-07-31 03:00:00+00:00,0.1702903470493994,6358523959.98687,374513607.7470326
cardano,2026-07-31 04:00:00+00:00,0.170145657388721,6353121347.976695,372636184.7476592
cardano,2026-07-31 05:00:00+00:00,0.1685362669026234,6293027818.636139,371311549.3058453
cardano,2026-07-31 06:00:00+00:00,0.1687084146746103,6299455697.560595,378436440.8201925
cardano,2026-07-31 07:00:00+00:00,0.1687169173810717,6299773182.748076,380444439.668099
cardano,2026-07-31 08:00:00+00:00,0.1697441491773701,6338129308.637754,389081747.91457546
cardano,2026-07-31 09:00:00+00:00,0.1706798208731661,6373066643.604102,400274401.9737712
cardano,2026-07-31 10:00:00+00:00,0.1687799016725809,6302124972.69744,399008554.6900362
cardano,2026-07-31 11:00:00+00:00,0.169618962342331,6333454918.668722,401657754.8188372
cardano,2026-07-31 12:00:00+00:00,0.1698455328385632,6341914904.533338,400235680.32970375
cardano,2026-07-31 13:00:00+00:00,0.1692932148690689,6321291732.971286,392945612.1753385
cardano,2026-07-31 14:00:00+00:00,0.1685149451310727,6292231678.410791,389025115.96700335
cardano,2026-07-31 15:00:00+00:00,0.1677104625728697,6262192855.245778,366486606.59825706
cardano,2026-07-31 16:00:00+00:00,0.1685395898602057,6293151895.5775,323783986.5432621
cardano,2026-07-31 17:00:00+00:00,0.1706243901845891,6370996899.971874,311855044.7514293
cardano,2026-07-31 18:00:00+00:00,0.171103910768829,6388901867.440829,310746350.2970558
cardano,2026-07-31 19:00:00+00:00,0.1720427822661362,6423958680.785888,314080959.77379084
cardano,2026-07-31 20:00:00+00:00,0.170476888915135,6365489304.431651,312626454.4750866
cardano,2026-07-31 21:00:00+00:00,0.1686105818078915,6295802685.878579,310134249.41045815
cardano,2026-07-31 22:00:00+00:00,0.167913469687426,6269773000.710981,309317034.7464234
cardano,2026-07-31 23:00:00+00:00,0.1678390942326422,6266995872.591437,310776520.67310894
cardano,2026-08-01 00:00:00+00:00,0.1680479244642885,6274793449.22746,311005021.89909816
cardano,2026-08-01 01:00:00+00:00,0.1688244406600233,6303788027.730873,307666605.14019454
cardano,2026-08-01 02:00:00+00:00,0.1693813944112107,6324584296.179973,303517594.8382154
cardano,2026-08-01 03:00:00+00:00,0.169913131933678,6344439008.062447,303820623.76838017
cardano,2026-08-01 04:00:00+00:00,0.1708946077438435,6381086637.028019,302662027.19571126
cardano,2026-08-01 05:00:00+00:00,0.1709640450165844,6383679376.840284,298577515.61460507
cardano,2026-08-01 06:00:00+00:00,0.1702749272833691,6357948196.571854,295339314.7492119
cardano,2026-08-01 07:00:00+00:00,0.1697523142882403,6338434188.238997,290901928.3522356
cardano,2026-08-01 08:00:00+00:00,0.171099934813462,6388753408.013131,293421830.8961303
cardano,2026-08-01 09:00:00+00:00,0.1724534404148431,6439292372.46695,291924366.6153797
cardano,2026-08-01 10:00:00+00:00,0.1718995511232201,6418610528.821738,294500503.84464985
cardano,2026-08-01 11:00:00+00:00,0.1721154220403594,6426670999.791923,294159135.63006777
cardano,2026-08-01 12:00:00+00:00,0.1731034707332883,6463564055.660791,298946836.8176114
cardano,2026-08-01 13:00:00+00:00,0.1742989773111727,6508203445.687958,304342693.2196642
cardano,2026-08-01 14:00:00+00:00,0.1749068523388151,6530901079.434753,308972532.10527927
cardano,2026-08-01 15:00:00+00:00,0.1729248845564622,6456895771.145862,290060821.05253416
cardano,2026-08-01 16:00:00+00:00,0.1725491562279276,6442866334.828254,281975682.4756128
cardano,2026-08-01 17:00:00+00:00,0.1739876289226395,6496577911.870603,282987391.86004573
cardano,2026-08-01 18:00:00+00:00,0.1731253909467307,6464382541.293102,288008445.1443369
cardano,2026-08-01 19:00:00+00:00,0.1713437494426715,6397857277.894696,290260060.43075013
cardano,2026-08-01 20:00:00+00:00,0.1724412844964121,6438838478.867354,294739186.9093872
cardano,2026-08-01 21:00:00+00:00,0.1732731811875532,6469900926.824667,294670207.9230574
cardano,2026-08-01 22:00:00+00:00,0.1741493644676649,6502617005.430778,298835137.7778638
cardano,2026-08-01 23:00:00+00:00,0.1732528629685677,6469142258.55907,298199459.31141734
cardano,2026-08-02 00:00:00+00:00,0.1742982568293067,6508176543.392632,304017781.8866246
cardano,2026-08-02 01:00:00+00:00,0.1733054862066567,6471107173.928841,307728043.2925835
cardano,2026-08-02 02:00:00+00:00,0.1762466665644818,6580928817.374363,335855227.0370595
cardano,2026-08-02 03:00:00+00:00,0.1801099007226186,6725179312.973075,376634215.5545597
cardano,2026-08-02 04:00:00+00:00,0.179746017833397,6711592177.179213,394000034.0168625
cardano,2026-08-02 05:00:00+00:00,0.1830404222743798,6834602963.9609165,429462427.0769234
cardano,2026-08-02 06:00:00+00:00,0.1852851018402688,6918417748.823958,464357449.3132586
cardano,2026-08-02 07:00:00+00:00,0.1866276248698967,6968546631.63284,489622022.7501716
cardano,2026-08-02 08:00:00+00:00,0.1860347024139414,6946407316.586918,514586013.80643
cardano,2026-08-02 09:00:00+00:00,0.1857448966001689,6935586167.634293,519982177.0655676
cardano,2026-08-02 10:00:00+00:00,0.1881115269563565,7023954510.790502,531206159.3153499
cardano,2026-08-02 11:00:00+00:00,0.1865531536377375,6965765927.252242,544639297.1172202
cardano,2026-08-02 12:00:00+00:00,0.1885906369213789,7041844146.021436,557312618.506721
cardano,2026-08-02 13:00:00+00:00,0.1891348425663064,7062164408.98636,581405243.5591754
cardano,2026-08-02 14:00:00+00:00,0.1871925432206862,6989640292.7309,617705508.5460626
cardano,2026-08-02 15:00:00+00:00,0.1898363447640602,7088358016.608212,648906272.9336798
cardano,2026-08-02 16:00:00+00:00,0.1898425752592429,7088590658.995686,655761385.1052676
cardano,2026-08-02 17:00:00+00:00,0.1893393158191779,7069799299.043766,663397937.393816
cardano,2026-08-02 18:00:00+00:00,0.1886868176952644,7045435469.697955,654739356.5283138
cardano,2026-08-02 19:00:00+00:00,0.188985250193365,7056578733.085989,644002719.9709257
cardano,2026-08-02 20:00:00+00:00,0.1883771210824033,7033871612.043515,634170793.5887991
cardano,2026-08-02 21:00:00+00:00,0.1873163683301929,6994263836.808934,635677671.5240313
cardano,2026-08-02 22:00:00+00:00,0.1891459552550912,7062579349.111401,645520264.739121
cardano,2026-08-02 23:00:00+00:00,0.1896440390401733,7082694282.581171,643102661.5053464
cardano,2026-08-03 00:00:00+00:00,0.1893702846100439,7072470291.6404505,655333711.3720802
cardano,2026-08-03 01:00:00+00:00,0.1881517872766319,7026962696.778111,647481325.3382872
cardano,2026-08-03 02:00:00+00:00,0.1854529280674115,6926167571.40859,631510779.7527428
cardano,2026-08-03 03:00:00+00:00,0.1868398406705035,6977965023.171777,609008851.5749798
cardano,2026-08-03 04:00:00+00:00,0.1853915134757039,6923873901.7538185,597784650.3323681
cardano,2026-08-03 05:00:00+00:00,0.1839126813439673,6868643503.069213,567275594.0092485
cardano,2026-08-03 06:00:00+00:00,0.1848600942082089,6904026822.844352,551510576.7512916
cardano,2026-08-03 07:00:00+00:00,0.1836724974264002,6859673280.391344,529904740.4921748
cardano,2026-08-03 08:00:00+00:00,0.1827145592344723,6823896867.964288,507950100.430334
cardano,2026-08-03 09:00:00+00:00,0.1837874643806745,6863966986.609824,512612915.2070452
cardano,2026-08-03 10:00:00+00:00,0.1867748137689014,6975536443.467812,515554479.4025854
cardano,2026-08-03 11:00:00+00:00,0.1871872272187797,6990938975.486728,514480024.1380477
cardano,2026-08-03 12:00:00+00:00,0.1864402522586976,6963041471.796223,508127310.8913637
cardano,2026-08-03 13:00:00+00:00,0.1888578763672642,7053333223.321026,505498682.11949575
cardano,2026-08-03 14:00:00+00:00,0.1942654546865802,7255291714.812109,496155361.2722247
cardano,2026-08-03 15:00:00+00:00,0.1898314328215195,7089692935.797217,511087631.2027046
cardano,2026-08-03 16:00:00+00:00,0.1957115462898713,7309299342.906072,555210637.8560449
cardano,2026-08-03 17:00:00+00:00,0.1920932451787352,7174165537.898513,564501884.3655062
cardano,2026-08-03 18:00:00+00:00,0.1913769405327518,7147413487.866408,574547791.6723891
cardano,2026-08-03 19:00:00+00:00,0.1939581865919778,7243816078.731615,591555901.224113
cardano,2026-08-03 20:00:00+00:00,0.193636036233287,7231784630.154698,598264990.8825665
cardano,2026-08-03 21:00:00+00:00,0.1943816637400086,7259631810.089911,595338634.3361491
cardano,2026-08-03 22:00:00+00:00,0.1938084747366863,7238224744.003276,596569894.9753531
cardano,2026-08-03 23:00:00+00:00,0.1949244259368618,7279902516.87252,606324766.9434944
cardano,2026-08-04 00:00:00+00:00,0.1935378964059212,7228119371.822848,618582911.8505368
cardano,2026-08-04 01:00:00+00:00,0.1919952555150345,7170505887.775271,619605292.1946398
cardano,2026-08-04 02:00:00+00:00,0.1927342878275509,7198106754.963056,612487312.392503
cardano,2026-08-04 03:00:00+00:00,0.1952307958551198,7291344608.484697,639383597.1984475
cardano,2026-08-04 04:00:00+00:00,0.1967055679009217,7346423373.890548,663696748.1143596
cardano,2026-08-04 05:00:00+00:00,0.1953830041316209,7297029177.824139,675303843.3702016
cardano,2026-08-04 06:00:00+00:00,0.1955691344437129,7303980643.865157,678323739.6050806
cardano,2026-08-04 07:00:00+00:00,0.1951380073744581,7287879208.544905,686385455.7482693
cardano,2026-08-04 08:00:00+00:00,0.1946159708620711,7268382550.277682,691827853.9064047
cardano,2026-08-04 09:00:00+00:00,0.1946616373444231,7270088070.446401,680977423.1812568
cardano,2026-08-04 10:00:00+00:00,0.1962378871807329,7328956758.120709,685469641.056007
cardano,2026-08-04 11:00:00+00:00,0.1949878226981468,7282270215.224445,685917535.3186946
cardano,2026-08-04 12:00:00+00:00,0.1941758117898023,7251943793.961571,681216232.5932328
cardano,2026-08-04 13:00:00+00:00,0.1946985741376146,7271467560.227772,668115116.7847278
cardano,2026-08-04 14:00:00+00:00,0.1917805688947307,7162487920.50423,636076846.1575292
cardano,2026-08-04 15:00:00+00:00,0.1927113758171939,7197251053.061854,601571680.7830379
cardano,2026-08-04 16:00:00+00:00,0.1929494412423429,7206142155.751491,570091078.5063787
cardano,2026-08-04 17:00:00+00:00,0.1919556093274282,7169025209.406962,536901494.6608886
cardano,2026-08-04 18:00:00+00:00,0.1911472980763663,7138836960.383067,521192885.87883097
cardano,2026-08-04 19:00:00+00:00,0.1913070341180982,7144802671.487002,509485906.8045971
cardano,2026-08-04 20:00:00+00:00,0.1924099910293941,7185995142.650906,501571882.4375925
cardano,2026-08-04 21:00:00+00:00,0.1930171787110424,7208671967.838926,511841871.1741175
cardano,2026-08-04 22:00:00+00:00,0.193636319609153,7231795213.480363,515388885.7420982
cardano,2026-08-04 23:00:00+00:00,0.1927891459654274,7200155558.7190695,502102700.3628396
cardano,2026-08-05 00:00:00+00:00,0.1928482677143316,7202363596.868115,485745229.5831312
cardano,2026-08-05 01:00:00+00:00,0.1912338936722103,7142071072.747923,480063477.18609846
cardano,2026-08-05 02:00:00+00:00,0.1923890336427884,7185212440.684417,481513959.18501127
cardano,2026-08-05 03:00:00+00:00,0.1923539771360368,7183903174.539307,457351325.0740116
cardano,2026-08-05 04:00:00+00:00,0.1904410951995148,7112462184.231213,436424534.2386631
cardano,2026-08-05 05:00:00+00:00,0.1901812637032155,7102758177.384554,415289099.7267359
cardano,2026-08-05 06:00:00+00:00,0.1902795130263604,7106427525.088957,410242379.0933785
cardano,2026-08-05 07:00:00+00:00,0.1907871000102868,7125384532.370406,397858789.3897044
cardano,2026-08-05 08:00:00+00:00,0.193606833282172,7230693978.553183,397385689.75649214
cardano,2026-08-05 09:00:00+00:00,0.193768299524852,7236724308.004336,397734881.2297404
cardano,2026-08-05 10:00:00+00:00,0.1967750822123388,7349019546.269725,419461855.6372483
cardano,2026-08-05 11:00:00+00:00,0.1944642222478266,7262715148.085982,412301596.6281904
cardano,2026-08-05 12:00:00+00:00,0.1950553258209461,7284791275.123436,415193481.9144965
cardano,2026-08-05 13:00:00+00:00,0.1936102204609325,7230820480.56064,419339462.4232862
cardano,2026-08-05 14:00:00+00:00,0.1918971256831989,7166841002.749567,413325892.43346906
cardano,2026-08-05 15:00:00+00:00,0.1912420044265146,7142373987.584738,410390094.497729
cardano,2026-08-05 16:00:00+00:00,0.1889522301062237,7056857081.444122,386956690.6832838
cardano,2026-08-05 17:00:00+00:00,0.1910106886593535,7133734966.4489565,417465310.7418432
cardano,2026-08-05 18:00:00+00:00,0.1908121631221673,7126320572.122134,418385858.01961386
cardano,2026-08-05 19:00:00+00:00,0.1901992323989566,7103429259.793657,420936808.32339466
cardano,2026-08-05 20:00:00+00:00,0.1893733929518096,7072586379.836861,414682629.5115131
cardano,2026-08-05 21:00:00+00:00,0.1903047969415754,7107371811.250763,408594452.9402937
cardano,2026-08-05 22:00:00+00:00,0.1912300951888137,7141929209.619657,418254005.6663135
cardano,2026-08-05 23:00:00+00:00,0.1912631127207556,7143162325.54512,414875826.1912602
cardano,2026-08-06 00:00:00+00:00,0.1911296209838353,7138176768.568787,413387903.5425684
cardano,2026-08-06 01:00:00+00:00,0.1914130917280804,7148763637.682653,407013584.6804921
cardano,2026-08-06 02:00:00+00:00,0.1905774502558271,7117554678.47797,403243577.1153084
cardano,2026-08-06 03:00:00+00:00,0.1906055004680177,7118602278.384158,401945644.5110765
cardano,2026-08-06 04:00:00+00:00,0.186709653758976,6973102892.526336,398001408.047234
cardano,2026-08-06 05:00:00+00:00,0.1875460938731223,7004341678.85555,405843153.0468428
cardano,2026-08-06 06:00:00+00:00,0.1880757770242952,7024123918.494506,405716748.78632206
cardano,2026-08-06 07:00:00+00:00,0.188128983693762,7026111044.351638,405050091.0022484
cardano,2026-08-06 08:00:00+00:00,0.1887025047520263,7047530511.796369,400496316.942794
cardano,2026-08-06 09:00:00+00:00,0.189214161226203,7066639503.582445,393699506.6492013
cardano,2026-08-06 10:00:00+00:00,0.1890602266641071,7060890462.123688,373189355.7506085
cardano,2026-08-06 11:00:00+00:00,0.1888896803810165,7054521017.609244,371041401.9549123
cardano,2026-08-06 12:00:00+00:00,0.1921373067639327,7175811119.479345,385521635.81311214
cardano,2026-08-06 13:00:00+00:00,0.1905097143449179,7115024924.569806,376076428.3056962
cardano,2026-08-06 14:00:00+00:00,0.1938513408926659,7239825679.521258,377964613.1402365
cardano,2026-08-06 15:00:00+00:00,0.2002578343980983,7479090963.850638,457597925.6856293
cardano,2026-08-06 16:00:00+00:00,0.2088154308384717,7798694151.420539,564770533.2040027
cardano,2026-08-06 17:00:00+00:00,0.2066493173209426,7717795643.333105,627864719.675733
cardano,2026-08-06 18:00:00+00:00,0.2044512851627859,7635705059.952268,657967239.0831057
cardano,2026-08-06 19:00:00+00:00,0.2052782276927259,7666589137.08157,681111616.9336864
cardano,2026-08-06 20:00:00+00:00,0.2022361431635514,7552975470.071724,709016452.5208046
cardano,2026-08-06 21:00:00+00:00,0.2020827010169097,7547244819.004456,725782905.8815159
cardano,2026-08-06 22:00:00+00:00,0.2045747841309597,7640317413.919289,749587911.4455994
cardano,2026-08-06 23:00:00+00:00,0.2012160145178165,7514876411.629325,741334589.4631256
cardano,2026-08-07 00:00:00+00:00,0.2010163990132354,7507421309.954806,746623340.8020785
cardano,2026-08-07 01:00:00+00:00,0.2018175600946269,7537342519.391795,758495292.6736331
cardano,2026-08-07 02:00:00+00:00,0.2000773438040073,7472350126.093238,758561854.4599717
cardano,2026-08-07 03:00:00+00:00,0.2001871113491233,7476449648.377942,766296189.8563688
cardano,2026-08-07 04:00:00+00:00,0.1991571888567481,7437984816.131344,750550178.0817397
cardano,2026-08-07 05:00:00+00:00,0.1997183985239105,7458944486.264178,749211339.3776467
cardano,2026-08-07 06:00:00+00:00,0.2015788122066999,7528425928.55479,761422321.4957602
cardano,2026-08-07 07:00:00+00:00,0.2014231488594455,7522612321.624741,781922790.4643631
cardano,2026-08-07 08:00:00+00:00,0.2015364838658447,7526845078.98375,784224543.1023418
cardano,2026-08-07 09:00:00+00:00,0.2007776709992726,7498505461.356854,787127554.2576003
cardano,2026-08-07 10:00:00+00:00,0.2015746196453484,7528269347.675877,794440421.5433781
cardano,2026-08-07 11:00:00+00:00,0.2023773351503841,7558248610.651029,785784528.8756535
cardano,2026-08-07 12:00:00+00:00,0.2013753329815249,7520826527.318319,777788635.6415211
cardano,2026-08-07 13:00:00+00:00,0.2011902560644165,7513914402.743902,786256084.8835077
cardano,2026-08-07 14:00:00+00:00,0.1991439460264252,7437490232.072239,773674884.0286406
cardano,2026-08-07 15:00:00+00:00,0.1968960680838248,7353538042.841427,704595711.6279619
cardano,2026-08-07 16:00:00+00:00,0.2006954387070698,7495434306.635745,623870936.1243361
cardano,2026-08-07 17:00:00+00:00,0.1992761327147508,7442427048.997126,550096813.0826502
cardano,2026-08-07 18:00:00+00:00,0.1978712344164488,7389957879.940438,514115114.8213648
cardano,2026-08-07 19:00:00+00:00,0.2004452223988818,7486089401.178228,504167613.5944733
cardano,2026-08-07 20:00:00+00:00,0.2009266125787213,7504068028.356264,477357063.55892
cardano,2026-08-07 21:00:00+00:00,0.2022399481458519,7553117575.916554,461948382.22641706
cardano,2026-08-07 22:00:00+00:00,0.2009835815635029,7506195666.561184,437487762.45981896
cardano,2026-08-07 23:00:00+00:00,0.2005627085015681,7491723069.778982,424682191.4279024
cardano,2026-08-08 00:00:00+00:00,0.2008036246515767,7500722135.918375,410947363.566261
cardano,2026-08-08 01:00:00+00:00,0.2003085073215022,7482227761.00851,396385623.1902551
cardano,2026-08-08 02:00:00+00:00,0.200798704152525,7500538337.9604435,387816645.4889207
cardano,2026-08-08 03:00:00+00:00,0.2004722446178622,7488343925.322844,375412972.6939301
cardano,2026-08-08 04:00:00+00:00,0.2011778900427411,7514702265.555408,372562437.7486651
cardano,2026-08-08 05:00:00+00:00,0.2006665299467454,7495601166.169801,364824694.41231936
cardano,2026-08-08 06:00:00+00:00,0.200647229968743,7494880244.062561,356999011.99408835
cardano,2026-08-08 07:00:00+00:00,0.1998611515609128,7465517448.822133,331611293.53889203
cardano,2026-08-08 08:00:00+00:00,0.2000033785558216,7470830127.668884,325977974.4741264
cardano,2026-08-08 09:00:00+00:00,0.1999232796420899,7467838151.322181,317002533.1439018
cardano,2026-08-08 10:00:00+00:00,0.1989535112284194,7431613887.842105,308043568.4807523
cardano,2026-08-08 11:00:00+00:00,0.1998753298524995,7466047057.915289,301971955.78203505
cardano,2026-08-08 12:00:00+00:00,0.199330359999998,7445690515.830159,289208883.1804074
cardano,2026-08-08 13:00:00+00:00,0.1990511229896556,7435260030.681911,274858301.512696
cardano,2026-08-08 14:00:00+00:00,0.1999662240299278,7469442275.356437,263462633.7533944
cardano,2026-08-08 15:00:00+00:00,0.2003189022429844,7482616047.912185,249201319.0101464
cardano,2026-08-08 16:00:00+00:00,0.1994675092804767,7450813524.171253,239642715.30574492
cardano,2026-08-08 17:00:00+00:00,0.2002037233207845,7478313709.780416,234091860.11859605
cardano,2026-08-08 18:00:00+00:00,0.1996371137750663,7457148848.989852,226209156.91726112
cardano,2026-08-08 19:00:00+00:00,0.2005738355680968,7492138704.8770275,216708899.27431065
cardano,2026-08-08 20:00:00+00:00,0.2003986605180084,7485595300.204236,204482630.8409346
cardano,2026-08-08 21:00:00+00:00,0.2004042525531097,7485804182.397182,197280948.8117576
cardano,2026-08-08 22:00:00+00:00,0.1993582318239945,7446731626.555037,193137393.2005678
cardano,2026-08-08 23:00:00+00:00,0.1987286037139296,7423212800.583869,198404872.42310584
cardano,2026-08-09 00:00:00+00:00,0.1993582221712853,7446731265.992376,198911094.64495805
cardano,2026-08-09 01:00:00+00:00,0.1986526412439162,7420375334.968806,203909191.95721465
cardano,2026-08-09 02:00:00+00:00,0.1989563713668607,7431720724.079528,204456434.75537312
cardano,2026-08-09 03:00:00+00:00,0.198505936164081,7414895383.888837,204056685.7506592
cardano,2026-08-09 04:00:00+00:00,0.19819652504128,7403337789.438439,202167768.52440265
cardano,2026-08-09 05:00:00+00:00,0.1977261918452163,7385769189.164944,204135540.5026753
cardano,2026-08-09 06:00:00+00:00,0.1980655609529002,7398445819.79185,208828483.31610143
cardano,2026-08-09 07:00:00+00:00,0.1984308827816562,7412091875.894865,209903069.2389961
cardano,2026-08-09 08:00:00+00:00,0.1985129872672518,7415158767.409564,211036018.53984
cardano,2026-08-09 09:00:00+00:00,0.1976247044592781,7381978278.101741,211213647.99054512
cardano,2026-08-09 10:00:00+00:00,0.1960427915318053,7322888262.506757,200724405.64453343
cardano,2026-08-09 11:00:00+00:00,0.1960142253086006,7321821213.527425,213616637.5481581
cardano,2026-08-09 12:00:00+00:00,0.1964173838092369,7336880602.496388,213739456.782261
cardano,2026-08-09 13:00:00+00:00,0.1961499161560596,7326889744.262083,212812950.77518505
cardano,2026-08-09 14:00:00+00:00,0.197281783431753,7369168970.767312,207656299.01093307
cardano,2026-08-09 15:00:00+00:00,0.1977943851648411,7388316449.668428,205567303.94956827
cardano,2026-08-09 16:00:00+00:00,0.1974685667470511,7376145985.002525,203990345.2987716
cardano,2026-08-09 17:00:00+00:00,0.1977838656033985,7387923507.023547,208857264.0527608
cardano,2026-08-09 18:00:00+00:00,0.1980351009348295,7397308030.908806,211184581.1902152
cardano,2026-08-09 19:00:00+00:00,0.1979374409054405,7393660085.083605,206088460.8345793
cardano,2026-08-09 20:00:00+00:00,0.1976274284198169,7382080027.615207,204573323.84405583
cardano,2026-08-09 21:00:00+00:00,0.198075649205291,7398822651.525596,201544344.14800444
cardano,2026-08-09 22:00:00+00:00,0.1981781671786668,7402652058.656885,202531862.4718916
cardano,2026-08-09 23:00:00+00:00,0.1972164603267412,7366728922.881728,191758342.03791305
cardano,2026-08-10 00:00:00+00:00,0.1944317685479009,7262710883.847324,204018200.2717574
cardano,2026-08-10 01:00:00+00:00,0.1951702229316104,7290294754.167726,205776189.3064981
cardano,2026-08-10 02:00:00+00:00,0.1977674000612803,7387308461.072758,210013464.2036312
cardano,2026-08-10 03:00:00+00:00,0.1974636549532357,7375962512.215805,213220407.9838948
cardano,2026-08-10 04:00:00+00:00,0.1957837923690386,7313213732.19527,210422598.021261
cardano,2026-08-10 05:00:00+00:00,0.1963593975763542,7334714612.607927,207942969.80716735
cardano,2026-08-10 06:00:00+00:00,0.1974298747084599,7374700701.179345,205323105.4689676
cardano,2026-08-10 07:00:00+00:00,0.1981517612680116,7401665704.9547825,207656032.257544
cardano,2026-08-10 08:00:00+00:00,0.1979469367022742,7394014786.517071,210387721.57311383
cardano,2026-08-10 09:00:00+00:00,0.1962390090066967,7330217675.807567,208121810.06048653
cardano,2026-08-10 10:00:00+00:00,0.1948487060570656,7278284967.281885,205480305.2209383
cardano,2026-08-10 11:00:00+00:00,0.1950426591883895,7285529799.38079,205683397.50811943
cardano,2026-08-10 12:00:00+00:00,0.196231102000991,7329922321.314696,208879727.88642424
cardano,2026-08-10 13:00:00+00:00,0.1958144628790832,7314359383.694393,210188536.85618004
cardano,2026-08-10 14:00:00+00:00,0.196321598233127,7333302674.098555,214565779.2292101
cardano,2026-08-10 15:00:00+00:00,0.1957601605631049,7312331001.068349,208088714.2299194
cardano,2026-08-10 16:00:00+00:00,0.1949585232573837,7282387026.230075,218472587.6741911
cardano,2026-08-10 17:00:00+00:00,0.1956343384441791,7307631102.078714,227424063.44125825
cardano,2026-08-10 18:00:00+00:00,0.1952618060160877,7293715704.711853,227970504.3896501
cardano,2026-08-10 19:00:00+00:00,0.1934720369560485,7226861530.98809,237030831.2658315
cardano,2026-08-10 20:00:00+00:00,0.1937390070397827,7236833803.252437,242005326.39042428
cardano,2026-08-10 21:00:00+00:00,0.1932107111832527,7217100093.603197,244592207.0982268
cardano,2026-08-10 22:00:00+00:00,0.1919356886831898,7169473515.613833,247565375.92075396
cardano,2026-08-10 23:00:00+00:00,0.1920838960825918,7175009583.617238,247158594.05685905
cardano,2026-08-11 00:00:00+00:00,0.1906983157345776,7123253280.883776,235080039.98591077
cardano,2026-08-11 01:00:00+00:00,0.1901623888342135,7103234524.888857,237758460.1240423
cardano,2026-08-11 02:00:00+00:00,0.1909815892953833,7133834545.399007,237474188.0950132
cardano,2026-08-11 03:00:00+00:00,0.1904473390074586,7113878416.779763,235252268.31935555
cardano,2026-08-11 04:00:00+00:00,0.1903111940624383,7108792923.902934,236579211.42438784
cardano,2026-08-11 05:00:00+00:00,0.1895323533026002,7079700480.288882,235080161.0241729
cardano,2026-08-11 06:00:00+00:00,0.1872746754835803,6995368267.549806,245707354.19728145
cardano,2026-08-11 07:00:00+00:00,0.1884034387833271,7037531549.62857,248378712.8626772
cardano,2026-08-11 08:00:00+00:00,0.1884680926051776,7039946597.432448,242594249.86705965
cardano,2026-08-11 09:00:00+00:00,0.1886738487336365,7047632313.016572,241919278.11831295
cardano,2026-08-11 10:00:00+00:00,0.1887004650642859,7048626526.646055,239616303.2053856
cardano,2026-08-11 11:00:00+00:00,0.1879632069191168,7021087340.04546,240902347.8959324
cardano,2026-08-11 12:00:00+00:00,0.1885099041410795,7041508405.459673,242129450.18534648
cardano,2026-08-11 13:00:00+00:00,0.186806623648917,6977884884.154171,199061971.81380635
cardano,2026-08-11 14:00:00+00:00,0.1867521519660384,6975850175.078292,235060758.958732
cardano,2026-08-11 15:00:00+00:00,0.1847157979431659,6899785185.103987,215508521.3689725
cardano,2026-08-11 16:00:00+00:00,0.1848467570071851,6904676967.073023,270201112.11794686
cardano,2026-08-11 17:00:00+00:00,0.1855242355668519,6929983175.752874,269495009.13183177
cardano,2026-08-11 18:00:00+00:00,0.1851243407937046,6915045698.492746,267873564.2114952
cardano,2026-08-11 19:00:00+00:00,0.1853374245930109,6923005128.373734,260513076.70128927
cardano,2026-08-11 20:00:00+00:00,0.1854092318345624,6925687381.580864,263889390.73867676
cardano,2026-08-11 21:00:00+00:00,0.1852125530281959,6918340735.925741,264290876.49145928
cardano,2026-08-11 22:00:00+00:00,0.18652336664295,6967304238.020431,271972913.57587856
cardano,2026-08-11 23:00:00+00:00,0.1865940380514209,6969944063.864283,270730468.99429286
cardano,2026-08-12 00:00:00+00:00,0.1869429991401291,6982978988.742705,273317560.6543651
cardano,2026-08-12 01:00:00+00:00,0.1859006104205263,6944042101.239189,266707477.89315093
cardano,2026-08-12 02:00:00+00:00,0.1867979091947973,6977559368.621117,267224814.32297644
cardano,2026-08-12 03:00:00+00:00,0.1877685086644333,7013814674.966515,276516767.64673936
cardano,2026-08-12 04:00:00+00:00,0.187465301946923,7002488836.890958,275142628.8973665
cardano,2026-08-12 05:00:00+00:00,0.1869034420248664,6981501391.26109,273917806.54875654
cardano,2026-08-12 06:00:00+00:00,0.1864626701363619,6965037009.869903,254182003.26353532
cardano,2026-08-12 07:00:00+00:00,0.1853153551838523,6922180758.265426,253578547.00361267
cardano,2026-08-12 08:00:00+00:00,0.1850663388863496,6912879123.107577,250755551.98597488
cardano,2026-08-12 09:00:00+00:00,0.1853595938279596,6923833227.326653,252080835.44136232
cardano,2026-08-12 10:00:00+00:00,0.1870606402068511,6987373296.638222,256883530.84267977
cardano,2026-08-12 11:00:00+00:00,0.1866880726867999,6973456588.463149,255549308.94239184
cardano,2026-08-12 12:00:00+00:00,0.1856477463665141,6934596738.833015,249530913.85801607
cardano,2026-08-12 13:00:00+00:00,0.1843305071346908,6885393217.32497,262926182.86352608
cardano,2026-08-12 14:00:00+00:00,0.1832744973435263,6845947534.857449,257662820.619598
cardano,2026-08-12 15:00:00+00:00,0.1821532041038708,6804063285.814964,244233169.0214792
cardano,2026-08-12 16:00:00+00:00,0.1819076249095541,6794890038.558456,238069345.7599267
cardano,2026-08-12 17:00:00+00:00,0.1820673580153974,6800856632.263707,236575709.938548
cardano,2026-08-12 18:00:00+00:00,0.1830939444968043,6839203250.552516,237810832.891655
cardano,2026-08-12 19:00:00+00:00,0.1831924319164055,6842882102.314249,237427394.6928957
cardano,2026-08-12 20:00:00+00:00,0.1830074732965604,6835973246.876467,231171618.44768807
cardano,2026-08-12 21:00:00+00:00,0.1826342183519883,6822030860.976056,227829698.96659896
cardano,2026-08-12 22:00:00+00:00,0.1809064651699665,6757493198.569412,222520063.6639688
cardano,2026-08-12 23:00:00+00:00,0.1819120937605189,6796210351.156528,222436053.7748106
cardano,2026-08-13 00:00:00+00:00,0.1824396672420199,6815920422.553391,218061749.7954772
cardano,2026-08-13 01:00:00+00:00,0.1816959519750693,6788135324.316786,215412962.28885785
cardano,2026-08-13 02:00:00+00:00,0.1813417429110671,6774902123.282804,213524956.25779712
cardano,2026-08-13 03:00:00+00:00,0.1828212490736923,6830176266.354733,205976332.7427092
cardano,2026-08-13 04:00:00+00:00,0.1837931062663767,6866484714.991815,209065633.68777776
cardano,2026-08-13 05:00:00+00:00,0.1832004900755298,6844344657.081212,208314671.41268364
cardano,2026-08-13 06:00:00+00:00,0.1843729336098481,6888146983.355192,210367115.0994277
cardano,2026-08-13 07:00:00+00:00,0.1842095827429294,6882044217.83986,209607154.19715023
cardano,2026-08-13 08:00:00+00:00,0.1855780178034936,6933168760.091213,216786231.9941328
cardano,2026-08-13 09:00:00+00:00,0.1863118386778012,6960584205.204115,227074206.13051248
cardano,2026-08-13 10:00:00+00:00,0.1853469760546368,6924537072.7049055,225368419.45236552
cardano,2026-08-13 11:00:00+00:00,0.1846652044313748,6899066180.323018,223083311.80983087
cardano,2026-08-13 12:00:00+00:00,0.1830576952897143,6839009863.877592,223766328.6830632
cardano,2026-08-13 13:00:00+00:00,0.1832447561514193,6845998431.4782095,204277024.09026915
cardano,2026-08-13 14:00:00+00:00,0.1842426407963687,6883279262.087491,199906525.3579308
cardano,2026-08-13 15:00:00+00:00,0.184720594002879,6901135526.958642,193676650.44170403
cardano,2026-08-13 16:00:00+00:00,0.1825644594690873,6820582642.682943,191736222.63061765
cardano,2026-08-13 17:00:00+00:00,0.1812820307471662,6772671285.200496,199406990.82617572
cardano,2026-08-13 18:00:00+00:00,0.1816593105777764,6786766406.844532,197285276.82675952
cardano,2026-08-13 19:00:00+00:00,0.1813981075073072,6777007896.706037,198878280.598865
cardano,2026-08-13 20:00:00+00:00,0.1813680859276122,6775886294.692322,200712619.40007964
cardano,2026-08-13 21:00:00+00:00,0.18191901401246,6796468890.800059,203488777.7283657
cardano,2026-08-13 22:00:00+00:00,0.1816512319600587,6786464590.817786,196465368.1942861
cardano,2026-08-13 23:00:00+00:00,0.1821651747254443,6805665420.56918,199456505.95384505
cardano,2026-08-14 00:00:00+00:00,0.1822497778491034,6808826181.422768,198464183.4602403
cardano,2026-08-14 01:00:00+00:00,0.1830690984906605,6839435885.8682375,199199824.82939377
cardano,2026-08-14 02:00:00+00:00,0.1826598581262472,6824146723.156506,199739691.7102813
cardano,2026-08-14 03:00:00+00:00,0.1818533099977933,6794014198.012132,199935988.3290021
cardano,2026-08-14 04:00:00+00:00,0.1822466514695149,6808709380.319102,197639288.1666605
cardano,2026-08-14 05:00:00+00:00,0.1821909999987825,6806630249.164984,198246625.7341497
cardano,2026-08-14 06:00:00+00:00,0.1825132597614369,6818669828.774223,195499067.7350274
cardano,2026-08-14 07:00:00+00:00,0.1816143416646016,6785086374.544969,195018695.9911589
cardano,2026-08-14 08:00:00+00:00,0.18159102099371,6784215117.545873,188335928.5075049
cardano,2026-08-14 09:00:00+00:00,0.1823040587289185,6810854107.492131,179082980.8425601
cardano,2026-08-14 10:00:00+00:00,0.1817816808886289,6791338144.523418,175917358.35130456
cardano,2026-08-14 11:00:00+00:00,0.1791489125326563,6692978287.390368,185579639.0844212
cardano,2026-08-14 12:00:00+00:00,0.179951890591757,6722977435.243596,188290707.6670166
cardano,2026-08-14 13:00:00+00:00,0.1792060884426026,6695114371.380064,188927339.3394592
cardano,2026-08-14 14:00:00+00:00,0.1794891828350459,6705690738.242241,190959829.5825544
cardano,2026-08-14 15:00:00+00:00,0.1782761578051851,6660372292.977106,195188401.57541975
cardano,2026-08-14 16:00:00+00:00,0.1798437315417186,6718936628.278832,199200334.7708943
cardano,2026-08-14 17:00:00+00:00,0.1797993945117295,6717280203.046609,186596192.11052567
cardano,2026-08-14 18:00:00+00:00,0.1796632311137141,6712193157.562655,185324820.65146187
cardano,2026-08-14 19:00:00+00:00,0.1790839890769141,6690552756.174567,186653775.421726
cardano,2026-08-14 20:00:00+00:00,0.1795438854611382,6707734420.693463,188543161.33776864
cardano,2026-08-14 21:00:00+00:00,0.1792743574683973,6697664892.624574,186925962.5230509
cardano,2026-08-14 22:00:00+00:00,0.1786292457449472,6673563608.966458,187612982.57212535
cardano,2026-08-14 23:00:00+00:00,0.178841590450563,6681496777.435287,186193429.37182325
cardano,2026-08-15 00:00:00+00:00,0.1799857080926867,6724240852.343129,187986834.02671385
cardano,2026-08-15 01:00:00+00:00,0.1799008842796683,6721071846.565979,185670423.01450583
cardano,2026-08-15 02:00:00+00:00,0.1796205975140246,6710600372.24791,183330986.55927423
cardano,2026-08-15 03:00:00+00:00,0.1812827388784599,6772697740.886476,185746297.12061536
cardano,2026-08-15 04:00:00+00:00,0.1803460203936756,6737702069.456341,189110912.98485935
cardano,2026-08-15 05:00:00+00:00,0.1804148530861889,6740273649.210532,188354236.4770302
cardano,2026-08-15 06:00:00+00:00,0.1795691008010803,6708676462.262992,188278576.372404
cardano,2026-08-15 07:00:00+00:00,0.1796648640835012,6712254165.085251,186509388.1096176
cardano,2026-08-15 08:00:00+00:00,0.1789477803120425,6685464015.791219,183654704.10335517
cardano,2026-08-15 09:00:00+00:00,0.1785213580587357,6669532940.11627,183216646.26747867
cardano,2026-08-15 10:00:00+00:00,0.1793441044523621,6700270630.179371,180021014.7742998
cardano,2026-08-15 11:00:00+00:00,0.1789011936598674,6683723544.989126,164203139.60410506
cardano,2026-08-15 12:00:00+00:00,0.1785229630539008,6669592902.510903,159004936.8844377
cardano,2026-08-15 13:00:00+00:00,0.179006957799155,6687674878.423578,157609983.28953713
cardano,2026-08-15 14:00:00+00:00,0.1788909519926154,6683340917.734651,152477068.40811768
cardano,2026-08-15 15:00:00+00:00,0.1785457011709501,6670442395.380026,142710345.34114015
cardano,2026-08-15 16:00:00+00:00,0.1787665970791226,6678695035.579013,137368093.96589422
cardano,2026-08-15 17:00:00+00:00,0.1782080010594715,6657825966.500705,134805636.5519666
cardano,2026-08-15 18:00:00+00:00,0.1774173557463716,6628287568.311209,138887181.2544338
cardano,2026-08-15 19:00:00+00:00,0.1773254809820988,6624855139.98249,133883482.92809252
cardano,2026-08-15 20:00:00+00:00,0.1778980675382613,6646246893.545874,129586088.77411604
cardano,2026-08-15 21:00:00+00:00,0.1778457474713109,6644292223.170578,127866337.76188268
cardano,2026-08-15 22:00:00+00:00,0.1777006638865547,6638871920.759013,125024577.51131476
cardano,2026-08-15 23:00:00+00:00,0.1773182082096263,6624583430.221267,123503318.51866916
cardano,2026-08-16 00:00:00+00:00,0.1762674264601313,6585326371.192931,129061740.71748896
cardano,2026-08-16 01:00:00+00:00,0.1767706238407283,6604125754.873218,129507096.03193776
cardano,2026-08-16 02:00:00+00:00,0.1762915720436521,6586228446.812351,129732418.86578616
cardano,2026-08-16 03:00:00+00:00,0.1765493132753801,6595857623.140207,127369307.35442892
cardano,2026-08-16 04:00:00+00:00,0.1769522109628778,6610909824.33049,124164709.85200112
cardano,2026-08-16 05:00:00+00:00,0.1767907504783123,6604877683.235179,121832404.7188072
cardano,2026-08-16 06:00:00+00:00,0.1768407222428734,6606744621.362026,119853936.60706322
cardano,2026-08-16 07:00:00+00:00,0.1767475050376909,6603262039.628887,119095556.02926752
cardano,2026-08-16 08:00:00+00:00,0.1775194154611508,6632100504.964734,119672226.96999136
cardano,2026-08-16 09:00:00+00:00,0.1777177070417039,6639508650.648969,122172201.44414178
cardano,2026-08-16 10:00:00+00:00,0.1768907462485363,6608613511.209117,121683022.30965598
cardano,2026-08-16 11:00:00+00:00,0.1765634671119908,6596386408.494131,124595170.2489479
cardano,2026-08-16 12:00:00+00:00,0.1769150322314442,6609520832.12998,123898013.27337064
cardano,2026-08-16 13:00:00+00:00,0.1761307863361281,6580221515.292829,123674117.3247371
cardano,2026-08-16 14:00:00+00:00,0.1759435788954778,6573227471.523335,123985921.57649492
cardano,2026-08-16 15:00:00+00:00,0.1761307196024089,6580219022.130421,122114464.45378122
cardano,2026-08-16 16:00:00+00:00,0.1766753010017537,6600564506.956444,120916297.1513955
cardano,2026-08-16 17:00:00+00:00,0.1761550661747788,6581128606.665101,122635036.01396348
cardano,2026-08-16 18:00:00+00:00,0.1761487630728622,6580893123.66007,117406809.32178466
cardano,2026-08-16 19:00:00+00:00,0.1754248868365586,6553849208.83053,126392851.70398246
cardano,2026-08-16 20:00:00+00:00,0.178251534266527,6659452361.020683,150753145.32755956
cardano,2026-08-16 21:00:00+00:00,0.1769253548831523,6609906484.952394,154944604.75064406
cardano,2026-08-16 22:00:00+00:00,0.175843774664277,6569498799.420483,159899063.82329172
cardano,2026-08-16 23:00:00+00:00,0.1752103682577507,6545834824.763637,163560556.12502998
cardano,2026-08-17 00:00:00+00:00,0.1748117677487935,6530943165.561926,158850685.38576865
cardano,2026-08-17 01:00:00+00:00,0.1756913362401053,6563803721.238197,165301518.08088735
cardano,2026-08-17 02:00:00+00:00,0.1758477868171831,6569648692.891265,168592755.6315389
cardano,2026-08-17 03:00:00+00:00,0.1768521758923442,6607172528.1024885,174614775.3703758
cardano,2026-08-17 04:00:00+00:00,0.1770032422946857,6612816347.741312,176146131.09692547
cardano,2026-08-17 05:00:00+00:00,0.1770159456570423,6613290943.580204,178565952.41676438
cardano,2026-08-17 06:00:00+00:00,0.176450334578682,6592159792.890785,181123914.55114305
cardano,2026-08-17 07:00:00+00:00,0.1772856627962928,6623367538.136209,185231009.46847755
cardano,2026-08-17 08:00:00+00:00,0.1760429507746152,6576939991.013635,187125710.5333237
cardano,2026-08-17 09:00:00+00:00,0.1750317765871125,6539162664.955396,185736541.5167702
cardano,2026-08-17 10:00:00+00:00,0.1743039753735084,6511972113.523496,188411910.77770808
cardano,2026-08-17 11:00:00+00:00,0.1745738102805863,6522053107.869039,197707114.5734917
cardano,2026-08-17 12:00:00+00:00,0.1747535887394246,6528769605.918258,201873354.02108455
cardano,2026-08-17 13:00:00+00:00,0.1733935232200689,6477957748.554532,203043992.3367988
cardano,2026-08-17 14:00:00+00:00,0.1741193266187606,6505073661.901046,210181734.1084392
cardano,2026-08-17 15:00:00+00:00,0.1744932899404219,6519044879.235134,213994380.93640476
cardano,2026-08-17 16:00:00+00:00,0.1751523710634993,6543668057.7073,225553553.96427745
cardano,2026-08-17 17:00:00+00:00,0.1741355693632101,6505680488.559336,226545397.56011343
cardano,2026-08-17 18:00:00+00:00,0.1742289216070459,6509168115.317652,231971393.9720004
cardano,2026-08-17 19:00:00+00:00,0.1739873938979553,6500144673.925275,223450351.31372157
cardano,2026-08-17 20:00:00+00:00,0.173556524252697,6484047444.30975,205408265.77687585
cardano,2026-08-17 21:00:00+00:00,0.1740616971798362,6502920634.132234,202326290.815504
cardano,2026-08-17 22:00:00+00:00,0.1737181817378849,6490086945.320729,199470781.9444915
cardano,2026-08-17 23:00:00+00:00,0.1733540434675624,6498366098.339702,196677097.96096456
cardano,2026-08-18 00:00:00+00:00,0.1741249817054162,6527265562.168592,195244089.9388568
cardano,2026-08-18 01:00:00+00:00,0.1743536527212249,6535837545.533273,193053037.208359
cardano,2026-08-18 02:00:00+00:00,0.1730906612421858,6488492927.284347,189648172.32147783
cardano,2026-08-18 03:00:00+00:00,0.171732806158409,6437592242.960106,191854414.82653123
cardano,2026-08-18 04:00:00+00:00,0.172279683799627,6458092550.034256,192266109.72756764
cardano,2026-08-18 05:00:00+00:00,0.1737305519263125,6512479930.097757,198136175.7248191
cardano,2026-08-18 06:00:00+00:00,0.1729694484555781,6483949133.280926,197520657.07995552
cardano,2026-08-18 07:00:00+00:00,0.1732641412714611,6494996016.098614,195937120.1159436
cardano,2026-08-18 08:00:00+00:00,0.1733308673237445,6497497315.216654,192527395.49444187
cardano,2026-08-18 09:00:00+00:00,0.1727888192559477,6477178049.989361,192219098.11568
cardano,2026-08-18 10:00:00+00:00,0.1730245484680753,6486014617.570002,190187487.2981821
cardano,2026-08-18 11:00:00+00:00,0.1732134181465682,6493094604.232971,177884010.8410437
cardano,2026-08-18 12:00:00+00:00,0.1736008772976625,6507618934.681797,177189952.82302797
cardano,2026-08-18 13:00:00+00:00,0.1738412334385155,6516628947.751027,178165142.0498645
cardano,2026-08-18 14:00:00+00:00,0.1743761415053317,6536680562.225065,176568896.54710495
cardano,2026-08-18 15:00:00+00:00,0.1755567078062072,6580935382.435747,187599834.1904218
cardano,2026-08-18 16:00:00+00:00,0.1754851551486001,6578253152.73323,183564814.4990459
cardano,2026-08-18 17:00:00+00:00,0.1745405666162319,6542844217.511186,183765045.39186308
cardano,2026-08-18 18:00:00+00:00,0.1741661367262794,6528808303.180017,181061993.65089568
cardano,2026-08-18 19:00:00+00:00,0.1742576257767787,6532237870.395421,178720077.26440257
cardano,2026-08-18 20:00:00+00:00,0.1733103969960558,6496729962.573397,177560603.74645844
cardano,2026-08-18 21:00:00+00:00,0.1728106733425308,6477997274.349641,175239024.16367206
cardano,2026-08-18 22:00:00+00:00,0.1728503265114185,6479483716.795617,174677253.343547
cardano,2026-08-18 23:00:00+00:00,0.1728239373835615,6478494491.448458,170813181.74634
cardano,2026-08-19 00:00:00+00:00,0.1744023593314451,6537663366.138831,179324108.8635922
cardano,2026-08-19 01:00:00+00:00,0.1736912613302176,6511007079.089846,178022856.14425611
cardano,2026-08-19 02:00:00+00:00,0.1737099228916466,6511706628.149715,178580408.670498
cardano,2026-08-19 03:00:00+00:00,0.1739256984292973,6519795210.398346,172139509.66623056
cardano,2026-08-19 04:00:00+00:00,0.1750905186638582,6563459772.075255,173088420.97393975
cardano,2026-08-19 05:00:00+00:00,0.1740769703804225,6525465805.090909,170109847.1488492
cardano,2026-08-19 06:00:00+00:00,0.175308952744994,6571648012.736861,172363710.34827274
cardano,2026-08-19 07:00:00+00:00,0.1758331332783567,6591297493.875447,176718678.59109238
cardano,2026-08-19 08:00:00+00:00,0.1752280975342908,6568617066.647586,179703324.6912347
cardano,2026-08-19 09:00:00+00:00,0.1747129918324604,6549307765.50364,179572574.4200179
cardano,2026-08-19 10:00:00+00:00,0.1740834323707809,6525708039.873745,180478714.0492551
cardano,2026-08-19 11:00:00+00:00,0.1741021352457966,6526409137.618642,182056777.1872804
cardano,2026-08-19 12:00:00+00:00,0.1747910473193686,6552233760.881463,183700273.2316017
cardano,2026-08-19 13:00:00+00:00,0.1753539220234425,6573333735.369522,185696791.56272343
cardano,2026-08-19 14:00:00+00:00,0.1740223809809394,6523419461.689662,188110672.49607396
cardano,2026-08-19 15:00:00+00:00,0.1764391144525251,6614013361.585709,185944529.67416477
cardano,2026-08-19 16:00:00+00:00,0.1795207888794781,6729533301.136349,263102840.72946343
cardano,2026-08-19 17:00:00+00:00,0.1793642948672391,6723666951.766093,288630734.3699583
cardano,2026-08-19 18:00:00+00:00,0.1797736974310058,6739013855.061446,298237155.1168805
cardano,2026-08-19 19:00:00+00:00,0.1800743070437467,6750282535.486751,305436830.70320684
cardano,2026-08-19 20:00:00+00:00,0.1811510130635786,6790644039.3617,330222787.8576918
cardano,2026-08-19 21:00:00+00:00,0.1851415964414875,6940235425.964997,350031892.5944104
cardano,2026-08-19 22:00:00+00:00,0.1900677542236143,7124897843.328425,412490530.5919098
cardano,2026-08-19 23:00:00+00:00,0.1883955699248923,7062214184.270747,434190208.1853173
cardano,2026-08-20 00:00:00+00:00,0.1870216444099723,7010711082.242033,444790543.84479904
cardano,2026-08-20 01:00:00+00:00,0.1857525516427519,6963137750.526257,452999189.75795525
cardano,2026-08-20 02:00:00+00:00,0.1871363649003073,7015011505.412244,466049881.1587013
cardano,2026-08-20 03:00:00+00:00,0.1853419650736029,6947746463.492964,464181325.3255999
cardano,2026-08-20 04:00:00+00:00,0.1822825477372368,6833060855.348875,475815860.78632784
cardano,2026-08-20 05:00:00+00:00,0.1834316563691621,6876136450.400744,480799398.2640424
cardano,2026-08-20 06:00:00+00:00,0.1833174975294694,6871857081.319723,483182013.4289369
cardano,2026-08-20 07:00:00+00:00,0.1845382022699444,6917616534.880262,490720655.3291139
cardano,2026-08-20 08:00:00+00:00,0.1840412232974174,6898986734.028449,491570728.9414132
cardano,2026-08-20 09:00:00+00:00,0.1896634883782927,7109743495.547401,546542777.2326969
cardano,2026-08-20 10:00:00+00:00,0.1891497463308695,7090485312.481766,571657558.7784623
cardano,2026-08-20 11:00:00+00:00,0.1899665037834656,7121102359.735756,593204992.0249065
cardano,2026-08-20 12:00:00+00:00,0.1931644446460846,7240980673.909762,642989837.15869
cardano,2026-08-20 13:00:00+00:00,0.1913703068270272,7173725453.633961,637631148.7019025
cardano,2026-08-20 14:00:00+00:00,0.194930536844737,7307184573.401798,678840485.8021672
cardano,2026-08-20 15:00:00+00:00,0.1940814258930539,7275354719.81561,675447833.2334046
cardano,2026-08-20 16:00:00+00:00,0.196867376605396,7379789132.181171,637516661.281498
cardano,2026-08-20 17:00:00+00:00,0.1993190789419373,7471693878.262169,641323391.9060296
cardano,2026-08-20 18:00:00+00:00,0.2012189323065205,7542911961.493866,700357746.9676294
cardano,2026-08-20 19:00:00+00:00,0.1953802437315446,7324042328.369408,692591380.3736024
cardano,2026-08-20 20:00:00+00:00,0.1946542542188232,7296827816.709622,705885142.0119674
cardano,2026-08-20 21:00:00+00:00,0.1978262350799485,7415732991.807981,732098037.7250222
cardano,2026-08-20 22:00:00+00:00,0.1976260254671668,7408227915.293824,686387740.9136341
cardano,2026-08-20 23:00:00+00:00,0.1959816771609853,7346587718.889916,666362201.3710866
cardano,2026-08-21 00:00:00+00:00,0.1989699466755082,7458606273.043292,669048527.8120097
cardano,2026-08-21 01:00:00+00:00,0.2044862139481434,7665389590.679499,705260663.7000579
cardano,2026-08-21 02:00:00+00:00,0.208249821720492,7806472548.2273245,741657881.4194134
cardano,2026-08-21 03:00:00+00:00,0.2048976434735673,7680812476.851583,749806333.4093484
cardano,2026-08-21 04:00:00+00:00,0.2083545364628217,7810397894.979785,772668370.1895753
cardano,2026-08-21 05:00:00+00:00,0.2080166171641168,7797730620.131421,775076686.7418746
cardano,2026-08-21 06:00:00+00:00,0.2086159633036501,7820197766.304696,797177417.2295877
cardano,2026-08-21 07:00:00+00:00,0.2072161692643443,7767724954.319873,795450981.983446
cardano,2026-08-21 08:00:00+00:00,0.2094750100575727,7852400074.315031,847529841.1263098
cardano,2026-08-21 09:00:00+00:00,0.2177145546639357,8161268424.107898,876864536.3429868
cardano,2026-08-21 10:00:00+00:00,0.2154571186113069,8076645962.3519535,915627226.7008996
cardano,2026-08-21 11:00:00+00:00,0.2142083194110937,8029833357.21178,932664829.6581116
cardano,2026-08-21 12:00:00+00:00,0.2114040130786889,7924710864.33339,933015261.8190244
cardano,2026-08-21 13:00:00+00:00,0.2154935570870538,8078011898.506265,961922453.3681896
cardano,2026-08-21 14:00:00+00:00,0.2173399085960565,8147224406.110488,976931993.7988616
cardano,2026-08-21 15:00:00+00:00,0.2173351100407273,8147044527.010766,970291483.8950546
cardano,2026-08-21 16:00:00+00:00,0.2193925032452744,8224168163.609904,993061368.3659916
cardano,2026-08-21 17:00:00+00:00,0.218676653106164,8197333737.469981,988447521.5424058
cardano,2026-08-21 18:00:00+00:00,0.2192928262624831,8220431662.788815,965756717.5756544
cardano,2026-08-21 19:00:00+00:00,0.2163070872608251,8108507967.680452,935925543.7993476
cardano,2026-08-21 20:00:00+00:00,0.2165037209018311,8115878994.977808,952597864.5685372
cardano,2026-08-21 21:00:00+00:00,0.2189869270409701,8208964695.587898,966374407.9229327
cardano,2026-08-21 22:00:00+00:00,0.2262625475824168,8481699296.553627,1033756523.7494342
cardano,2026-08-21 23:00:00+00:00,0.2313380155593391,8671958770.025972,1102058073.5850625
cardano,2026-08-22 00:00:00+00:00,0.2291047455940254,8588242200.5088,1078468354.4663036
cardano,2026-08-22 01:00:00+00:00,0.229023424842574,8585193803.114932,1109738165.5766685
cardano,2026-08-22 02:00:00+00:00,0.2302260937363561,8630277163.217482,1119407984.1431966
cardano,2026-08-22 03:00:00+00:00,0.2416553850629959,9058716660.788136,1181663707.8023434
cardano,2026-08-22 04:00:00+00:00,0.2441327300261278,9151582648.799091,1227696711.3147583
cardano,2026-08-22 05:00:00+00:00,0.2542929350225137,9532449055.950708,1345507213.352918
cardano,2026-08-22 06:00:00+00:00,0.2324406287547389,8713291432.738907,1486752488.575107
cardano,2026-08-22 07:00:00+00:00,0.2337711138736047,8763166123.965252,1485792132.4915133
cardano,2026-08-22 08:00:00+00:00,0.2312188425633136,8667491439.80558,1423820006.4162714
cardano,2026-08-22 09:00:00+00:00,0.2268045484501181,8502016792.433668,1418644394.6422806
cardano,2026-08-22 10:00:00+00:00,0.2257829151389703,8463719749.334472,1357495494.3749924
cardano,2026-08-22 11:00:00+00:00,0.2224111792864123,8337326539.70092,1366610510.024718
cardano,2026-08-22 12:00:00+00:00,0.223644619237736,8383563386.581963,1341728508.26397
cardano,2026-08-22 13:00:00+00:00,0.225789805283669,8463978033.951471,1421431404.9382885
cardano,2026-08-22 14:00:00+00:00,0.2264932316670682,8490346742.00768,1343709820.5738916
cardano,2026-08-22 15:00:00+00:00,0.2239202576059531,8393895992.569078,1380883163.328117
cardano,2026-08-22 16:00:00+00:00,0.2224143384000317,8337444962.533373,1303789190.9099188
cardano,2026-08-22 17:00:00+00:00,0.226422927365474,8487711308.29694,1282307973.3190176
cardano,2026-08-22 18:00:00+00:00,0.2280401099996608,8548333169.746567,1261896771.6566286
cardano,2026-08-22 19:00:00+00:00,0.2291041877993365,8588221290.964242,1238267486.809909
cardano,2026-08-22 20:00:00+00:00,0.2312423257013733,8668371730.943865,1243400750.9263177
cardano,2026-08-22 21:00:00+00:00,0.230618346907678,8644981202.762781,1238532696.7695348
cardano,2026-08-22 22:00:00+00:00,0.223833792429643,8390654750.7775345,1250373202.830611
cardano,2026-08-22 23:00:00+00:00,0.2267235383584369,8500398595.060614,1161407367.7031963
cardano,2026-08-23 00:00:00+00:00,0.2260841965922307,8476428168.828864,1116438072.8081195
cardano,2026-08-23 01:00:00+00:00,0.2286079287253354,8571048821.072907,1171302711.2342126
cardano,2026-08-23 02:00:00+00:00,0.2260075447798884,8473554312.136872,1139549902.027346
cardano,2026-08-23 03:00:00+00:00,0.2232744085795681,8371082608.997771,1096460741.9811172
cardano,2026-08-23 04:00:00+00:00,0.2193335857634809,8223331894.749957,1042474571.5566448
cardano,2026-08-23 05:00:00+00:00,0.2158547384278435,8092901727.602817,968350162.3679376
cardano,2026-08-23 06:00:00+00:00,0.2150024190822875,8060946271.102957,711528770.4885522
cardano,2026-08-23 07:00:00+00:00,0.2152463227327413,8070090792.499629,709715691.0811708
cardano,2026-08-23 08:00:00+00:00,0.217467571415861,8153370628.911763,664175861.4212811
cardano,2026-08-23 09:00:00+00:00,0.2196024590316153,8233412585.82971,640910714.364574
cardano,2026-08-23 10:00:00+00:00,0.2204040011593599,8263464285.030833,618016497.191875
cardano,2026-08-23 11:00:00+00:00,0.2213538878777853,8299077771.769931,598358176.3315598
cardano,2026-08-23 12:00:00+00:00,0.2247221890067554,8425363301.678932,598394754.7922916
cardano,2026-08-23 13:00:00+00:00,0.2247251634761634,8425474821.531523,560499313.9355905
cardano,2026-08-23 14:00:00+00:00,0.2294375440339431,8602153049.83887,580022491.3547326
cardano,2026-08-23 15:00:00+00:00,0.2253396534089756,8448513494.090073,597645865.1220638
cardano,2026-08-23 16:00:00+00:00,0.2247344341089185,8425822399.353468,617051085.5309473
cardano,2026-08-23 17:00:00+00:00,0.2250287679146091,8436857665.856834,598264069.3358929
cardano,2026-08-23 18:00:00+00:00,0.2245312277409202,8418203714.776004,578077711.8532733
cardano,2026-08-23 19:00:00+00:00,0.22497918690004,8434998757.030533,574121739.572766
cardano,2026-08-23 20:00:00+00:00,0.2235266625430939,8380540203.267333,582426138.1680943
cardano,2026-08-23 21:00:00+00:00,0.2254260242154213,8451751738.725285,584204829.018871
cardano,2026-08-23 22:00:00+00:00,0.2273420283481458,8523587239.158383,572980237.3964237
cardano,2026-08-23 23:00:00+00:00,0.2266593685171003,8497992716.813071,582795893.7093613
cardano,2026-08-24 00:00:00+00:00,0.2268262917853349,8504251062.660432,605256816.5991054
cardano,2026-08-24 01:00:00+00:00,0.2242000524883721,8405787175.797027,605550448.2364572
cardano,2026-08-24 02:00:00+00:00,0.2184571233250705,8190471256.926336,597424950.599834
cardano,2026-08-24 03:00:00+00:00,0.2204136386276149,8263825616.378285,595749981.1838847
cardano,2026-08-24 04:00:00+00:00,0.2181133866599909,8177583761.053302,573358529.8208345
cardano,2026-08-24 05:00:00+00:00,0.219845725192758,8242533206.253046,565999429.9986949
cardano,2026-08-24 06:00:00+00:00,0.2198882164694832,8244126304.136009,530241295.3499477
cardano,2026-08-24 07:00:00+00:00,0.2195986818530249,8233270970.52229,540571338.0406343
cardano,2026-08-24 08:00:00+00:00,0.2190460821947987,8212552709.893389,516560171.8410637
cardano,2026-08-24 09:00:00+00:00,0.2188158030961935,8203919004.983755,526930451.68916416
cardano,2026-08-24 10:00:00+00:00,0.2199038510359017,8244712480.795835,542328751.5191437
cardano,2026-08-24 11:00:00+00:00,0.2186662841228154,8198313187.076886,538150538.2459638
cardano,2026-08-24 12:00:00+00:00,0.223091969267535,8364242530.182318,561686139.0570335
cardano,2026-08-24 13:00:00+00:00,0.2260341923675033,8474553392.858543,594029751.3752167
cardano,2026-08-24 14:00:00+00:00,0.2215479025713432,8306351838.858339,600018857.8441654
cardano,2026-08-24 15:00:00+00:00,0.2236890940104852,8386630140.938578,577358921.64676
cardano,2026-08-24 16:00:00+00:00,0.2211129965227414,8290046188.4116125,599635974.8221124
cardano,2026-08-24 17:00:00+00:00,0.2218718776142106,8318498425.045041,608393024.989897
cardano,2026-08-24 18:00:00+00:00,0.2186100743239071,8196205749.538075,619487248.1091726
cardano,2026-08-24 19:00:00+00:00,0.2197693930168246,8239671333.48165,627259054.4617414
cardano,2026-08-24 20:00:00+00:00,0.2188116918484499,8203764864.638219,610472300.4652885
cardano,2026-08-24 21:00:00+00:00,0.2199810690045928,8247607564.020663,604277797.3479723
cardano,2026-08-24 22:00:00+00:00,0.2213373211426557,8298456645.913128,594550820.7768255
cardano,2026-08-24 23:00:00+00:00,0.2200230362007576,8249181012.891038,566221220.2990375
cardano,2026-08-25 00:00:00+00:00,0.2214287871103928,8301885920.126461,576474397.2727296
cardano,2026-08-25 01:00:00+00:00,0.225179002366813,8442490308.747334,573390040.9654706
cardano,2026-08-25 02:00:00+00:00,0.2241048959720865,8402219534.240259,584604808.6932579
cardano,2026-08-25 03:00:00+00:00,0.2265982441547573,8495701020.734461,591856309.1445552
cardano,2026-08-25 04:00:00+00:00,0.2255198812918555,8455270661.22638,607567268.2803379
cardano,2026-08-25 05:00:00+00:00,0.2253415623413831,8448585064.454897,612746886.4971205
cardano,2026-08-25 06:00:00+00:00,0.2269919843718552,8510463267.356364,617391268.0894772
cardano,2026-08-25 07:00:00+00:00,0.2233076742618946,8372329817.652679,602456944.7734455
cardano,2026-08-25 08:00:00+00:00,0.220900937668102,8282095603.293286,613253079.8129466
cardano,2026-08-25 09:00:00+00:00,0.2210516434519748,8287745917.516392,613867712.6705227
cardano,2026-08-25 10:00:00+00:00,0.2182788434421874,8183787124.890641,607386649.086108
cardano,2026-08-25 11:00:00+00:00,0.2194962751444472,8229431502.207615,605321330.0825176
cardano,2026-08-25 12:00:00+00:00,0.2186136493286884,8196339784.873974,587524671.3556329
cardano,2026-08-25 13:00:00+00:00,0.2180354920036595,8174663307.217605,573664242.1193696
cardano,2026-08-25 14:00:00+00:00,0.2144754525424108,8041189056.357435,551394421.1887939
cardano,2026-08-25 15:00:00+00:00,0.2159314232934804,8095776823.540547,546730167.0177068
cardano,2026-08-25 16:00:00+00:00,0.2157432363758699,8088721253.476462,522355471.57952327
cardano,2026-08-25 17:00:00+00:00,0.2155319211219278,8080798547.696861,513558271.3302052
cardano,2026-08-25 18:00:00+00:00,0.2151220679370443,8065432188.022919,496079362.0210277
cardano,2026-08-25 19:00:00+00:00,0.2152431378703581,8069971384.519654,489853852.8425869
cardano,2026-08-25 20:00:00+00:00,0.2142946060000123,8034408694.220994,482325815.6041585
cardano,2026-08-25 21:00:00+00:00,0.2096605540480528,7860667189.536116,484213248.8559918
cardano,2026-08-25 22:00:00+00:00,0.2099037502690422,7869785187.738641,503302101.383359
cardano,2026-08-25 23:00:00+00:00,0.2118418536726402,7942449241.803382,507032974.0337492
cardano,2026-08-26 00:00:00+00:00,0.2090850961606067,7839091920.142475,492819538.9334242
cardano,2026-08-26 01:00:00+00:00,0.2104754049806817,7891217867.128101,502513324.2909216
cardano,2026-08-26 02:00:00+00:00,0.2107411164646054,7901180015.482834,478942539.0628924
cardano,2026-08-26 03:00:00+00:00,0.2121768587959749,7955009371.644114,478513552.7376354
cardano,2026-08-26 04:00:00+00:00,0.2113143427458698,7922671616.713088,463305852.4295285
cardano,2026-08-26 05:00:00+00:00,0.2098893858212924,7869246630.814402,451364947.4948257
cardano,2026-08-26 06:00:00+00:00,0.2107436578034751,7901275296.2530365,433394036.3810769
cardano,2026-08-26 07:00:00+00:00,0.2107827592221027,7902741300.384645,436620063.550094
cardano,2026-08-26 08:00:00+00:00,0.2102757964456847,7883734073.770182,412862199.07875866
cardano,2026-08-26 09:00:00+00:00,0.2102805202505802,7883911180.323777,391200309.6142188
cardano,2026-08-26 10:00:00+00:00,0.2088988903417539,7832110626.129383,391759819.2705187
cardano,2026-08-26 11:00:00+00:00,0.2119084009781396,7944944256.773014,398338870.8601847
cardano,2026-08-26 12:00:00+00:00,0.2104679562755194,7890938597.655885,395405979.61815256
cardano,2026-08-26 13:00:00+00:00,0.2098780830483118,7868822863.276807,386712019.32237065
cardano,2026-08-26 14:00:00+00:00,0.208682547979399,7823999442.234104,363862447.2052916
cardano,2026-08-26 15:00:00+00:00,0.2046806325532016,7673958222.373555,366085160.978362
cardano,2026-08-26 16:00:00+00:00,0.2047758919314826,7677529720.468411,380698282.3554435
cardano,2026-08-26 17:00:00+00:00,0.2037248308140671,7638122967.598859,383331157.74317
cardano,2026-08-26 18:00:00+00:00,0.205390933718575,7700589083.341616,386217284.65382814
cardano,2026-08-26 19:00:00+00:00,0.2062425702566385,7732518939.782951,388746730.952784
cardano,2026-08-26 20:00:00+00:00,0.2058912921939912,7719348699.1814575,386679063.893334
cardano,2026-08-26 21:00:00+00:00,0.205881671017494,7718987978.650314,362903999.2921636
cardano,2026-08-26 22:00:00+00:00,0.2087268853229782,7825661753.504464,367447234.7127095
cardano,2026-08-26 23:00:00+00:00,0.2104570312655513,7890528993.341941,377871451.3001557
cardano,2026-08-27 00:00:00+00:00,0.2123762864348409,7962486382.780704,380397461.7671945
cardano,2026-08-27 01:00:00+00:00,0.2107495019157537,7901494405.764832,370632639.9052457
cardano,2026-08-27 02:00:00+00:00,0.2109060857197144,7907365100.783237,374121976.2059113
cardano,2026-08-27 03:00:00+00:00,0.2090572847621092,7838049205.414101,370036355.3918815
cardano,2026-08-27 04:00:00+00:00,0.2091307415958952,7840803274.847002,363778175.0155103
cardano,2026-08-27 05:00:00+00:00,0.2088548292163103,7830458670.926455,361249888.3643091
cardano,2026-08-27 06:00:00+00:00,0.2096822972491752,7861482393.275488,373394306.79665816
cardano,2026-08-27 07:00:00+00:00,0.2105973531344402,7895789990.174453,374448619.3133335
cardano,2026-08-27 08:00:00+00:00,0.2111399336153257,7916132608.284685,367096234.0345537
cardano,2026-08-27 09:00:00+00:00,0.2144568964914983,8040493346.374041,407639674.7660984
cardano,2026-08-27 10:00:00+00:00,0.2148274036610729,8054384531.411624,416185611.4884887
cardano,2026-08-27 11:00:00+00:00,0.2130213030189356,7986669571.279469,425385505.6772167
cardano,2026-08-27 12:00:00+00:00,0.2115554068058153,7931709675.184283,412182600.89051074
cardano,2026-08-27 13:00:00+00:00,0.211848822782727,7942710530.128448,422029912.6442247
cardano,2026-08-27 14:00:00+00:00,0.21316078898464,7991899228.135962,418612268.4055102
cardano,2026-08-27 15:00:00+00:00,0.2148426387803922,8054955731.860394,424382344.59504026
cardano,2026-08-27 16:00:00+00:00,0.2146486331068258,8047682002.952676,419186254.1327239
cardano,2026-08-27 17:00:00+00:00,0.2157102147819,8087483196.268019,429166969.575125
cardano,2026-08-27 18:00:00+00:00,0.2157624683555993,8089442305.620656,428984936.955525
cardano,2026-08-27 19:00:00+00:00,0.2141444676585046,8028779654.746501,429826629.4740794
cardano,2026-08-27 20:00:00+00:00,0.2138236020588547,8016749648.897899,431163645.5386408
cardano,2026-08-27 21:00:00+00:00,0.2139603388936359,8021876234.371482,430266484.4038523
cardano,2026-08-27 22:00:00+00:00,0.2141159144767183,8027709128.818321,423387995.05481976
cardano,2026-08-27 23:00:00+00:00,0.214352593306685,8037921529.740016,410664646.78118855
cardano,2026-08-28 00:00:00+00:00,0.2137957646890137,8017041237.762623,403936226.1653391
cardano,2026-08-28 01:00:00+00:00,0.2145000696882815,8043451687.1525135,403620698.7677206
cardano,2026-08-28 02:00:00+00:00,0.2145203800757612,8044213298.189179,412308544.46013474
cardano,2026-08-28 03:00:00+00:00,0.2100516030863731,7876640430.417912,419385797.9472901
cardano,2026-08-28 04:00:00+00:00,0.2101380470757563,7879881958.745894,413784394.0825027
cardano,2026-08-28 05:00:00+00:00,0.210158728309554,7880657475.999218,420123867.737596
cardano,2026-08-28 06:00:00+00:00,0.2097861544418381,7866686478.650718,419094252.9581874
cardano,2026-08-28 07:00:00+00:00,0.2111477977113561,7917746190.9828415,406532666.7438238
cardano,2026-08-28 08:00:00+00:00,0.2095599277251977,7858203294.154393,406574792.9435641
cardano,2026-08-28 09:00:00+00:00,0.2091025888946886,7841053729.619497,375976162.0201888
cardano,2026-08-28 10:00:00+00:00,0.207852426652982,7794174399.43148,359522308.43784887
cardano,2026-08-28 11:00:00+00:00,0.2091660265221944,7843432551.653131,352120194.1376557
cardano,2026-08-28 12:00:00+00:00,0.2091984964558725,7844650128.613381,349376993.2546784
cardano,2026-08-28 13:00:00+00:00,0.2082609213552533,7809492377.681801,343941620.5828247
cardano,2026-08-28 14:00:00+00:00,0.2081794885477918,7806438761.645602,349065466.04138577
cardano,2026-08-28 15:00:00+00:00,0.2109136256127875,7908965065.810935,375115083.5193167
cardano,2026-08-28 16:00:00+00:00,0.2047909835905705,7679374579.546759,366758626.92309535
cardano,2026-08-28 17:00:00+00:00,0.2032103328845094,7620102395.593893,387273872.3558028
cardano,2026-08-28 18:00:00+00:00,0.2030784350744646,7615156412.759118,385801075.1175298
cardano,2026-08-28 19:00:00+00:00,0.2011858660998501,7544187731.331473,383971183.1803206
cardano,2026-08-28 20:00:00+00:00,0.2019015016877821,7571023061.900374,379896561.5216835
cardano,2026-08-28 21:00:00+00:00,0.2016884759463741,7563034895.45537,378968942.4445317
cardano,2026-08-28 22:00:00+00:00,0.2003356522834373,7512305905.99685,378453345.9891267
cardano,2026-08-28 23:00:00+00:00,0.2023590423484998,7588180194.784943,383593404.3408888
cardano,2026-08-29 00:00:00+00:00,0.2030969491802418,7615850665.751978,381571335.9100777
cardano,2026-08-29 01:00:00+00:00,0.2026969856072563,7600852592.881395,383489367.8245713
cardano,2026-08-29 02:00:00+00:00,0.2024698050734697,7592333641.580216,365112249.0217188
cardano,2026-08-29 03:00:00+00:00,0.2017696731506055,7566079676.700973,347916502.9563588
cardano,2026-08-29 04:00:00+00:00,0.2007736515362132,7528730263.498607,339651943.7252574
cardano,2026-08-29 05:00:00+00:00,0.2012034517178011,7544847167.333442,338661077.72296035
cardano,2026-08-29 06:00:00+00:00,0.2013535702928456,7550476403.293455,343238583.7489392
cardano,2026-08-29 07:00:00+00:00,0.2003642761319922,7513379260.160727,344126633.61019504
cardano,2026-08-29 08:00:00+00:00,0.2002532260706009,7509215038.65276,331336679.56920254
cardano,2026-08-29 09:00:00+00:00,0.1994168722864543,7477852945.083625,330322482.0738935
cardano,2026-08-29 10:00:00+00:00,0.2001006441676107,7503493431.350633,327702339.8742442
cardano,2026-08-29 11:00:00+00:00,0.2001208218459665,7504250065.981332,319978174.6776937
cardano,2026-08-29 12:00:00+00:00,0.1998379920381898,7493644344.976932,317836507.77760553
cardano,2026-08-29 13:00:00+00:00,0.2000497544645503,7501585138.879982,314693705.4649774
cardano,2026-08-29 14:00:00+00:00,0.2003287555656915,7512047288.756916,308812909.14128816
cardano,2026-08-29 15:00:00+00:00,0.2026216275096591,7598026769.942782,276951696.0304278
cardano,2026-08-29 16:00:00+00:00,0.2006756679693259,7525056017.203309,259567544.9048632
cardano,2026-08-29 17:00:00+00:00,0.2005639445210706,7520866544.632651,220157025.1562059
cardano,2026-08-29 18:00:00+00:00,0.2005752147225207,7521289161.375853,212739300.79581976
cardano,2026-08-29 19:00:00+00:00,0.2011947152436138,7544519561.807981,203093457.51735187
cardano,2026-08-29 20:00:00+00:00,0.2017020036886984,7563542166.814212,200594078.94909027
cardano,2026-08-29 21:00:00+00:00,0.2014389596321354,7553678383.722523,195384037.7893902
cardano,2026-08-29 22:00:00+00:00,0.2013172791230921,7549115535.341258,191577799.43099105
cardano,2026-08-29 23:00:00+00:00,0.201245039953377,7546406667.822624,186975637.18512285
cardano,2026-08-30 00:00:00+00:00,0.201848389377435,7569031424.774611,187076377.55241603
cardano,2026-08-30 01:00:00+00:00,0.2010830341995379,7540331679.3345585,186291660.34437227
cardano,2026-08-30 02:00:00+00:00,0.2004933385794195,7518218920.875131,187602995.8918444
cardano,2026-08-30 03:00:00+00:00,0.2008777442495786,7532633594.216196,187423687.24162036
cardano,2026-08-30 04:00:00+00:00,0.2008529441767674,7531703626.278262,187038397.9927675
cardano,2026-08-30 05:00:00+00:00,0.2004369373046817,7516103952.198864,183642658.14772347
cardano,2026-08-30 06:00:00+00:00,0.2009621042101978,7535796974.38925,183237433.23201653
cardano,2026-08-30 07:00:00+00:00,0.2024606413592225,7591990015.151894,185968633.8700693
cardano,2026-08-30 08:00:00+00:00,0.2006745450166136,7525013908.052011,185707158.63274688
cardano,2026-08-30 09:00:00+00:00,0.2005384981651739,7519912341.985694,181502053.6968351
cardano,2026-08-30 10:00:00+00:00,0.2008240190993717,7530618976.455453,182373878.20421675
cardano,2026-08-30 11:00:00+00:00,0.2015365041905755,7557336167.816942,179370876.59034958
cardano,2026-08-30 12:00:00+00:00,0.2009680713967247,7536020735.512531,179513167.57149833
cardano,2026-08-30 13:00:00+00:00,0.203149161871785,7617808568.434686,190744630.8334418
cardano,2026-08-30 14:00:00+00:00,0.2046824273125008,7675303871.414776,204670560.0720834
cardano,2026-08-30 15:00:00+00:00,0.2046513438924201,7674138286.769262,200325733.8877493
cardano,2026-08-30 16:00:00+00:00,0.2032565979926133,7621837272.241605,208103713.72027028
cardano,2026-08-30 17:00:00+00:00,0.205881541259452,7720268962.16607,217458419.6699332
cardano,2026-08-30 18:00:00+00:00,0.2048310022483988,7680875223.072396,218409271.91136977
cardano,2026-08-30 19:00:00+00:00,0.2051575721021053,7693121134.435437,217719059.98883507
cardano,2026-08-30 20:00:00+00:00,0.2032032810736525,7619837962.579876,225480991.4182185
cardano,2026-08-30 21:00:00+00:00,0.2013056272295012,7548678605.678261,231509248.3595073
cardano,2026-08-30 22:00:00+00:00,0.2002111443067296,7507637031.544879,249015049.0939152
cardano,2026-08-30 23:00:00+00:00,0.1982338429898518,7433491006.154946,258369537.2333725
cardano,2026-08-31 00:00:00+00:00,0.1926718596123968,7224924432.510851,312632367.6834129
cardano,2026-08-31 01:00:00+00:00,0.194065602861967,7277187849.061271,322616162.7155736
cardano,2026-08-31 02:00:00+00:00,0.1924813518221631,7217780657.644028,325919445.20072234
cardano,2026-08-31 03:00:00+00:00,0.1923233525650312,7211855907.161694,331816251.7752467
cardano,2026-08-31 04:00:00+00:00,0.1941013782585533,7278529376.243284,335246998.50164014
cardano,2026-08-31 05:00:00+00:00,0.193515701875755,7256567333.544695,336466446.69654644
cardano,2026-08-31 06:00:00+00:00,0.1956165661047793,7335346794.791405,355052593.6770667
cardano,2026-08-31 07:00:00+00:00,0.1956029154909786,7334834915.924579,352476968.2470109
cardano,2026-08-31 08:00:00+00:00,0.1959795874187688,7348959584.77662,363904236.2053761
cardano,2026-08-31 09:00:00+00:00,0.1965394376407803,7369953182.677709,363387353.8735802
cardano,2026-08-31 10:00:00+00:00,0.1963873280997597,7364249288.286756,369277564.0610588
cardano,2026-08-31 11:00:00+00:00,0.1976643117977856,7412134385.458424,378472545.07219607
cardano,2026-08-31 12:00:00+00:00,0.1964429712839865,7366335829.632395,376747650.2965939
cardano,2026-08-31 13:00:00+00:00,0.1950622390153887,7314560306.615091,374756337.43252313
cardano,2026-08-31 14:00:00+00:00,0.1940980641182211,7278405100.630297,373417197.3701708
cardano,2026-08-31 15:00:00+00:00,0.196932284769996,7384684398.890716,381944281.79744434
cardano,2026-08-31 16:00:00+00:00,0.1957644570214146,7340892496.686295,383676486.91484725
cardano,2026-08-31 17:00:00+00:00,0.1961921631062775,7356930874.83179,379813157.1832677
cardano,2026-08-31 18:00:00+00:00,0.1977304034390301,7414612729.28389,378323628.41909057
cardano,2026-08-31 19:00:00+00:00,0.1999734435720467,7498723587.469074,404976378.7855616
cardano,2026-08-31 20:00:00+00:00,0.1990886369002222,7465544578.587479,405670946.7119973
cardano,2026-08-31 21:00:00+00:00,0.1986377634455731,7448637456.576939,389167237.684822
cardano,2026-08-31 22:00:00+00:00,0.1993158012640518,7474062923.537954,390049469.9858943
cardano,2026-08-31 23:00:00+00:00,0.1984586575301998,7441921236.021477,363509623.5880714
cardano,2026-09-01 00:00:00+00:00,0.1977646207591666,7415895830.784894,313647904.15076005
cardano,2026-09-01 01:00:00+00:00,0.1994700042283513,7479845318.364965,305611649.64508325
cardano,2026-09-01 02:00:00+00:00,0.1991706951423599,7468621647.546601,307551338.18296427
cardano,2026-09-01 03:00:00+00:00,0.2003842560678516,7514128479.725229,303747184.69638807
cardano,2026-09-01 04:00:00+00:00,0.2009199926393505,7534217849.561586,315576400.70675695
cardano,2026-09-01 05:00:00+00:00,0.2008792311920866,7532689352.474186,313097440.8544087
cardano,2026-09-01 06:00:00+00:00,0.20270025218863,7600975085.100161,320360087.5020138
cardano,2026-09-01 07:00:00+00:00,0.200395682761872,7514556964.720273,315800185.4474766
cardano,2026-09-01 08:00:00+00:00,0.2004829281681525,7517828545.05758,316249826.6498348
cardano,2026-09-01 09:00:00+00:00,0.1967805627827782,7378995037.22366,322289732.94524205
cardano,2026-09-01 10:00:00+00:00,0.1972585692607361,7396919609.542855,321906480.1561256
cardano,2026-09-01 11:00:00+00:00,0.1991653152576109,7468419909.416056,328473995.61165863
cardano,2026-09-01 12:00:00+00:00,0.1996331563635513,7485963294.545784,330949364.5773574
cardano,2026-09-01 13:00:00+00:00,0.1983080365548228,7436273160.753819,321995750.64773893
cardano,2026-09-01 14:00:00+00:00,0.1988252406503157,7455667588.73951,324578475.9019281
cardano,2026-09-01 15:00:00+00:00,0.1990976631746991,7465883051.217236,331650300.23111045
ethereum,2026-06-03 15:00:00+00:00,1855.4549060371248,223925599694.33057,24067068038.66793
ethereum,2026-06-03 16:00:00+00:00,1835.1456859882844,221474581206.10776,22436851605.15176
ethereum,2026-06-03 17:00:00+00:00,1830.4548889153943,220908472299.78308,23060997754.55804
ethereum,2026-06-03 18:00:00+00:00,1826.310834926632,220408347089.74432,22417692633.668125
ethereum,2026-06-03 19:00:00+00:00,1830.682023738609,220935884068.90472,23035197563.13716
ethereum,2026-06-03 20:00:00+00:00,1801.0650116416089,217361554575.1529,21837917325.246998
ethereum,2026-06-03 21:00:00+00:00,1779.2627859318488,214730352679.1412,22330618929.601963
ethereum,2026-06-03 22:00:00+00:00,1845.8585108717732,222767458617.8144,22783255746.301304
ethereum,2026-06-03 23:00:00+00:00,1825.6634357787807,220330215715.08664,23981877212.927383
ethereum,2026-06-04 00:00:00+00:00,1811.7149905120527,218646847414.9501,22460032720.27168
ethereum,2026-06-04 01:00:00+00:00,1789.7387328694576,215994642472.8393,22626552598.28292
ethereum,2026-06-04 02:00:00+00:00,1757.7067394201752,212128696827.2174,23216602317.6603
ethereum,2026-06-04 03:00:00+00:00,1765.9512840833552,213123689038.43863,25284990617.53191
ethereum,2026-06-04 04:00:00+00:00,1807.1767663434368,218098983057.50208,25736142165.61357
ethereum,2026-06-04 05:00:00+00:00,1802.9926196397596,217594019648.26025,24869408271.93832
ethereum,2026-06-04 06:00:00+00:00,1781.6930659595862,215023484721.21832,23966190393.9848
ethereum,2026-06-04 07:00:00+00:00,1788.5987930934728,215856901846.32928,24608576037.27637
ethereum,2026-06-04 08:00:00+00:00,1776.204292154713,214361072494.93805,24732928304.593822
ethereum,2026-06-04 09:00:00+00:00,1772.1861142421806,213876139015.94,25716124665.435143
ethereum,2026-06-04 10:00:00+00:00,1761.446293832556,212580004651.4535,26198077658.989624
ethereum,2026-06-04 11:00:00+00:00,1736.1828757045423,209531091061.5423,26696857889.77868
ethereum,2026-06-04 12:00:00+00:00,1749.6573970876664,211157262593.61224,27661959613.372047
ethereum,2026-06-04 13:00:00+00:00,1776.745981879784,214426446275.94885,28724794119.32028
ethereum,2026-06-04 14:00:00+00:00,1784.5428517620028,215367410892.14645,29402579267.95924
ethereum,2026-06-04 15:00:00+00:00,1772.5165292914662,213916015129.654,29417626584.886013
ethereum,2026-06-04 16:00:00+00:00,1776.0193014439951,214338746905.8568,29202756062.72433
ethereum,2026-06-04 17:00:00+00:00,1770.4260893860958,213663730557.38907,28463360660.59865
ethereum,2026-06-04 18:00:00+00:00,1766.763549403467,213221717213.4288,28255150990.890057
ethereum,2026-06-04 19:00:00+00:00,1774.3321193784427,214135129473.63715,28739191840.64672
ethereum,2026-06-04 20:00:00+00:00,1776.503231396233,214397149953.3173,28316209465.201424
ethereum,2026-06-04 21:00:00+00:00,1771.9653929757276,213849501287.60645,27220271297.30663
ethereum,2026-06-04 22:00:00+00:00,1759.7381399850055,212373856241.406,26065292869.104927
ethereum,2026-06-04 23:00:00+00:00,1767.114258031503,213264042456.0662,25898932677.507294
ethereum,2026-06-05 00:00:00+00:00,1769.0317333338,213495452809.0861,25717635461.02949
ethereum,2026-06-05 01:00:00+00:00,1758.3065182953942,212201081092.6533,24791273382.13685
ethereum,2026-06-05 02:00:00+00:00,1753.016057740637,211562419844.0035,23800021585.226204
ethereum,2026-06-05 03:00:00+00:00,1730.3093143660396,208822060704.73923,21453512586.360477
ethereum,2026-06-05 04:00:00+00:00,1728.068153421347,208551586609.1795,21464599751.123627
ethereum,2026-06-05 05:00:00+00:00,1743.2869110864788,210388259573.14795,21860548099.889164
ethereum,2026-06-05 06:00:00+00:00,1684.5849288984457,203303821671.6799,21873777665.3914
ethereum,2026-06-05 07:00:00+00:00,1656.2612443376777,199885583020.57623,24677056398.714283
ethereum,2026-06-05 08:00:00+00:00,1675.8519634500778,202249885346.0469,26368107432.04749
ethereum,2026-06-05 09:00:00+00:00,1662.942487056497,200691907566.73035,25914666367.33132
ethereum,2026-06-05 10:00:00+00:00,1680.2068060608374,202775448723.92007,25902858043.19788
ethereum,2026-06-05 11:00:00+00:00,1674.4230805780803,202077440879.98596,25335269582.240025
ethereum,2026-06-05 12:00:00+00:00,1664.5836740854352,200889973920.8437,25535325512.356907
ethereum,2026-06-05 13:00:00+00:00,1655.9906407252429,199852925273.4824,25389888461.35774
ethereum,2026-06-05 14:00:00+00:00,1618.4215787260844,195318909950.1685,24939985639.349823
ethereum,2026-06-05 15:00:00+00:00,1599.8712908804505,193080171880.3739,27404698687.438526
ethereum,2026-06-05 16:00:00+00:00,1583.5131506397067,191105992740.2583,29445187343.13267
ethereum,2026-06-05 17:00:00+00:00,1608.0826318731604,194071156054.71216,31809363110.24844
ethereum,2026-06-05 18:00:00+00:00,1592.858771271153,192233867243.7475,32656159206.387257
ethereum,2026-06-05 19:00:00+00:00,1552.1961043072351,187326500775.4193,33017872555.518444
ethereum,2026-06-05 20:00:00+00:00,1574.6338205121815,190034392420.2965,35028849322.79967
ethereum,2026-06-05 21:00:00+00:00,1603.4636661579757,193513717028.66,36254310819.24735
ethereum,2026-06-05 22:00:00+00:00,1610.126622036786,194317834630.89792,37714470248.64436
ethereum,2026-06-05 23:00:00+00:00,1597.4287012620728,192785388402.45425,37912020892.585365
ethereum,2026-06-06 00:00:00+00:00,1582.4588294507628,190978752181.88416,38205353386.90695
ethereum,2026-06-06 01:00:00+00:00,1593.2205086507468,192277523452.73483,38012275091.00454
ethereum,2026-06-06 02:00:00+00:00,1583.8945405725754,191151606795.36008,37490334248.2197
ethereum,2026-06-06 03:00:00+00:00,1576.525520182998,190262279853.51312,37645550933.389786
ethereum,2026-06-06 04:00:00+00:00,1563.530847769294,188694023604.10345,37222944511.28473
ethereum,2026-06-06 05:00:00+00:00,1522.2940920720846,183717384119.1919,37093858496.43952
ethereum,2026-06-06 06:00:00+00:00,1566.237262283932,189020646033.7384,38096454956.97745
ethereum,2026-06-06 07:00:00+00:00,1557.707959984583,187991290986.6691,35052781819.760864
ethereum,2026-06-06 08:00:00+00:00,1574.0458928108997,189963027129.11203,34122766760.303596
ethereum,2026-06-06 09:00:00+00:00,1582.2395612710363,190951876355.8651,34465591604.12237
ethereum,2026-06-06 10:00:00+00:00,1569.166607237887,189374172724.09744,33233615980.46254
ethereum,2026-06-06 11:00:00+00:00,1545.928136164701,186569648198.4297,33763084878.689365
ethereum,2026-06-06 12:00:00+00:00,1558.4174256600024,188076912535.54663,33097810123.39253
ethereum,2026-06-06 13:00:00+00:00,1570.048655850648,189480622367.8596,33573764932.63405
ethereum,2026-06-06 14:00:00+00:00,1556.8244155071425,187884660815.14447,32307969682.26989
ethereum,2026-06-06 15:00:00+00:00,1557.8033413540293,188002802044.7356,29025298228.89381
ethereum,2026-06-06 16:00:00+00:00,1560.3961214733108,188315710558.00604,28124390946.081467
ethereum,2026-06-06 17:00:00+00:00,1561.8244609357514,188488089069.51743,25699383962.7249
ethereum,2026-06-06 18:00:00+00:00,1552.4653340409827,187358587010.94604,24930354924.92401
ethereum,2026-06-06 19:00:00+00:00,1556.505273695151,187846145327.7841,23714719164.1932
ethereum,2026-06-06 20:00:00+00:00,1556.130125068885,187800870683.0012,22056777003.267864
ethereum,2026-06-06 21:00:00+00:00,1557.3155767638448,187943936392.53256,20838601247.824287
ethereum,2026-06-06 22:00:00+00:00,1558.3453612652886,188068215476.1848,19953803920.55305
ethereum,2026-06-06 23:00:00+00:00,1558.6833393929414,188109004215.90668,18633507640.9612
ethereum,2026-06-07 00:00:00+00:00,1568.702794640766,189318197707.50336,18640275407.494694
ethereum,2026-06-07 01:00:00+00:00,1564.8859399185344,188857562296.26245,17669442650.07162
ethereum,2026-06-07 02:00:00+00:00,1589.7456567766103,191857687680.97083,18816724025.01262
ethereum,2026-06-07 03:00:00+00:00,1592.0162302953552,192131710750.7361,18032382682.38539
ethereum,2026-06-07 04:00:00+00:00,1594.4455995929354,192424898012.4657,17802460407.00193
ethereum,2026-06-07 05:00:00+00:00,1596.8300765745146,192712667466.6952,17072807169.4731
ethereum,2026-06-07 06:00:00+00:00,1603.532427412332,193521537444.2849,15322676054.452724
ethereum,2026-06-07 07:00:00+00:00,1612.8689685012944,194648313401.57785,15702260729.112566
ethereum,2026-06-07 08:00:00+00:00,1613.786531401627,194759049037.56415,15483895937.838858
ethereum,2026-06-07 09:00:00+00:00,1639.41079829739,197851501326.5104,15626731315.472612
ethereum,2026-06-07 10:00:00+00:00,1632.813228354623,197055276780.69263,15454211665.144796
ethereum,2026-06-07 11:00:00+00:00,1625.8718628824552,196217561437.25903,14729556296.2391
ethereum,2026-06-07 12:00:00+00:00,1629.6609518550592,196674845812.02832,14484145873.569445
ethereum,2026-06-07 13:00:00+00:00,1618.93151216963,195379968559.56717,14444241978.67253
ethereum,2026-06-07 14:00:00+00:00,1617.3755912737877,195192192996.8422,14093092290.45424
ethereum,2026-06-07 15:00:00+00:00,1627.073789767767,196362615403.59293,14129578677.84283
ethereum,2026-06-07 16:00:00+00:00,1628.5236424736277,196537590177.97815,14193300614.391558
ethereum,2026-06-07 17:00:00+00:00,1626.8313344625467,196333354802.04492,14266516825.703386
ethereum,2026-06-07 18:00:00+00:00,1631.4134794858544,196886348763.71628,13959583306.70251
ethereum,2026-06-07 19:00:00+00:00,1630.592850041703,196787311495.1277,13011774348.120125
ethereum,2026-06-07 20:00:00+00:00,1612.8791780888866,194649545540.73123,14075761808.44236
ethereum,2026-06-07 21:00:00+00:00,1628.1772226691276,196495782670.988,13581535824.722927
ethereum,2026-06-07 22:00:00+00:00,1633.4327292689354,197130040949.68375,13971711000.416616
ethereum,2026-06-07 23:00:00+00:00,1674.0939978827414,202037226536.99176,15704644325.288391
ethereum,2026-06-08 00:00:00+00:00,1687.8826846141703,203701307543.392,16062772861.618362
ethereum,2026-06-08 01:00:00+00:00,1695.737728070715,204649289673.6039,16719913521.694962
ethereum,2026-06-08 02:00:00+00:00,1685.7381743460978,203442453522.4754,16630914956.772793
ethereum,2026-06-08 03:00:00+00:00,1683.4507997595997,203166402884.7881,16663578129.255745
ethereum,2026-06-08 04:00:00+00:00,1678.7137524838731,202594714745.49585,16505012903.910774
ethereum,2026-06-08 05:00:00+00:00,1660.2072894503544,200361271674.1704,16655495316.037024
ethereum,2026-06-08 06:00:00+00:00,1651.9839475356955,199368841840.91867,16570466638.998035
ethereum,2026-06-08 07:00:00+00:00,1665.202602809546,200964128524.28696,15631051187.018044
ethereum,2026-06-08 08:00:00+00:00,1671.520124305997,201726555390.4387,16302274328.63603
ethereum,2026-06-08 09:00:00+00:00,1660.6781877999215,200418101801.7985,15313070886.79517
ethereum,2026-06-08 10:00:00+00:00,1669.645872306822,201500362241.92117,15867743742.426563
ethereum,2026-06-08 11:00:00+00:00,1670.9596175607123,201658910919.1845,15788528922.4395
ethereum,2026-06-08 12:00:00+00:00,1683.409708459764,203161443802.18304,16242552011.73539
ethereum,2026-06-08 13:00:00+00:00,1694.1742791035283,204460560531.10977,16132200392.096697
ethereum,2026-06-08 14:00:00+00:00,1681.9368776834106,202983695969.6165,17009250004.810764
ethereum,2026-06-08 15:00:00+00:00,1690.329990793375,203996614553.15936,17384146752.754272
ethereum,2026-06-08 16:00:00+00:00,1690.3879540534545,204003609819.6985,17757174385.37215
ethereum,2026-06-08 17:00:00+00:00,1683.2257332024983,203139240841.9042,17914905538.634075
ethereum,2026-06-08 18:00:00+00:00,1685.688824628607,203436497776.9393,18079573530.821712
ethereum,2026-06-08 19:00:00+00:00,1683.9130880580326,203222193912.7776,18237215691.10715
ethereum,2026-06-08 20:00:00+00:00,1684.5298394949589,203296626246.0137,18040317152.83637
ethereum,2026-06-08 21:00:00+00:00,1687.8713704316006,203699897206.24768,18134850523.492645
ethereum,2026-06-08 22:00:00+00:00,1705.4363847074767,205819722013.4587,18033481698.438885
ethereum,2026-06-08 23:00:00+00:00,1702.07023740788,205413480239.99136,17289655824.05335
ethereum,2026-06-09 00:00:00+00:00,1690.4950851700785,204016538883.978,17032455956.759356
ethereum,2026-06-09 01:00:00+00:00,1663.0293959613025,200701856161.979,16847870614.88816
ethereum,2026-06-09 02:00:00+00:00,1669.1016311050892,201434579792.05872,16569909481.420456
ethereum,2026-06-09 03:00:00+00:00,1667.003028095402,201181311082.99463,16595259665.772924
ethereum,2026-06-09 04:00:00+00:00,1668.5610896833932,201369344858.4211,16512741351.366417
ethereum,2026-06-09 05:00:00+00:00,1686.5849492576697,203544544086.50623,16697693956.064562
ethereum,2026-06-09 06:00:00+00:00,1687.7437111441093,203684388604.85324,16509594231.774168
ethereum,2026-06-09 07:00:00+00:00,1685.6673880744818,203433808737.6668,16427152137.130457
ethereum,2026-06-09 08:00:00+00:00,1678.845012129811,202610454182.14563,15601041840.119884
ethereum,2026-06-09 09:00:00+00:00,1674.457947014948,202081003727.2037,16101270852.21674
ethereum,2026-06-09 10:00:00+00:00,1670.1941006517204,201566423857.12955,15841678113.752178
ethereum,2026-06-09 11:00:00+00:00,1674.170634894561,202046329627.57983,15768599764.63596
ethereum,2026-06-09 12:00:00+00:00,1671.3000299474918,201699892304.36,14739476333.026022
ethereum,2026-06-09 13:00:00+00:00,1674.4130116189244,202075580724.52545,14796722941.701193
ethereum,2026-06-09 14:00:00+00:00,1667.9698957335406,201297996953.2697,14458816719.95452
ethereum,2026-06-09 15:00:00+00:00,1642.960201858299,198279716291.02396,14743106540.53196
ethereum,2026-06-09 16:00:00+00:00,1636.0279502484104,197443101453.42047,14068112010.815786
ethereum,2026-06-09 17:00:00+00:00,1630.8910587519354,196823158628.64185,15446355188.889635
ethereum,2026-06-09 18:00:00+00:00,1641.4776895019545,198100800131.5933,15265620111.278751
ethereum,2026-06-09 19:00:00+00:00,1650.573255666416,199198493354.202,15326680212.836147
ethereum,2026-06-09 20:00:00+00:00,1655.9365049066353,199845754034.37305,15271329251.132414
ethereum,2026-06-09 21:00:00+00:00,1659.6888423306525,200298602739.4243,15210356467.273409
ethereum,2026-06-09 22:00:00+00:00,1649.1515345829832,199026913754.92188,14776831924.41853
ethereum,2026-06-09 23:00:00+00:00,1639.2219180309023,197828563636.27725,13920454173.521416
ethereum,2026-06-10 00:00:00+00:00,1638.7504135601862,197771660387.75195,14438363030.352571
ethereum,2026-06-10 01:00:00+00:00,1643.5621797625645,198352285356.85776,13243816439.091694
ethereum,2026-06-10 02:00:00+00:00,1638.693898448004,197764759836.74472,13672594016.718555
ethereum,2026-06-10 03:00:00+00:00,1623.4405239486705,195923915767.31985,13689549431.696238
ethereum,2026-06-10 04:00:00+00:00,1630.001872199427,196715768023.7084,13364586880.27958
ethereum,2026-06-10 05:00:00+00:00,1624.4627762826244,196047285658.12646,13189009409.272411
ethereum,2026-06-10 06:00:00+00:00,1626.654537586382,196311797015.78003,13125345505.310266
ethereum,2026-06-10 07:00:00+00:00,1631.2442934986502,196865708869.94556,12786721076.146145
ethereum,2026-06-10 08:00:00+00:00,1639.2320540177732,197829706808.91016,12677885181.47086
ethereum,2026-06-10 09:00:00+00:00,1620.949929645879,195623339933.9633,12535186540.088964
ethereum,2026-06-10 10:00:00+00:00,1621.9094417922392,195739138064.026,12922855828.74742
ethereum,2026-06-10 11:00:00+00:00,1627.097428318487,196365247009.9196,12430660691.123268
ethereum,2026-06-10 12:00:00+00:00,1619.3630431713725,195431827521.04947,13141282338.26314
ethereum,2026-06-10 13:00:00+00:00,1634.6736826722245,197279582581.77237,13207651961.638636
ethereum,2026-06-10 14:00:00+00:00,1650.766025304118,199221677001.49356,12717873598.535383
ethereum,2026-06-10 15:00:00+00:00,1644.922615222872,198516468669.15048,11929530842.10398
ethereum,2026-06-10 16:00:00+00:00,1656.313645450019,199891188108.3932,12605288435.26511
ethereum,2026-06-10 17:00:00+00:00,1640.8228582060538,198021692028.68823,12016164448.231184
ethereum,2026-06-10 18:00:00+00:00,1630.7810871200093,196809807094.56604,12050550917.351477
ethereum,2026-06-10 19:00:00+00:00,1628.9450483129594,196588225886.46423,12307830227.502674
ethereum,2026-06-10 20:00:00+00:00,1629.1039306236853,196607400499.88824,12218580394.491133
ethereum,2026-06-10 21:00:00+00:00,1628.984062755208,196592934320.30212,12254125245.34962
ethereum,2026-06-10 22:00:00+00:00,1610.0072809867058,194302733146.9918,12379248623.299871
ethereum,2026-06-10 23:00:00+00:00,1615.7472244016508,194995454668.6916,12697041572.208923
ethereum,2026-06-11 00:00:00+00:00,1620.917390707054,195619412992.2519,12687812229.500313
ethereum,2026-06-11 01:00:00+00:00,1628.283462273038,196508382784.33252,12740026095.72905
ethereum,2026-06-11 02:00:00+00:00,1642.636572549217,198240486048.641,12564418644.2232
ethereum,2026-06-11 03:00:00+00:00,1640.4424339752186,197975687915.78772,12535563673.784595
ethereum,2026-06-11 04:00:00+00:00,1653.9774392295328,199609150889.3548,12928545944.650194
ethereum,2026-06-11 05:00:00+00:00,1655.4702168815334,199789305752.7253,12552279005.712015
ethereum,2026-06-11 06:00:00+00:00,1646.8024104456229,198743237383.40625,12952564881.268911
ethereum,2026-06-11 07:00:00+00:00,1654.3797202467515,199657699902.3953,13265061951.62925
ethereum,2026-06-11 08:00:00+00:00,1653.4133355004317,199541072411.5541,13193365485.103807
ethereum,2026-06-11 09:00:00+00:00,1659.1492401199844,200233306189.0744,13146739345.642525
ethereum,2026-06-11 10:00:00+00:00,1658.3091325625337,200131918375.54016,12920113814.924618
ethereum,2026-06-11 11:00:00+00:00,1658.5098884747354,200156146467.30252,12949299664.78204
ethereum,2026-06-11 12:00:00+00:00,1665.8339479425683,201040045640.75092,12847621319.526333
ethereum,2026-06-11 13:00:00+00:00,1650.3223854155456,199168043186.8188,12727943387.181835
ethereum,2026-06-11 14:00:00+00:00,1652.3765624308007,199415950153.4232,11785879975.516264
ethereum,2026-06-11 15:00:00+00:00,1643.3689284806264,198328869929.9142,12258656517.465763
ethereum,2026-06-11 16:00:00+00:00,1643.045217990477,198289803147.9013,11895334085.61609
ethereum,2026-06-11 17:00:00+00:00,1639.0274504803162,197804921587.7588,11574494646.060398
ethereum,2026-06-11 18:00:00+00:00,1684.0117841004585,203233825528.20364,12010463148.243645
ethereum,2026-06-11 19:00:00+00:00,1682.2166283811875,203017178371.8768,12882665047.627138
ethereum,2026-06-11 20:00:00+00:00,1680.1818927690304,202771617677.8832,12423129203.88606
ethereum,2026-06-11 21:00:00+00:00,1671.009389814969,201664640349.9196,13015024093.078732
ethereum,2026-06-11 22:00:00+00:00,1675.7829787970236,202240737714.2504,12813952963.656227
ethereum,2026-06-11 23:00:00+00:00,1675.752943668233,202237112945.00476,12832487613.31758
ethereum,2026-06-12 00:00:00+00:00,1671.86904676229,201768387468.37537,12635592497.522842
ethereum,2026-06-12 01:00:00+00:00,1671.6358329533457,201740242217.25223,12584771326.52001
ethereum,2026-06-12 02:00:00+00:00,1665.373026748657,200984350319.34387,12482338346.187838
ethereum,2026-06-12 03:00:00+00:00,1674.0134726910212,202027116346.1156,12455073435.619982
ethereum,2026-06-12 04:00:00+00:00,1671.2122746851103,201689055772.12335,12093084206.04638
ethereum,2026-06-12 05:00:00+00:00,1675.7271498859009,202233930250.35083,12078817362.064987
ethereum,2026-06-12 06:00:00+00:00,1663.0661297159145,200705944104.08017,11929914224.796753
ethereum,2026-06-12 07:00:00+00:00,1655.4933670549176,199792030669.0136,11826041133.53851
ethereum,2026-06-12 08:00:00+00:00,1660.9551188072692,200451178265.33023,11858202139.006508
ethereum,2026-06-12 09:00:00+00:00,1672.0199702367818,201786531930.97852,12077539997.626123
ethereum,2026-06-12 10:00:00+00:00,1678.1039808274722,202520776389.28665,12146213984.648708
ethereum,2026-06-12 11:00:00+00:00,1673.483217832392,201963122918.48492,12144424970.35004
ethereum,2026-06-12 12:00:00+00:00,1672.5517381677528,201850707962.6605,11947526009.236517
ethereum,2026-06-12 13:00:00+00:00,1665.2439362111452,200968771120.33112,11427044790.571651
ethereum,2026-06-12 14:00:00+00:00,1655.5885879739294,199803522337.3888,11365066611.695532
ethereum,2026-06-12 15:00:00+00:00,1683.5446243244107,203177376550.925,11609425421.939856
ethereum,2026-06-12 16:00:00+00:00,1659.4586859687154,200270582340.55988,12289475630.623411
ethereum,2026-06-12 17:00:00+00:00,1671.5506600119245,201729893562.80145,12541290397.827587
ethereum,2026-06-12 18:00:00+00:00,1668.4699730771615,201358103067.7137,11422564022.388664
ethereum,2026-06-12 19:00:00+00:00,1666.5907403437775,201131309211.95197,11198780628.976568
ethereum,2026-06-12 20:00:00+00:00,1665.7828869463158,201033814003.59067,10855771458.46602
ethereum,2026-06-12 21:00:00+00:00,1664.142331633128,200835824761.24792,10594584441.273136
ethereum,2026-06-12 22:00:00+00:00,1663.970411357977,200815076686.04013,10440378487.838083
ethereum,2026-06-12 23:00:00+00:00,1661.9999063724306,200577267703.93225,10358962057.92752
ethereum,2026-06-13 00:00:00+00:00,1665.5551249935477,201006326715.53604,10271188237.766333
ethereum,2026-06-13 01:00:00+00:00,1667.530640844314,201244740430.32227,10140727457.872032
ethereum,2026-06-13 02:00:00+00:00,1673.2744643189951,201937853498.1216,10090081180.471355
ethereum,2026-06-13 03:00:00+00:00,1666.723917472738,201147305744.2536,10173784586.69745
ethereum,2026-06-13 04:00:00+00:00,1664.6688083639615,200899286467.6912,10030315530.798187
ethereum,2026-06-13 05:00:00+00:00,1664.4004776929348,200866903185.1573,9812249011.482908
ethereum,2026-06-13 06:00:00+00:00,1664.4047696026907,200867421151.01523,9697114382.981869
ethereum,2026-06-13 07:00:00+00:00,1668.5833253720791,201371706969.5022,9509442309.25034
ethereum,2026-06-13 08:00:00+00:00,1676.42017065073,202317490669.3757,9523107896.305328
ethereum,2026-06-13 09:00:00+00:00,1673.8899255600331,202012129968.9438,9283372518.807362
ethereum,2026-06-13 10:00:00+00:00,1673.2913237118134,201939888161.09503,9132093076.30491
ethereum,2026-06-13 11:00:00+00:00,1673.4686239588314,201961285506.2832,8957392867.246452
ethereum,2026-06-13 12:00:00+00:00,1677.2209092123014,202414127192.4239,8961836220.255623
ethereum,2026-06-13 13:00:00+00:00,1680.311507100453,202787113643.1632,8990812748.500298
ethereum,2026-06-13 14:00:00+00:00,1678.129084141301,202523729591.5961,8519878212.093158
ethereum,2026-06-13 15:00:00+00:00,1679.5483209752472,202695009107.27863,7945617854.699893
ethereum,2026-06-13 16:00:00+00:00,1681.4008807226244,202918583868.52655,7137539947.237307
ethereum,2026-06-13 17:00:00+00:00,1676.6081868788424,202340181264.5755,6908765462.360269
ethereum,2026-06-13 18:00:00+00:00,1673.4747788303484,201962028302.26147,6721203714.17841
ethereum,2026-06-13 19:00:00+00:00,1678.011881167556,202509585040.03183,6570513788.875798
ethereum,2026-06-13 20:00:00+00:00,1678.4903080966146,202567323629.3488,6414170176.207637
ethereum,2026-06-13 21:00:00+00:00,1676.5873589832895,202337667665.874,6288405908.249387
ethereum,2026-06-13 22:00:00+00:00,1686.0012797113864,203473779514.45047,6418351544.758388
ethereum,2026-06-13 23:00:00+00:00,1682.3425850155918,203032232733.43604,6405549803.631815
ethereum,2026-06-14 00:00:00+00:00,1680.3055520030994,202786394956.7776,6441342040.178422
ethereum,2026-06-14 01:00:00+00:00,1684.158705691964,203251409873.1705,6404796062.746586
ethereum,2026-06-14 02:00:00+00:00,1684.3044111843583,203268945772.2765,6328692949.029149
ethereum,2026-06-14 03:00:00+00:00,1683.0747148938258,203120540848.0022,6278321756.688292
ethereum,2026-06-14 04:00:00+00:00,1681.827738540817,202970050493.05453,6242052144.889658
ethereum,2026-06-14 05:00:00+00:00,1677.0519828803658,202393692198.24768,6274082890.7175
ethereum,2026-06-14 06:00:00+00:00,1678.447168046126,202562069016.54608,6329289444.981571
ethereum,2026-06-14 07:00:00+00:00,1675.9853335263433,202264964464.55472,6407694078.618418
ethereum,2026-06-14 08:00:00+00:00,1675.327163896881,202185533783.3597,6240327283.601292
ethereum,2026-06-14 09:00:00+00:00,1675.918282400249,202256872452.43176,6091514638.140151
ethereum,2026-06-14 10:00:00+00:00,1678.6594645890211,202587689856.9232,6306079937.508085
ethereum,2026-06-14 11:00:00+00:00,1673.7838288131245,201999277609.3775,6273106484.480698
ethereum,2026-06-14 12:00:00+00:00,1673.759753267567,201996372071.20288,6216487490.710447
ethereum,2026-06-14 13:00:00+00:00,1667.11598687023,201194574377.99707,6091359549.916671
ethereum,2026-06-14 14:00:00+00:00,1665.8624631031637,201043293853.56213,6034332823.388323
ethereum,2026-06-14 15:00:00+00:00,1657.9263018255288,200085524506.3636,6316115851.1161785
ethereum,2026-06-14 16:00:00+00:00,1661.6339277755817,200532976411.83908,6242323755.633616
ethereum,2026-06-14 17:00:00+00:00,1661.927691277585,200568429027.74515,6064933264.554804
ethereum,2026-06-14 18:00:00+00:00,1661.6981107930733,200540722288.54367,6125713535.525343
ethereum,2026-06-14 19:00:00+00:00,1661.6406849169605,200533791892.10223,6009079668.242728
ethereum,2026-06-14 20:00:00+00:00,1664.7502442306454,200909066598.56976,6017666063.233562
ethereum,2026-06-14 21:00:00+00:00,1669.498275215365,201482078962.813,6223300401.711763
ethereum,2026-06-14 22:00:00+00:00,1719.2035460856123,207480720266.62344,7502041447.465983
ethereum,2026-06-14 23:00:00+00:00,1721.434452251985,207749955412.92136,8269078177.763508
ethereum,2026-06-15 00:00:00+00:00,1725.448928079916,208234439253.2255,8722419528.693426
ethereum,2026-06-15 01:00:00+00:00,1720.3742340854562,207622003822.00476,8991291046.484621
ethereum,2026-06-15 02:00:00+00:00,1715.0502234149876,206979434814.49445,9388753489.27625
ethereum,2026-06-15 03:00:00+00:00,1716.3059356793,207130979423.0479,9419786317.274866
ethereum,2026-06-15 04:00:00+00:00,1718.8242218437765,207434896731.0709,9826614260.923658
ethereum,2026-06-15 05:00:00+00:00,1716.4894832737864,207153130714.50848,10015846380.09266
ethereum,2026-06-15 06:00:00+00:00,1719.9433573615213,207569958686.5642,9975204858.437357
ethereum,2026-06-15 07:00:00+00:00,1719.3461419626008,207497884234.14093,10069461789.814096
ethereum,2026-06-15 08:00:00+00:00,1715.7543619206235,207064413194.6829,10205747692.55344
ethereum,2026-06-15 09:00:00+00:00,1719.866249550474,207560652993.39413,10384123731.493216
ethereum,2026-06-15 10:00:00+00:00,1717.48341861709,207273082989.2527,10353821227.082272
ethereum,2026-06-15 11:00:00+00:00,1736.765120670608,209600079446.1564,11206280076.065466
ethereum,2026-06-15 12:00:00+00:00,1763.9804190963673,212884535498.56,12301172276.329851
ethereum,2026-06-15 13:00:00+00:00,1776.1138015548067,214348842846.15182,13398241201.161648
ethereum,2026-06-15 14:00:00+00:00,1813.1372116016023,218816982835.156,15640465114.46272
ethereum,2026-06-15 15:00:00+00:00,1813.230217373348,218828207160.7226,15929550752.48348
ethereum,2026-06-15 16:00:00+00:00,1843.4308580705613,222472946805.77985,17294404824.9054
ethereum,2026-06-15 17:00:00+00:00,1842.4018756247067,222348764900.10187,17936836854.291737
ethereum,2026-06-15 18:00:00+00:00,1827.8641973347171,220594297074.67255,17668106178.984394
ethereum,2026-06-15 19:00:00+00:00,1827.659098563784,220569544897.09235,17938346372.13464
ethereum,2026-06-15 20:00:00+00:00,1819.6145120347312,219598690545.20975,18984264609.6495
ethereum,2026-06-15 21:00:00+00:00,1815.2180294016996,219068104631.08725,19116334158.293427
ethereum,2026-06-15 22:00:00+00:00,1810.6001982875907,218510805456.3938,17952288321.988003
ethereum,2026-06-15 23:00:00+00:00,1789.0124123847863,215905501154.48148,16693293916.351488
ethereum,2026-06-16 00:00:00+00:00,1794.9576599037732,216622998493.3419,17421141494.745083
ethereum,2026-06-16 01:00:00+00:00,1789.2202242069525,215930580754.43283,17292374540.599834
ethereum,2026-06-16 02:00:00+00:00,1792.0586420314992,216273001324.5776,17120405676.763336
ethereum,2026-06-16 03:00:00+00:00,1769.2656840586517,213522253489.5265,16614210177.078524
ethereum,2026-06-16 04:00:00+00:00,1778.448886482509,214630520096.0965,17356936090.262745
ethereum,2026-06-16 05:00:00+00:00,1760.0544527252737,212410604238.97165,17361651379.09667
ethereum,2026-06-16 06:00:00+00:00,1761.5964109715464,212596694096.757,17567302387.608173
ethereum,2026-06-16 07:00:00+00:00,1770.7636562773964,213703034932.75067,17845527765.188175
ethereum,2026-06-16 08:00:00+00:00,1773.0129793498993,213974492484.6572,17991453511.38379
ethereum,2026-06-16 09:00:00+00:00,1801.516049723896,217414360149.79224,18390314877.158813
ethereum,2026-06-16 10:00:00+00:00,1789.2929638404366,215939227915.0194,18718421966.11095
ethereum,2026-06-16 11:00:00+00:00,1793.669934016273,216467458662.84985,18538643244.680305
ethereum,2026-06-16 12:00:00+00:00,1797.5744938376372,216938676987.74823,17533773270.434906
ethereum,2026-06-16 13:00:00+00:00,1813.7509771931807,218890921475.80505,17572658064.893574
ethereum,2026-06-16 14:00:00+00:00,1797.560637686584,216937004770.49777,16679886971.259165
ethereum,2026-06-16 15:00:00+00:00,1778.3735923320023,214621433288.59467,16920149904.530058
ethereum,2026-06-16 16:00:00+00:00,1781.8726793295416,215043717486.83704,16523850567.844193
ethereum,2026-06-16 17:00:00+00:00,1776.471639093665,214391897755.7798,15777964295.442774
ethereum,2026-06-16 18:00:00+00:00,1793.343031036712,216428006667.8797,14903918815.235111
ethereum,2026-06-16 19:00:00+00:00,1797.3379401243571,216910128713.5201,15745398705.271269
ethereum,2026-06-16 20:00:00+00:00,1793.236474131535,216415146942.67096,15750477446.29639
ethereum,2026-06-16 21:00:00+00:00,1795.7311305032158,216716212325.3112,15722384414.933155
ethereum,2026-06-16 22:00:00+00:00,1794.8202398967126,216606282303.6443,15530621174.335478
ethereum,2026-06-16 23:00:00+00:00,1794.9301846904225,216619550893.1636,14873084008.650097
ethereum,2026-06-17 00:00:00+00:00,1791.3886783051394,216192147348.88727,14895312465.041277
ethereum,2026-06-17 01:00:00+00:00,1792.6512420582276,216344518731.07288,14519720522.750946
ethereum,2026-06-17 02:00:00+00:00,1795.9525698932982,216742871570.81757,14840614845.121162
ethereum,2026-06-17 03:00:00+00:00,1793.6926363262326,216470133582.5787,14593279239.94081
ethereum,2026-06-17 04:00:00+00:00,1791.8710472096627,216250296788.12985,14309464021.00979
ethereum,2026-06-17 05:00:00+00:00,1792.951575371491,216380699328.0041,13941008502.318811
ethereum,2026-06-17 06:00:00+00:00,1792.4674896743586,216322277894.25266,13639064956.19766
ethereum,2026-06-17 07:00:00+00:00,1788.9164344751864,215893722088.3379,13621937658.262947
ethereum,2026-06-17 08:00:00+00:00,1783.7135098650192,215265811953.36093,13323078912.47258
ethereum,2026-06-17 09:00:00+00:00,1763.8084714503225,212863590838.4764,13185625518.582624
ethereum,2026-06-17 10:00:00+00:00,1770.7072831284606,213696167532.6565,12903630349.33139
ethereum,2026-06-17 11:00:00+00:00,1767.5882636343454,213319751555.4349,12547581597.396185
ethereum,2026-06-17 12:00:00+00:00,1762.9907506029876,212764904955.8057,12742909814.699694
ethereum,2026-06-17 13:00:00+00:00,1757.7140430147665,212128090390.4976,12242878405.917988
ethereum,2026-06-17 14:00:00+00:00,1761.0170366690925,212526709118.7535,11951005700.924746
ethereum,2026-06-17 15:00:00+00:00,1754.8738759443404,211785327459.6137,11304289283.010971
ethereum,2026-06-17 16:00:00+00:00,1771.3930054913258,213778923300.55325,11361964411.77872
ethereum,2026-06-17 17:00:00+00:00,1771.4527958516128,213786139044.77615,11693344501.863297
ethereum,2026-06-17 18:00:00+00:00,1785.4972255593848,215481078028.94876,11768463229.220098
ethereum,2026-06-17 19:00:00+00:00,1770.0849762142518,213621064999.4131,12810728915.168797
ethereum,2026-06-17 20:00:00+00:00,1733.2180710981957,209171816720.40225,12782639688.858072
ethereum,2026-06-17 21:00:00+00:00,1745.1935036400164,210617060698.96176,13954682943.255358
ethereum,2026-06-17 22:00:00+00:00,1737.0923131084178,209639376027.10803,13307358982.808826
ethereum,2026-06-17 23:00:00+00:00,1739.7861013063202,209964473359.4121,14191372466.422226
ethereum,2026-06-18 00:00:00+00:00,1748.7549735206103,211046873391.0524,14238667168.314316
ethereum,2026-06-18 01:00:00+00:00,1751.4937589727124,211377401175.28012,14406187471.020445
ethereum,2026-06-18 02:00:00+00:00,1753.9395608656514,211672498666.7799,14348948479.877314
ethereum,2026-06-18 03:00:00+00:00,1754.6396720162418,211756990903.5117,14168151352.127052
ethereum,2026-06-18 04:00:00+00:00,1743.083503091309,210362345839.3747,14204505890.49907
ethereum,2026-06-18 05:00:00+00:00,1730.0160444096437,208785312233.3776,14363047189.19684
ethereum,2026-06-18 06:00:00+00:00,1729.1327876664548,208678717248.02765,14570014395.86756
ethereum,2026-06-18 07:00:00+00:00,1734.0688544738427,209274421694.18903,14724659274.7583
ethereum,2026-06-18 08:00:00+00:00,1747.6377016793767,210911964889.01016,14995964456.297691
ethereum,2026-06-18 09:00:00+00:00,1746.728058718129,210802185508.467,14943823768.164907
ethereum,2026-06-18 10:00:00+00:00,1744.9530616084485,210587971699.89825,14540569847.08435
ethereum,2026-06-18 11:00:00+00:00,1746.4176238296009,210764720974.34372,14931936204.572824
ethereum,2026-06-18 12:00:00+00:00,1741.9442906673253,210224861090.3689,15062885775.085705
ethereum,2026-06-18 13:00:00+00:00,1748.6487410399152,211033981195.8833,14787585787.228024
ethereum,2026-06-18 14:00:00+00:00,1733.6834880932622,209227914125.45648,14503333539.910738
ethereum,2026-06-18 15:00:00+00:00,1738.0888345289925,209759569097.127,14404835372.710646
ethereum,2026-06-18 16:00:00+00:00,1680.712158063787,202835120419.66443,14699429983.84284
ethereum,2026-06-18 17:00:00+00:00,1685.509716688187,203414109139.7922,15157923869.976624
ethereum,2026-06-18 18:00:00+00:00,1677.5379088135223,202452039220.52487,15324952155.918636
ethereum,2026-06-18 19:00:00+00:00,1683.2870716914947,203145871379.1553,14290797426.439268
ethereum,2026-06-18 20:00:00+00:00,1703.6062317388987,205598069547.21616,12754550425.354889
ethereum,2026-06-18 21:00:00+00:00,1709.154596911161,206267668629.03903,13188458515.764317
ethereum,2026-06-18 22:00:00+00:00,1707.0393830813173,206012396094.81528,13273318742.03532
ethereum,2026-06-18 23:00:00+00:00,1705.6649484409968,205846523780.2486,13148335247.5335
ethereum,2026-06-19 00:00:00+00:00,1710.079110757131,206379242687.9148,13166567999.261671
ethereum,2026-06-19 01:00:00+00:00,1712.5122165868966,206672879710.53436,13084279746.596458
ethereum,2026-06-19 02:00:00+00:00,1711.8590388891555,206593946835.23807,13009971059.359217
ethereum,2026-06-19 03:00:00+00:00,1705.976683537281,205884040831.7509,12916748274.593529
ethereum,2026-06-19 04:00:00+00:00,1696.590869176308,204751323482.33963,13124972152.077066
ethereum,2026-06-19 05:00:00+00:00,1688.0859395784105,203724914804.248,12924003782.845243
ethereum,2026-06-19 06:00:00+00:00,1695.9464670227655,204673554471.44263,12805671363.4274
ethereum,2026-06-19 07:00:00+00:00,1699.690377460906,205125384450.6885,12613569390.652643
ethereum,2026-06-19 08:00:00+00:00,1693.809747703528,204415686698.7978,12259329508.66948
ethereum,2026-06-19 09:00:00+00:00,1695.7572588565456,204650720078.5722,12596189203.065216
ethereum,2026-06-19 10:00:00+00:00,1688.0760052762284,203723715893.2102,11785604401.181816
ethereum,2026-06-19 11:00:00+00:00,1691.483070322254,204134894032.87732,12312570193.157013
ethereum,2026-06-19 12:00:00+00:00,1690.870511218992,204060967967.74124,12123260287.564495
ethereum,2026-06-19 13:00:00+00:00,1692.907252049879,204306769939.384,12170717816.304447
ethereum,2026-06-19 14:00:00+00:00,1702.7608181919188,205495937431.23956,12167585927.0059
ethereum,2026-06-19 15:00:00+00:00,1705.1439096795712,205783538375.5457,11939364240.795237
ethereum,2026-06-19 16:00:00+00:00,1705.9620838261312,205882278880.632,10630345170.459345
ethereum,2026-06-19 17:00:00+00:00,1696.4096523042372,204729453510.5816,10051780543.010857
ethereum,2026-06-19 18:00:00+00:00,1702.9358683799785,205517063183.0824,9731006758.036549
ethereum,2026-06-19 19:00:00+00:00,1701.667365751136,205363975248.43945,9487493723.868591
ethereum,2026-06-19 20:00:00+00:00,1700.0052891417251,205163389242.88632,9213707588.305355
ethereum,2026-06-19 21:00:00+00:00,1707.4677887201624,206063993326.59995,9001310137.810549
ethereum,2026-06-19 22:00:00+00:00,1700.4943951679372,205222416500.4353,8806789647.7882
ethereum,2026-06-19 23:00:00+00:00,1706.9164496918545,205997455543.22244,8746016565.182253
ethereum,2026-06-20 00:00:00+00:00,1708.87855388619,206234250069.17407,8744393544.88749
ethereum,2026-06-20 01:00:00+00:00,1707.7157539927566,206093918760.4,8759950641.568539
ethereum,2026-06-20 02:00:00+00:00,1708.8294896187788,206228269139.10443,8733855156.433537
ethereum,2026-06-20 03:00:00+00:00,1704.6322733618854,205721732560.04837,8605008371.30338
ethereum,2026-06-20 04:00:00+00:00,1706.2780885968616,205920356020.8991,8017603167.83286
ethereum,2026-06-20 05:00:00+00:00,1711.9093626097288,206599960334.7155,7866012574.537703
ethereum,2026-06-20 06:00:00+00:00,1724.3019529185397,208095546913.16708,8129236375.657505
ethereum,2026-06-20 07:00:00+00:00,1725.967050200827,208296497407.38577,8069191109.134453
ethereum,2026-06-20 08:00:00+00:00,1724.5020366576946,208119693806.3823,7877881602.485787
ethereum,2026-06-20 09:00:00+00:00,1721.4572703137355,207752239419.1176,7784969325.797158
ethereum,2026-06-20 10:00:00+00:00,1726.7597779592872,208392166913.62903,7720890841.533257
ethereum,2026-06-20 11:00:00+00:00,1725.3727045429698,208224769433.9192,7600608496.325378
ethereum,2026-06-20 12:00:00+00:00,1725.9248562581265,208291405276.29596,7513642732.397395
ethereum,2026-06-20 13:00:00+00:00,1725.7664227539235,208272284897.37933,6872660315.034797
ethereum,2026-06-20 14:00:00+00:00,1716.5006176435415,207154051064.39423,7132152750.533345
ethereum,2026-06-20 15:00:00+00:00,1731.8713488647395,209009051410.77597,7347286153.344916
ethereum,2026-06-20 16:00:00+00:00,1738.8411077953829,209850189353.0431,7636932185.283386
ethereum,2026-06-20 17:00:00+00:00,1732.4798720805468,209082490387.74188,7620145579.767612
ethereum,2026-06-20 18:00:00+00:00,1724.4487703976836,208113265424.45636,6907707110.461015
ethereum,2026-06-20 19:00:00+00:00,1724.5924028029428,208130599548.49203,6896648149.76819
ethereum,2026-06-20 20:00:00+00:00,1727.7207110579243,208508136102.41843,7073552230.9546585
ethereum,2026-06-20 21:00:00+00:00,1729.5570972171652,208729758412.5388,7895173364.852151
ethereum,2026-06-20 22:00:00+00:00,1734.6528041196716,209344728379.366,8204610443.156271
ethereum,2026-06-20 23:00:00+00:00,1742.6451638047265,210309277805.8589,8537321785.567352
ethereum,2026-06-21 00:00:00+00:00,1739.2769352743533,209902786728.71887,8660156114.59372
ethereum,2026-06-21 01:00:00+00:00,1735.8003039036587,209483213170.1112,8584440253.157478
ethereum,2026-06-21 02:00:00+00:00,1735.146914314793,209404300430.56503,8796718713.664055
ethereum,2026-06-21 03:00:00+00:00,1734.7570250406975,209357247071.55905,8897969612.221775
ethereum,2026-06-21 04:00:00+00:00,1736.8839529184982,209613933027.45288,9086293344.791857
ethereum,2026-06-21 05:00:00+00:00,1731.8673090261882,209008504866.81015,9080802938.992811
ethereum,2026-06-21 06:00:00+00:00,1731.26847611792,208936235374.702,8826654141.841856
ethereum,2026-06-21 07:00:00+00:00,1734.3203322848728,209304545285.7436,9025080949.518764
ethereum,2026-06-21 08:00:00+00:00,1731.1063564520516,208916670140.809,9270988356.079683
ethereum,2026-06-21 09:00:00+00:00,1727.513013699547,208483011515.65872,9439603458.898315
ethereum,2026-06-21 10:00:00+00:00,1730.52147900089,208846084847.72076,9638172707.373402
ethereum,2026-06-21 11:00:00+00:00,1729.7572339652957,208753852774.62317,9859188139.719711
ethereum,2026-06-21 12:00:00+00:00,1722.8948347069588,207925671653.986,9414319490.357796
ethereum,2026-06-21 13:00:00+00:00,1724.0920277682812,208070153584.25848,9768893676.285896
ethereum,2026-06-21 14:00:00+00:00,1723.168362641997,207958682072.53464,10127557003.85477
ethereum,2026-06-21 15:00:00+00:00,1725.44299100088,208233193098.8356,9662010791.588371
ethereum,2026-06-21 16:00:00+00:00,1728.8150839395444,208640150433.10065,8771554674.900333
ethereum,2026-06-21 17:00:00+00:00,1725.8732657522787,208285120334.8328,9306415681.160955
ethereum,2026-06-21 18:00:00+00:00,1725.897548959767,208288050927.0693,9385105363.403566
ethereum,2026-06-21 19:00:00+00:00,1732.9776857196562,209142509459.03912,9072479682.733831
ethereum,2026-06-21 20:00:00+00:00,1733.1438407523094,209162561696.7423,9500493971.045002
ethereum,2026-06-21 21:00:00+00:00,1720.639804258613,207653525780.0028,9440424677.71619
ethereum,2026-06-21 22:00:00+00:00,1717.0239423174105,207217149451.2871,9613865955.107525
ethereum,2026-06-21 23:00:00+00:00,1716.8266164679285,207193335397.7757,9453697288.329643
ethereum,2026-06-22 00:00:00+00:00,1704.9130137257484,205755555330.1328,9501777100.678152
ethereum,2026-06-22 01:00:00+00:00,1725.259185308223,208211010710.6076,9279319747.779634
ethereum,2026-06-22 02:00:00+00:00,1743.0012121439515,210352144061.18503,10565223278.645126
ethereum,2026-06-22 03:00:00+00:00,1736.4137373258643,209557142059.87875,10604054425.378675
ethereum,2026-06-22 04:00:00+00:00,1728.827705948903,208641630381.54984,10779093426.230091
ethereum,2026-06-22 05:00:00+00:00,1733.6686190255032,209225850540.3093,10913012438.588486
ethereum,2026-06-22 06:00:00+00:00,1734.8956364520848,209373931760.61115,11183057582.783604
ethereum,2026-06-22 07:00:00+00:00,1734.2435592579116,209295236556.6537,11558904741.070032
ethereum,2026-06-22 08:00:00+00:00,1744.8613080891682,210576627651.62076,11944386262.872517
ethereum,2026-06-22 09:00:00+00:00,1746.2809742765232,210747958471.29007,12359825870.96373
ethereum,2026-06-22 10:00:00+00:00,1744.8991252671692,210581191575.28265,13053628746.30228
ethereum,2026-06-22 11:00:00+00:00,1747.2604683697548,210866167616.052,12923104145.812967
ethereum,2026-06-22 12:00:00+00:00,1766.2370998137123,213156341072.89392,13446889556.861584
ethereum,2026-06-22 13:00:00+00:00,1762.239836037375,212673935782.59787,13650566917.637766
ethereum,2026-06-22 14:00:00+00:00,1774.3922400968754,214140535020.512,14275881902.783735
ethereum,2026-06-22 15:00:00+00:00,1752.7927058275484,211533819481.46356,14630086807.019888
ethereum,2026-06-22 16:00:00+00:00,1743.2419262048309,210381194367.323,14838794577.234386
ethereum,2026-06-22 17:00:00+00:00,1738.6074940550798,209821893127.3617,15192540393.121462
ethereum,2026-06-22 18:00:00+00:00,1738.352325746557,209791098426.5776,15231438499.175129
ethereum,2026-06-22 19:00:00+00:00,1731.336170906903,208944361658.23584,14591667792.194565
ethereum,2026-06-22 20:00:00+00:00,1733.2956872234834,209180843684.54987,14822483834.046469
ethereum,2026-06-22 21:00:00+00:00,1732.4092678214383,209073867154.37967,15372682947.178465
ethereum,2026-06-22 22:00:00+00:00,1730.5695787577438,208851846345.52548,14989425657.219564
ethereum,2026-06-22 23:00:00+00:00,1722.0136777096054,207819287035.00296,15034946585.077057
ethereum,2026-06-23 00:00:00+00:00,1725.1620208904676,208199241296.49207,14844534842.973106
ethereum,2026-06-23 01:00:00+00:00,1728.6662495901476,208622145202.19376,14659115472.752888
ethereum,2026-06-23 02:00:00+00:00,1728.4228331008767,208592697380.78436,14017699325.6225
ethereum,2026-06-23 03:00:00+00:00,1731.312474646996,208941430406.6535,13737712240.254185
ethereum,2026-06-23 04:00:00+00:00,1728.093023638212,208552894709.74725,13484456379.18849
ethereum,2026-06-23 05:00:00+00:00,1717.955571855322,207329468143.36304,13286625885.004677
ethereum,2026-06-23 06:00:00+00:00,1711.5516378743566,206556616826.33807,13118475523.648964
ethereum,2026-06-23 07:00:00+00:00,1690.842268041334,204057330637.91364,13102280847.578794
ethereum,2026-06-23 08:00:00+00:00,1681.9453898932568,202983621256.36948,12660008830.886536
ethereum,2026-06-23 09:00:00+00:00,1646.827920775248,198745510379.66345,13145780879.079544
ethereum,2026-06-23 10:00:00+00:00,1649.2925537467925,199042951740.50555,12596533083.894138
ethereum,2026-06-23 11:00:00+00:00,1651.3023350291437,199285499854.77625,12677101054.39546
ethereum,2026-06-23 12:00:00+00:00,1659.1189543281776,200228839454.76236,12412945429.168074
ethereum,2026-06-23 13:00:00+00:00,1653.2757206900717,199523655605.8473,12126265964.633797
ethereum,2026-06-23 14:00:00+00:00,1660.0375106729778,200339694357.8501,12125329493.30642
ethereum,2026-06-23 15:00:00+00:00,1660.7361041898705,200424003303.13287,11980725385.767847
ethereum,2026-06-23 16:00:00+00:00,1656.611839475463,199926271217.54868,11847989188.72785
ethereum,2026-06-23 17:00:00+00:00,1658.055439466949,200100490401.8803,11745824243.138058
ethereum,2026-06-23 18:00:00+00:00,1654.9562311956809,199726466059.7644,11615353241.347258
ethereum,2026-06-23 19:00:00+00:00,1653.2634158374756,199522170609.03708,11504102463.893358
ethereum,2026-06-23 20:00:00+00:00,1661.1073327815116,200468804593.53027,11405078093.168451
ethereum,2026-06-23 21:00:00+00:00,1661.1843229838655,200478096066.4693,11386471622.363382
ethereum,2026-06-23 22:00:00+00:00,1664.7585740075883,200909450390.11984,11321215388.073065
ethereum,2026-06-23 23:00:00+00:00,1662.962474680035,200692690233.7951,11058871521.365467
ethereum,2026-06-24 00:00:00+00:00,1665.7162407218393,201025025282.61243,11028765091.96417
ethereum,2026-06-24 01:00:00+00:00,1669.8721175696894,201526572441.71823,11024789622.041971
ethereum,2026-06-24 02:00:00+00:00,1671.9347078581611,201775407225.88132,11046151278.736872
ethereum,2026-06-24 03:00:00+00:00,1663.1974772805218,200720965177.67,11072556439.740429
ethereum,2026-06-24 04:00:00+00:00,1665.4750792242162,200995834798.79065,11161531502.742912
ethereum,2026-06-24 05:00:00+00:00,1667.6028519557908,201252622463.63165,11213033369.702078
ethereum,2026-06-24 06:00:00+00:00,1672.5972962787769,201855370903.74777,11112649366.035328
ethereum,2026-06-24 07:00:00+00:00,1673.1142947963726,201917764241.1985,10402956768.580933
ethereum,2026-06-24 08:00:00+00:00,1671.372441684873,201707550816.44656,10157358286.003834
ethereum,2026-06-24 09:00:00+00:00,1671.4302385918372,201714525965.8853,8972679438.273743
ethereum,2026-06-24 10:00:00+00:00,1666.2084701268311,201084343188.10468,8740034290.860518
ethereum,2026-06-24 11:00:00+00:00,1662.1762606181026,200597720886.5161,8662721856.829742
ethereum,2026-06-24 12:00:00+00:00,1677.7260761989494,202474331472.0647,8919251722.876816
ethereum,2026-06-24 13:00:00+00:00,1670.20603345295,201566784257.27316,8884942420.09864
ethereum,2026-06-24 14:00:00+00:00,1644.0817902471672,198414011731.8032,9166555616.954948
ethereum,2026-06-24 15:00:00+00:00,1645.9163792428596,198635416873.97665,9571121802.397266
ethereum,2026-06-24 16:00:00+00:00,1617.4613021707255,195201350497.5276,10032172214.819502
ethereum,2026-06-24 17:00:00+00:00,1588.9287607368651,191757935428.7768,10754742627.633083
ethereum,2026-06-24 18:00:00+00:00,1559.6426216584896,188223573344.63583,12048374065.03624
ethereum,2026-06-24 19:00:00+00:00,1570.411274991768,189523175177.99945,12746036900.684853
ethereum,2026-06-24 20:00:00+00:00,1581.5908521609222,190872368854.83203,13182767063.339426
ethereum,2026-06-24 21:00:00+00:00,1611.7657353612803,194513987942.6644,13594816242.370802
ethereum,2026-06-24 22:00:00+00:00,1619.9944666512054,195507062372.64853,14425492488.343727
ethereum,2026-06-24 23:00:00+00:00,1613.6340492936224,194739463137.8094,14497659554.967691
ethereum,2026-06-25 00:00:00+00:00,1620.643408295383,195585379105.89435,14564492017.893734
ethereum,2026-06-25 01:00:00+00:00,1616.5781551262974,195094768970.33505,14673308743.44614
ethereum,2026-06-25 02:00:00+00:00,1618.9923919331172,195386002910.2928,14672292787.829067
ethereum,2026-06-25 03:00:00+00:00,1618.8725298747413,195371537512.80023,14642787391.64119
ethereum,2026-06-25 04:00:00+00:00,1617.7885932686754,195240724025.39752,14583766108.345669
ethereum,2026-06-25 05:00:00+00:00,1631.672401395006,196916273452.61755,14823212800.018618
ethereum,2026-06-25 06:00:00+00:00,1643.740664024867,198372716119.71667,15622263424.02691
ethereum,2026-06-25 07:00:00+00:00,1651.57592022148,199318303880.1424,15979970949.51138
ethereum,2026-06-25 08:00:00+00:00,1655.087525700247,199742097445.6421,16209527174.641394
ethereum,2026-06-25 09:00:00+00:00,1650.3131770597606,199165911354.8284,16198146673.921398
ethereum,2026-06-25 10:00:00+00:00,1647.223110104712,198792990620.8705,16262324233.084091
ethereum,2026-06-25 11:00:00+00:00,1634.788167358769,197292295638.20468,16275059482.73022
ethereum,2026-06-25 12:00:00+00:00,1631.1669637007951,196855275358.1953,16322974495.467537
ethereum,2026-06-25 13:00:00+00:00,1634.1020709476427,197209494980.1848,16543292457.985071
ethereum,2026-06-25 14:00:00+00:00,1538.0830779416967,185621566994.617,16241846638.074575
ethereum,2026-06-25 15:00:00+00:00,1567.3603267959525,189154853907.11008,18378291953.174374
ethereum,2026-06-25 16:00:00+00:00,1568.177258157029,189253444211.8503,18596456983.72144
ethereum,2026-06-25 17:00:00+00:00,1560.024469734897,188269535485.46545,17769235163.71208
ethereum,2026-06-25 18:00:00+00:00,1572.4011364416867,189763197499.7169,16909165920.38775
ethereum,2026-06-25 19:00:00+00:00,1565.395548175775,188917737140.46384,16366653025.002983
ethereum,2026-06-25 20:00:00+00:00,1557.118778836386,187918865937.42947,16161711181.581043
ethereum,2026-06-25 21:00:00+00:00,1558.4143927066557,188075225421.69168,15628361643.42196
ethereum,2026-06-25 22:00:00+00:00,1578.5510004374353,190505385882.16907,15776742104.605804
ethereum,2026-06-25 23:00:00+00:00,1568.5689389882375,189300713706.38763,15693308065.838873
ethereum,2026-06-26 00:00:00+00:00,1566.008129751952,188991665755.70743,15715979048.939772
ethereum,2026-06-26 01:00:00+00:00,1563.569387256158,188697349271.72968,15598262179.991713
ethereum,2026-06-26 02:00:00+00:00,1558.2168592770824,188051203487.30707,15567179082.711502
ethereum,2026-06-26 03:00:00+00:00,1524.0685410681056,183930061877.24588,16205127913.864573
ethereum,2026-06-26 04:00:00+00:00,1555.0171133796118,187665046667.5483,17006826303.21787
ethereum,2026-06-26 05:00:00+00:00,1547.5936638857816,186769158137.63617,17256585538.37003
ethereum,2026-06-26 06:00:00+00:00,1554.0436673057968,187547567701.36908,16874242954.41189
ethereum,2026-06-26 07:00:00+00:00,1568.4759366267897,189289305764.78903,17103555559.425243
ethereum,2026-06-26 08:00:00+00:00,1579.4622792702178,190615177028.29156,17682118217.515114
ethereum,2026-06-26 09:00:00+00:00,1564.2400112383643,188778099084.90143,17960311438.37667
ethereum,2026-06-26 10:00:00+00:00,1551.068913133961,187188563690.623,18022834356.805145
ethereum,2026-06-26 11:00:00+00:00,1546.48325382836,186635149866.31027,17971161163.862045
ethereum,2026-06-26 12:00:00+00:00,1543.4031117083337,186263427259.70752,17944879802.69933
ethereum,2026-06-26 13:00:00+00:00,1535.0814016267295,185259133417.935,17747963214.500393
ethereum,2026-06-26 14:00:00+00:00,1566.425848955604,189041893826.2481,17366534406.99015
ethereum,2026-06-26 15:00:00+00:00,1559.3195034926073,188184274548.9589,16372791434.481876
ethereum,2026-06-26 16:00:00+00:00,1578.0362127294622,190443074199.57077,16139640993.819244
ethereum,2026-06-26 17:00:00+00:00,1575.3069585613543,190113698010.44797,15955112217.78486
ethereum,2026-06-26 18:00:00+00:00,1579.8737166055869,190664830762.69635,15310506977.98412
ethereum,2026-06-26 19:00:00+00:00,1570.643682676447,189550917138.75537,15639823158.468758
ethereum,2026-06-26 20:00:00+00:00,1576.1621475454788,190216905286.58307,15686630256.667616
ethereum,2026-06-26 21:00:00+00:00,1569.024094467176,189355459420.4705,15710642974.554268
ethereum,2026-06-26 22:00:00+00:00,1573.6297203838772,189911282887.07697,15601537960.912554
ethereum,2026-06-26 23:00:00+00:00,1575.497959055807,190136748635.6769,15450154465.714828
ethereum,2026-06-27 00:00:00+00:00,1576.9176481850786,190308081815.48935,15385677746.031172
ethereum,2026-06-27 01:00:00+00:00,1575.292876629052,190111878317.3441,15208606225.09844
ethereum,2026-06-27 02:00:00+00:00,1574.5033553437256,190016596115.06168,14908082221.804377
ethereum,2026-06-27 03:00:00+00:00,1582.115532619448,190935260410.0904,14191524438.85471
ethereum,2026-06-27 04:00:00+00:00,1579.1422485542382,190576434044.02597,13281954125.958183
ethereum,2026-06-27 05:00:00+00:00,1578.2832214937412,190472763640.62387,13086500526.775051
ethereum,2026-06-27 06:00:00+00:00,1577.295254715013,190353532339.0636,12845600907.3014
ethereum,2026-06-27 07:00:00+00:00,1580.97349957314,190797435850.1275,12514217617.373075
ethereum,2026-06-27 08:00:00+00:00,1583.3779340909373,191087611454.45557,11769797948.737404
ethereum,2026-06-27 09:00:00+00:00,1582.242960033269,190950638798.03973,11249444948.784512
ethereum,2026-06-27 10:00:00+00:00,1580.7514558759788,190770638836.71997,10894528101.85592
ethereum,2026-06-27 11:00:00+00:00,1582.2280160814632,190948835309.43808,10594167954.740088
ethereum,2026-06-27 12:00:00+00:00,1582.1778218491186,190942777693.1476,10259064800.284023
ethereum,2026-06-27 13:00:00+00:00,1584.1061309346233,191175492807.68945,9600601853.967749
ethereum,2026-06-27 14:00:00+00:00,1589.8305313606406,191866333560.7814,8777123363.67601
ethereum,2026-06-27 15:00:00+00:00,1592.6236815148147,192203420733.656,7967691101.283023
ethereum,2026-06-27 16:00:00+00:00,1602.847758191288,193437298223.9067,7514292138.734156
ethereum,2026-06-27 17:00:00+00:00,1603.6269354630508,193531332074.29395,7025813437.187486
ethereum,2026-06-27 18:00:00+00:00,1590.5636071686345,191954803724.5677,6886398992.092002
ethereum,2026-06-27 19:00:00+00:00,1591.6052518017868,192080513058.16888,6713171880.792053
ethereum,2026-06-27 20:00:00+00:00,1576.7985282463624,190293585643.83875,6642505477.602658
ethereum,2026-06-27 21:00:00+00:00,1579.090838064183,190570229645.4822,6328437413.362218
ethereum,2026-06-27 22:00:00+00:00,1574.7406760007236,190045236805.64996,6347729604.840949
ethereum,2026-06-27 23:00:00+00:00,1577.784166871165,190412535975.6046,6450542768.149994
ethereum,2026-06-28 00:00:00+00:00,1571.9371269098212,189706894652.5597,6488596779.477047
ethereum,2026-06-28 01:00:00+00:00,1573.523875063657,189898356417.10013,6419797730.0412245
ethereum,2026-06-28 02:00:00+00:00,1573.1433136245464,189852428933.60397,6481350191.754486
ethereum,2026-06-28 03:00:00+00:00,1570.9572457906947,189588606633.0698,6427070567.206589
ethereum,2026-06-28 04:00:00+00:00,1572.9913971281924,189834095120.29013,5707041785.792102
ethereum,2026-06-28 05:00:00+00:00,1572.9509297541438,189829211376.26685,6217308750.357231
ethereum,2026-06-28 06:00:00+00:00,1568.376167450161,189277113085.1048,6285375554.426564
ethereum,2026-06-28 07:00:00+00:00,1567.3551112629457,189153888458.62503,6320810210.893712
ethereum,2026-06-28 08:00:00+00:00,1574.8202773259104,190054810769.49905,6347452315.223779
ethereum,2026-06-28 09:00:00+00:00,1580.5626048409233,190747814907.78424,6448174130.435277
ethereum,2026-06-28 10:00:00+00:00,1577.536959503749,190382669462.11548,6497440873.229946
ethereum,2026-06-28 11:00:00+00:00,1575.9017296062054,190185324207.4113,6548706280.623915
ethereum,2026-06-28 12:00:00+00:00,1580.9578146681615,190795510209.91583,6555527882.246881
ethereum,2026-06-28 13:00:00+00:00,1580.7161083568217,190766340248.159,6567725536.376278
ethereum,2026-06-28 14:00:00+00:00,1578.1383466553891,190455246963.7834,6551060758.742165
ethereum,2026-06-28 15:00:00+00:00,1580.3609318856063,190723476311.23965,6489176107.211844
ethereum,2026-06-28 16:00:00+00:00,1578.700357890013,190523072442.27423,6236075372.20869
ethereum,2026-06-28 17:00:00+00:00,1571.6475056192016,189671909599.74957,6394324182.635419
ethereum,2026-06-28 18:00:00+00:00,1570.1090432367143,189486242586.70084,6278275678.439618
ethereum,2026-06-28 19:00:00+00:00,1570.1633862673273,189492800893.4159,6260662551.723669
ethereum,2026-06-28 20:00:00+00:00,1562.600145999063,188580042644.9445,5141774211.725577
ethereum,2026-06-28 21:00:00+00:00,1571.83448217329,189694474583.27,5744075050.628242
ethereum,2026-06-28 22:00:00+00:00,1560.9620600253004,188382352708.988,5633888478.246776
ethereum,2026-06-28 23:00:00+00:00,1555.0811111207513,187672619257.30988,6460855956.71678
ethereum,2026-06-29 00:00:00+00:00,1570.0805519413402,189482804157.6757,6688950133.242254
ethereum,2026-06-29 01:00:00+00:00,1569.6541408796247,189431343381.60425,6420789930.394614
ethereum,2026-06-29 02:00:00+00:00,1567.117178975807,189125150330.1199,7116459224.199496
ethereum,2026-06-29 03:00:00+00:00,1574.61441375829,190029942693.0139,7430100250.262236
ethereum,2026-06-29 04:00:00+00:00,1581.7730712669193,190893874373.2002,7740746474.167493
ethereum,2026-06-29 05:00:00+00:00,1574.1482251645646,189973681432.4947,7684167966.031917
ethereum,2026-06-29 06:00:00+00:00,1579.747073460204,190649369913.0973,7260694313.904778
ethereum,2026-06-29 07:00:00+00:00,1580.6272812926725,190755596454.97345,7894294524.293962
ethereum,2026-06-29 08:00:00+00:00,1578.5061306367122,190499608618.15863,8031107394.391896
ethereum,2026-06-29 09:00:00+00:00,1571.1519976003628,189612086271.58063,7928985945.152338
ethereum,2026-06-29 10:00:00+00:00,1573.4716706013396,189892032475.29285,8131485679.37098
ethereum,2026-06-29 11:00:00+00:00,1576.878102420901,190303132512.10373,7671990387.05484
ethereum,2026-06-29 12:00:00+00:00,1572.015994381752,189716356407.4436,7945167880.491591
ethereum,2026-06-29 13:00:00+00:00,1574.8707668173386,190060880271.5693,8989275910.291084
ethereum,2026-06-29 14:00:00+00:00,1569.0333091379896,189356395580.84943,9704077197.134289
ethereum,2026-06-29 15:00:00+00:00,1570.0268012482447,189476293663.2804,9864854388.290398
ethereum,2026-06-29 16:00:00+00:00,1578.3584869715844,190481790467.2653,10791230047.544071
ethereum,2026-06-29 17:00:00+00:00,1582.429924807984,190973145742.54343,10902960517.252275
ethereum,2026-06-29 18:00:00+00:00,1626.3683859152843,196275792011.5501,12382134015.71666
ethereum,2026-06-29 19:00:00+00:00,1618.7517089483376,195356584950.5113,12449807319.684502
ethereum,2026-06-29 20:00:00+00:00,1623.5504424246958,195935712792.5681,12654154486.84592
ethereum,2026-06-29 21:00:00+00:00,1616.102382594083,195036855033.8567,12601207424.42351
ethereum,2026-06-29 22:00:00+00:00,1618.092254838617,195276999735.5,12681556654.371452
ethereum,2026-06-29 23:00:00+00:00,1611.8179431824217,194519793987.828,12288141787.784008
ethereum,2026-06-30 00:00:00+00:00,1609.751185572177,194270370492.90536,12257591853.273031
ethereum,2026-06-30 01:00:00+00:00,1592.814542770314,192226397547.5745,12005920585.107391
ethereum,2026-06-30 02:00:00+00:00,1592.0444980646478,192133411423.61887,11991777676.083218
ethereum,2026-06-30 03:00:00+00:00,1589.0360258803532,191770338642.2712,11771775738.458357
ethereum,2026-06-30 04:00:00+00:00,1585.8085500870782,191380835751.364,11604711125.774334
ethereum,2026-06-30 05:00:00+00:00,1585.6311025444547,191359420770.96967,11748623488.854897
ethereum,2026-06-30 06:00:00+00:00,1588.8262770543752,191745025431.7885,11819212234.642569
ethereum,2026-06-30 07:00:00+00:00,1591.6950204252717,192091235258.8501,11628512988.73744
ethereum,2026-06-30 08:00:00+00:00,1590.0999405276775,191898735524.9604,11605575999.028383
ethereum,2026-06-30 09:00:00+00:00,1581.60938532595,190874066090.2985,11275412020.58
ethereum,2026-06-30 10:00:00+00:00,1583.773381013575,191135224540.50192,11762782498.44936
ethereum,2026-06-30 11:00:00+00:00,1583.0451250720805,191047336106.1026,11840057384.573729
ethereum,2026-06-30 12:00:00+00:00,1575.864439518955,190180746250.5053,11650314360.201555
ethereum,2026-06-30 13:00:00+00:00,1553.435353868986,187473926971.09467,11327420817.536957
ethereum,2026-06-30 14:00:00+00:00,1564.0746569830198,188757914701.9365,11541536409.445404
ethereum,2026-06-30 15:00:00+00:00,1561.6751653997658,188468335796.238,11268798509.105778
ethereum,2026-06-30 16:00:00+00:00,1562.9194461038978,188618499875.6617,10930733301.92744
ethereum,2026-06-30 17:00:00+00:00,1570.3733362998018,189518061008.19104,11021179965.058777
ethereum,2026-06-30 18:00:00+00:00,1568.9244006906206,189343198470.2007,10059324730.435163
ethereum,2026-06-30 19:00:00+00:00,1576.482057476114,190255282512.02927,9575917155.064482
ethereum,2026-06-30 20:00:00+00:00,1578.3867771556315,190485150640.8889,9545275632.820757
ethereum,2026-06-30 21:00:00+00:00,1574.0926359592088,189966918896.6089,9840954567.76048
ethereum,2026-06-30 22:00:00+00:00,1569.4752419722126,189409675892.6056,9720754446.282372
ethereum,2026-06-30 23:00:00+00:00,1566.0242725776016,188993201024.4024,9694186345.81047
ethereum,2026-07-01 00:00:00+00:00,1569.8271747749748,189452148354.9449,9776507854.22924
ethereum,2026-07-01 01:00:00+00:00,1572.8652846632478,189818797916.4511,9103014864.299616
ethereum,2026-07-01 02:00:00+00:00,1575.782789028236,190170820085.05853,9957319491.461777
ethereum,2026-07-01 03:00:00+00:00,1584.4598269909884,191217994503.24304,9669443346.168531
ethereum,2026-07-01 04:00:00+00:00,1592.853340712038,192230952252.77625,10356343049.653452
ethereum,2026-07-01 05:00:00+00:00,1597.1539040587572,192749958846.9387,9904555799.797949
ethereum,2026-07-01 06:00:00+00:00,1590.9429082455165,192000394772.77,10431696245.490492
ethereum,2026-07-01 07:00:00+00:00,1574.0822438604876,189965592517.27817,10733957484.120892
ethereum,2026-07-01 08:00:00+00:00,1576.487592079942,190255878111.6309,10251394358.20499
ethereum,2026-07-01 09:00:00+00:00,1579.3050186996177,190595894727.19727,10595064549.028624
ethereum,2026-07-01 10:00:00+00:00,1579.6560696761806,190638260751.60715,10638204524.879784
ethereum,2026-07-01 11:00:00+00:00,1572.4213808010184,189765153921.1294,10606639611.822512
ethereum,2026-07-01 12:00:00+00:00,1568.021398676593,189234149131.137,10495994013.5551
ethereum,2026-07-01 13:00:00+00:00,1568.2354227733038,189259978286.19116,10162411184.830996
ethereum,2026-07-01 14:00:00+00:00,1594.0462180532484,192374912742.64728,10011849817.941566
ethereum,2026-07-01 15:00:00+00:00,1599.703948544357,193057706878.23868,10533419041.769312
ethereum,2026-07-01 16:00:00+00:00,1619.1338344751591,195402571517.7989,10916306017.80226
ethereum,2026-07-01 17:00:00+00:00,1613.2907331172275,194697406196.2743,10977874181.857916
ethereum,2026-07-01 18:00:00+00:00,1621.066635299195,195635828487.17764,11120046206.400476
ethereum,2026-07-01 19:00:00+00:00,1615.2111025689203,194929162905.408,11054437166.085506
ethereum,2026-07-01 20:00:00+00:00,1615.8119339477985,195001673277.30035,11092786026.50947
ethereum,2026-07-01 21:00:00+00:00,1615.718822339067,194990436252.04843,11091953854.469185
ethereum,2026-07-01 22:00:00+00:00,1629.7870199148326,196688234126.6856,11439523530.720243
ethereum,2026-07-01 23:00:00+00:00,1620.568690762616,195575734848.93167,11773315795.356615
ethereum,2026-07-02 00:00:00+00:00,1608.254387223296,194089602864.7811,11965520976.255758
ethereum,2026-07-02 01:00:00+00:00,1601.5400044997218,193279288348.21344,11920484203.335192
ethereum,2026-07-02 02:00:00+00:00,1618.747873930139,195355911473.12283,11812136736.78253
ethereum,2026-07-02 03:00:00+00:00,1618.3600065305925,195309102337.12988,11671887546.504908
ethereum,2026-07-02 04:00:00+00:00,1636.9817072384124,197556431506.5104,11930764777.511356
ethereum,2026-07-02 05:00:00+00:00,1630.8426431207624,196815548700.97275,11716857381.479408
ethereum,2026-07-02 06:00:00+00:00,1624.9991283606084,196110333781.1193,11748863915.915806
ethereum,2026-07-02 07:00:00+00:00,1617.9188177240958,195255858195.2761,11475083545.254686
ethereum,2026-07-02 08:00:00+00:00,1614.166442236574,194803008962.01376,11456419892.330597
ethereum,2026-07-02 09:00:00+00:00,1623.309005060053,195906364044.2632,11647898372.20861
ethereum,2026-07-02 10:00:00+00:00,1641.93015488871,198153626731.70248,12236151165.74962
ethereum,2026-07-02 11:00:00+00:00,1644.220060772765,198429980238.244,11938773579.149374
ethereum,2026-07-02 12:00:00+00:00,1646.718001278878,198731440059.28,12911953595.844631
ethereum,2026-07-02 13:00:00+00:00,1661.34489203282,200496662192.55545,13339389236.19132
ethereum,2026-07-02 14:00:00+00:00,1708.6539982169018,206206083473.29587,14858086614.424036
ethereum,2026-07-02 15:00:00+00:00,1699.0988365753876,205052934584.69287,15052803216.747725
ethereum,2026-07-02 16:00:00+00:00,1696.5532819000982,204745728526.3532,14718936827.271416
ethereum,2026-07-02 17:00:00+00:00,1698.3293041785143,204960064839.36664,14768492877.994024
ethereum,2026-07-02 18:00:00+00:00,1695.0389828681768,204562977850.7303,14724634908.63349
ethereum,2026-07-02 19:00:00+00:00,1700.1578868062538,205180744311.25912,14156795639.06893
ethereum,2026-07-02 20:00:00+00:00,1699.6296719088905,205116997569.47803,14669856164.93991
ethereum,2026-07-02 21:00:00+00:00,1703.4044865194371,205572554831.2121,14706803513.702597
ethereum,2026-07-02 22:00:00+00:00,1698.9297421542497,205032527703.98068,14375797068.275108
ethereum,2026-07-02 23:00:00+00:00,1695.6718034873152,204639348761.13687,13901165333.034649
ethereum,2026-07-03 00:00:00+00:00,1698.5610521616195,204988032961.64236,13732855612.657272
ethereum,2026-07-03 01:00:00+00:00,1694.7643836913269,204529838302.968,13591994424.53985
ethereum,2026-07-03 02:00:00+00:00,1710.9255404555638,206480079949.53052,13855160016.936192
ethereum,2026-07-03 03:00:00+00:00,1702.615873965779,205477242268.64127,13966453050.273945
ethereum,2026-07-03 04:00:00+00:00,1704.673097386317,205725514707.33176,13623739854.56763
ethereum,2026-07-03 05:00:00+00:00,1702.226412725831,205430240814.7146,13486537684.790045
ethereum,2026-07-03 06:00:00+00:00,1712.816617251456,206708301271.13312,13613658014.994991
ethereum,2026-07-03 07:00:00+00:00,1714.4159636230845,206901315612.7116,13573906091.831808
ethereum,2026-07-03 08:00:00+00:00,1716.2555104423016,207123318128.4972,13485527295.98146
ethereum,2026-07-03 09:00:00+00:00,1718.0908598679869,207344814089.12796,13672260068.076328
ethereum,2026-07-03 10:00:00+00:00,1725.2476289509532,208208516347.05188,13190333355.416853
ethereum,2026-07-03 11:00:00+00:00,1740.7733589493057,210082212130.7276,13371038260.884409
ethereum,2026-07-03 12:00:00+00:00,1741.124008390001,210124529650.01004,13162850570.249157
ethereum,2026-07-03 13:00:00+00:00,1734.5833305356443,209335179292.9325,12447583692.2018
ethereum,2026-07-03 14:00:00+00:00,1745.6546301456422,210671299874.7837,11289254279.065176
ethereum,2026-07-03 15:00:00+00:00,1734.7842109701485,209359422199.5908,10399284654.625189
ethereum,2026-07-03 16:00:00+00:00,1730.0228305550022,208784803266.42105,10209150588.96817
ethereum,2026-07-03 17:00:00+00:00,1731.8994061771834,209011274539.0377,9892988135.278862
ethereum,2026-07-03 18:00:00+00:00,1736.3954088460112,209553866819.3924,9754335967.009794
ethereum,2026-07-03 19:00:00+00:00,1737.2724805657303,209659714697.9394,9672083315.844072
ethereum,2026-07-03 20:00:00+00:00,1743.2089898305264,210376152017.1753,9633419631.512396
ethereum,2026-07-03 21:00:00+00:00,1764.7465794003476,212975378641.0953,10137095417.982857
ethereum,2026-07-03 22:00:00+00:00,1762.2391527606176,212672774208.1162,10311879670.587229
ethereum,2026-07-03 23:00:00+00:00,1756.1959584446554,211943461788.6066,10328582767.195724
ethereum,2026-07-04 00:00:00+00:00,1756.9804642496356,212038138510.3592,10305574832.445166
ethereum,2026-07-04 01:00:00+00:00,1757.5602040792153,212108103405.69284,10237288387.650284
ethereum,2026-07-04 02:00:00+00:00,1747.2294794969048,210861315730.0596,9978689170.996378
ethereum,2026-07-04 03:00:00+00:00,1746.979957622709,210831202621.6707,9647312710.727793
ethereum,2026-07-04 04:00:00+00:00,1752.6032461337802,211509839302.24893,9647026920.632206
ethereum,2026-07-04 05:00:00+00:00,1760.2514811412725,212432853088.14093,9667846998.071198
ethereum,2026-07-04 06:00:00+00:00,1754.6358448467531,211755139901.85428,9519530192.717052
ethereum,2026-07-04 07:00:00+00:00,1753.4752127011443,211615071053.3295,9545632065.55055
ethereum,2026-07-04 08:00:00+00:00,1757.4332923609943,212092744933.3974,9437645726.958336
ethereum,2026-07-04 09:00:00+00:00,1761.122934917767,212538022953.95755,9141502448.511845
ethereum,2026-07-04 10:00:00+00:00,1757.7666661211656,212132977559.1197,9044521058.243122
ethereum,2026-07-04 11:00:00+00:00,1759.0759592877032,212290987301.4073,8621865685.131874
ethereum,2026-07-04 12:00:00+00:00,1757.471608596771,212097369060.9001,8371448875.019211
ethereum,2026-07-04 13:00:00+00:00,1763.315085584601,212802578800.40552,8285811252.391609
ethereum,2026-07-04 14:00:00+00:00,1762.206040774946,212668735678.7597,8098297676.549137
ethereum,2026-07-04 15:00:00+00:00,1770.6818559977366,213691624526.9247,7829803952.158017
ethereum,2026-07-04 16:00:00+00:00,1790.9625446730322,216139163758.70087,8388926514.054566
ethereum,2026-07-04 17:00:00+00:00,1786.762867209906,215632333072.8017,8486863291.984905
ethereum,2026-07-04 18:00:00+00:00,1797.3321368895529,216907866788.95547,9121076084.348255
ethereum,2026-07-04 19:00:00+00:00,1791.8113309479318,216241598036.96777,9292758111.438046
ethereum,2026-07-04 20:00:00+00:00,1792.8652272983145,216368785663.8322,9091032783.38822
ethereum,2026-07-04 21:00:00+00:00,1786.933529167868,215652929110.9428,8553661745.999512
ethereum,2026-07-04 22:00:00+00:00,1788.34648173527,215823448805.6496,8242610991.313604
ethereum,2026-07-04 23:00:00+00:00,1784.231591880152,215326850563.0511,8139747280.981273
ethereum,2026-07-05 00:00:00+00:00,1779.908385139636,214805111963.64227,8250450293.077493
ethereum,2026-07-05 01:00:00+00:00,1771.9819368349129,213848522495.45093,8279292692.074162
ethereum,2026-07-05 02:00:00+00:00,1765.8188308465542,213104704539.56244,8339823813.576907
ethereum,2026-07-05 03:00:00+00:00,1759.0806195073271,212291515490.1045,7872119129.924546
ethereum,2026-07-05 04:00:00+00:00,1760.6132547740344,212476478850.9958,8524042318.352474
ethereum,2026-07-05 05:00:00+00:00,1766.9232908086824,213237994325.4644,8683454340.500233
ethereum,2026-07-05 06:00:00+00:00,1764.6986538630551,212969517972.894,8798530273.651247
ethereum,2026-07-05 07:00:00+00:00,1763.7427314673391,212854154178.97403,9178642348.661964
ethereum,2026-07-05 08:00:00+00:00,1768.0723235273374,213376663295.2011,9636765627.761232
ethereum,2026-07-05 09:00:00+00:00,1766.9715225919397,213243815092.43143,10184250663.408888
ethereum,2026-07-05 10:00:00+00:00,1756.606855692522,211992973704.47745,12077748791.194471
ethereum,2026-07-05 11:00:00+00:00,1759.9069241785771,212391236599.5129,12166571940.083656
ethereum,2026-07-05 12:00:00+00:00,1759.188717503738,212304561104.5152,12195268846.680882
ethereum,2026-07-05 13:00:00+00:00,1763.932281202612,212877029651.602,12257505539.73364
ethereum,2026-07-05 14:00:00+00:00,1765.3205193029544,213044566697.32605,12039755089.065777
ethereum,2026-07-05 15:00:00+00:00,1770.7843550951818,213703960000.76996,11999946642.319742
ethereum,2026-07-05 16:00:00+00:00,1772.9517355481682,213965526455.37448,11456863554.360235
ethereum,2026-07-05 17:00:00+00:00,1772.0655673707847,213858580825.21423,11314071559.431778
ethereum,2026-07-05 18:00:00+00:00,1778.0477020350847,214580524106.07755,10839132327.747623
ethereum,2026-07-05 19:00:00+00:00,1779.057752872488,214702420294.69815,10646236255.292091
ethereum,2026-07-05 20:00:00+00:00,1779.8646586414325,214799800282.08893,10600958867.398592
ethereum,2026-07-05 21:00:00+00:00,1775.844398386707,214314622324.53784,10469847731.353168
ethereum,2026-07-05 22:00:00+00:00,1785.4452526498046,215473284343.15723,10776927429.124125
ethereum,2026-07-05 23:00:00+00:00,1788.528849479512,215845422741.4089,11318485339.008516
ethereum,2026-07-06 00:00:00+00:00,1784.2622991817525,215330521708.11813,10890625673.403336
ethereum,2026-07-06 01:00:00+00:00,1790.9024940108245,216131881809.4011,11540391330.339985
ethereum,2026-07-06 02:00:00+00:00,1784.8651151289214,215403233554.70267,11418219583.398151
ethereum,2026-07-06 03:00:00+00:00,1782.7619692828116,215149419184.054,11306774134.672655
ethereum,2026-07-06 04:00:00+00:00,1778.0000336338544,214574733552.0304,11360919846.976423
ethereum,2026-07-06 05:00:00+00:00,1776.6574466632828,214412705860.2243,11287460351.63331
ethereum,2026-07-06 06:00:00+00:00,1772.193594777949,213873993930.64487,11209328878.279585
ethereum,2026-07-06 07:00:00+00:00,1768.763909367351,213460088520.507,10729339230.215694
ethereum,2026-07-06 08:00:00+00:00,1770.4625603653385,213665087158.5251,10282709812.90062
ethereum,2026-07-06 09:00:00+00:00,1764.7916174567222,212980699621.63727,9820632068.92476
ethereum,2026-07-06 10:00:00+00:00,1757.4326186563806,212092592098.0588,7957945382.892307
ethereum,2026-07-06 11:00:00+00:00,1768.1643023083554,213387726021.9209,8102404271.159001
ethereum,2026-07-06 12:00:00+00:00,1761.5745355778154,212592451886.0224,8197363831.169688
ethereum,2026-07-06 13:00:00+00:00,1740.8948412184986,210096760196.96277,9195031466.034546
ethereum,2026-07-06 14:00:00+00:00,1744.0331586463103,210475502386.578,10929152761.842686
ethereum,2026-07-06 15:00:00+00:00,1749.791214748687,211170403022.4457,12634843851.287428
ethereum,2026-07-06 16:00:00+00:00,1787.1846432500588,215683161630.7119,13717910082.917707
ethereum,2026-07-06 17:00:00+00:00,1790.9766030627145,216140787474.94635,15533075921.0389
ethereum,2026-07-06 18:00:00+00:00,1786.7069244142128,215625508992.9305,16325886787.112804
ethereum,2026-07-06 19:00:00+00:00,1791.1803885120896,216165380955.07816,16424841298.334827
ethereum,2026-07-06 20:00:00+00:00,1792.1601733187315,216283624520.7961,16535881907.534672
ethereum,2026-07-06 21:00:00+00:00,1792.123914839125,216279248731.45224,16031836500.53662
ethereum,2026-07-06 22:00:00+00:00,1813.3110576185325,218836180919.6529,17458215494.776447
ethereum,2026-07-06 23:00:00+00:00,1805.0138718713424,217834849993.18695,17038662702.28907
ethereum,2026-07-07 00:00:00+00:00,1798.557105022033,217055626708.547,16362634630.52492
ethereum,2026-07-07 01:00:00+00:00,1802.4171024738785,217521463552.79523,16668568362.346272
ethereum,2026-07-07 02:00:00+00:00,1791.1631943406842,216163242350.6896,16813310140.922812
ethereum,2026-07-07 03:00:00+00:00,1777.248711608892,214483998542.8444,16282955411.147366
ethereum,2026-07-07 04:00:00+00:00,1770.218065258589,213635517893.11667,16279177782.710108
ethereum,2026-07-07 05:00:00+00:00,1765.641840115306,213083244561.5608,16668307943.621376
ethereum,2026-07-07 06:00:00+00:00,1769.2379766068016,213517237693.1713,16736083422.24768
ethereum,2026-07-07 07:00:00+00:00,1777.1219935501613,214468705806.523,17063902678.817505
ethereum,2026-07-07 08:00:00+00:00,1770.18877313165,213631982826.544,16981995970.428978
ethereum,2026-07-07 09:00:00+00:00,1769.3809501072128,213534492187.63428,16986983466.590452
ethereum,2026-07-07 10:00:00+00:00,1776.4840304300235,214391714398.3784,16985264631.442888
ethereum,2026-07-07 11:00:00+00:00,1774.2473610320374,214121786057.5868,16913564147.24396
ethereum,2026-07-07 12:00:00+00:00,1779.0381694899231,214699955982.58847,16873494407.423998
ethereum,2026-07-07 13:00:00+00:00,1779.9455822328514,214809465423.87305,15951691404.18474
ethereum,2026-07-07 14:00:00+00:00,1766.5151891593528,213188643087.87125,14599787057.980278
ethereum,2026-07-07 15:00:00+00:00,1787.113061023288,215674459445.47635,12590095344.037077
ethereum,2026-07-07 16:00:00+00:00,1795.7160666748523,216712697391.3426,11128604714.935787
ethereum,2026-07-07 17:00:00+00:00,1800.550515123287,217296133928.5005,10488171109.46207
ethereum,2026-07-07 18:00:00+00:00,1807.8934133596151,218182298123.9412,10415365048.601423
ethereum,2026-07-07 19:00:00+00:00,1785.7338714768448,215508014486.62653,10448190414.08054
ethereum,2026-07-07 20:00:00+00:00,1788.1246945268283,215796546577.9536,10732950429.181894
ethereum,2026-07-07 21:00:00+00:00,1782.9324948226438,215169935487.16357,10713205500.49464
ethereum,2026-07-07 22:00:00+00:00,1772.4172489912692,213900922345.19733,10358845961.946257
ethereum,2026-07-07 23:00:00+00:00,1774.1652725961987,214111879365.38452,9860173437.8874
ethereum,2026-07-08 00:00:00+00:00,1771.2223954004269,213756723632.7925,9863305816.642056
ethereum,2026-07-08 01:00:00+00:00,1778.6389904099276,214651781788.02988,9807631399.12991
ethereum,2026-07-08 02:00:00+00:00,1754.358528835661,211721483444.9773,9948817920.113949
ethereum,2026-07-08 03:00:00+00:00,1756.2367785683823,211948156507.0428,10170525448.137274
ethereum,2026-07-08 04:00:00+00:00,1750.7247486874537,211282947472.51443,10063958505.653456
ethereum,2026-07-08 05:00:00+00:00,1754.6773575467644,211759960692.6836,10041221500.87855
ethereum,2026-07-08 06:00:00+00:00,1752.7065358072373,211522115750.82028,9872737028.273218
ethereum,2026-07-08 07:00:00+00:00,1750.0424441842706,211200604827.496,9800930895.338743
ethereum,2026-07-08 08:00:00+00:00,1754.6976571988955,211762410518.299,9859441316.439089
ethereum,2026-07-08 09:00:00+00:00,1733.8741143217662,209249360126.3407,10582656117.61548
ethereum,2026-07-08 10:00:00+00:00,1734.5003412341166,209324935152.01343,10715559411.235758
ethereum,2026-07-08 11:00:00+00:00,1737.3091279249934,209663908329.44464,10670186989.682886
ethereum,2026-07-08 12:00:00+00:00,1746.5914842842608,210784132175.33853,10717893005.487276
ethereum,2026-07-08 13:00:00+00:00,1737.0894977394073,209637402670.5743,10858979516.323795
ethereum,2026-07-08 14:00:00+00:00,1735.9449794422069,209499278616.836,11063471227.70074
ethereum,2026-07-08 15:00:00+00:00,1727.9667827795909,208536444848.90265,10955899796.90397
ethereum,2026-07-08 16:00:00+00:00,1721.3415871572631,207736895485.29373,11160935861.581102
ethereum,2026-07-08 17:00:00+00:00,1734.0444319854132,209269914595.57343,11230635824.397974
ethereum,2026-07-08 18:00:00+00:00,1731.7793162595578,208996553333.45395,11148829169.021154
ethereum,2026-07-08 19:00:00+00:00,1735.866964231903,209489863496.84464,11161419241.508442
ethereum,2026-07-08 20:00:00+00:00,1739.0425241886878,209873100021.06024,10914912067.9269
ethereum,2026-07-08 21:00:00+00:00,1735.5300167245878,209449199616.0476,10822709558.810087
ethereum,2026-07-08 22:00:00+00:00,1736.7755416984785,209599513471.97012,10589231264.27647
ethereum,2026-07-08 23:00:00+00:00,1739.605012030488,209940982816.0125,10590155077.10437
ethereum,2026-07-09 00:00:00+00:00,1742.2494536901063,210260122320.1991,10424310698.384363
ethereum,2026-07-09 01:00:00+00:00,1736.8561255140714,209609238579.2949,10355566202.879871
ethereum,2026-07-09 02:00:00+00:00,1730.801653153494,208878509972.95813,9982564620.971832
ethereum,2026-07-09 03:00:00+00:00,1726.4899646357185,208358162033.9441,9989998345.72926
ethereum,2026-07-09 04:00:00+00:00,1729.3724031163017,208706023646.98105,9973717735.417356
ethereum,2026-07-09 05:00:00+00:00,1740.3275417028765,210028123738.7748,9911613629.862362
ethereum,2026-07-09 06:00:00+00:00,1746.7726520980234,210805939644.77225,10025437035.590485
ethereum,2026-07-09 07:00:00+00:00,1753.039587012635,211562252781.33328,10094010738.489067
ethereum,2026-07-09 08:00:00+00:00,1752.1755166401904,211457974089.67667,10139078937.850758
ethereum,2026-07-09 09:00:00+00:00,1753.1931518539218,211580785462.51825,9500142369.874857
ethereum,2026-07-09 10:00:00+00:00,1753.7833637936767,211652014069.40085,475695781.3566531
ethereum,2026-07-09 11:00:00+00:00,1745.3745395706544,210637211090.02463,8545374480.151975
ethereum,2026-07-09 12:00:00+00:00,1743.0622597152212,210358157987.68716,8383818216.647856
ethereum,2026-07-09 13:00:00+00:00,1740.5510642476677,210055099132.52728,8774058083.727428
ethereum,2026-07-09 14:00:00+00:00,1745.9182110048089,210702823044.3893,8490194835.198578
ethereum,2026-07-09 15:00:00+00:00,1741.53528655204,210173878131.8684,8173682906.06493
ethereum,2026-07-09 16:00:00+00:00,1738.557031589279,209814453088.6766,7743539316.951963
ethereum,2026-07-09 17:00:00+00:00,1737.5891355318356,209697644391.4356,7590202037.624741
ethereum,2026-07-09 18:00:00+00:00,1747.499032131804,210893601439.4405,6800250715.143485
ethereum,2026-07-09 19:00:00+00:00,1750.2826518674035,211229537299.93845,7519845116.38114
ethereum,2026-07-09 20:00:00+00:00,1747.2531839735298,210863931721.43076,7482142268.236682
ethereum,2026-07-09 21:00:00+00:00,1748.0169369318392,210956103796.50845,7456716320.596229
ethereum,2026-07-09 22:00:00+00:00,1747.3825482855818,210879543807.7122,7488661531.079134
ethereum,2026-07-09 23:00:00+00:00,1746.8477304581995,210815000334.064,7485980635.421933
ethereum,2026-07-10 00:00:00+00:00,1744.6953884606253,210555249028.31128,7463353201.529596
ethereum,2026-07-10 01:00:00+00:00,1741.641416432228,210186686214.87253,7485680973.588637
ethereum,2026-07-10 02:00:00+00:00,1766.7194782342965,213213150270.32944,7120031991.555223
ethereum,2026-07-10 03:00:00+00:00,1770.9540586824232,213724192486.4489,7966629838.023018
ethereum,2026-07-10 04:00:00+00:00,1774.1056471931306,214104535898.63297,8049908204.175511
ethereum,2026-07-10 05:00:00+00:00,1773.6175459984647,214045630342.5175,8102928203.053645
ethereum,2026-07-10 06:00:00+00:00,1777.3583469015675,214497081721.70407,8345970963.476457
ethereum,2026-07-10 07:00:00+00:00,1769.6922235686454,213571910336.9369,8282762389.294682
ethereum,2026-07-10 08:00:00+00:00,1772.2027116817217,213874883777.76868,8109764721.070276
ethereum,2026-07-10 09:00:00+00:00,1782.634227111506,215133791201.54413,8268137349.599592
ethereum,2026-07-10 10:00:00+00:00,1791.1537587503408,216161954530.20065,8433258991.563363
ethereum,2026-07-10 11:00:00+00:00,1796.1482930799662,216764710322.31827,8656385821.39259
ethereum,2026-07-10 12:00:00+00:00,1799.790339990163,217204243765.35895,8844173522.310352
ethereum,2026-07-10 13:00:00+00:00,1793.6421832143606,216462265261.8816,8661953915.090992
ethereum,2026-07-10 14:00:00+00:00,1802.9423008411152,217584632112.71103,8796677777.079868
ethereum,2026-07-10 15:00:00+00:00,1784.6481573788649,215376838511.5548,8803812020.400242
ethereum,2026-07-10 16:00:00+00:00,1789.4773597824533,215959641537.4156,8912631731.270945
ethereum,2026-07-10 17:00:00+00:00,1795.91493033883,216736547387.67792,9038276065.933926
ethereum,2026-07-10 18:00:00+00:00,1787.6752535827593,215742157808.56555,9068124188.703009
ethereum,2026-07-10 19:00:00+00:00,1783.68219643299,215260263368.2763,8832341371.973717
ethereum,2026-07-10 20:00:00+00:00,1791.3128193535954,216181150453.90085,8944298334.531797
ethereum,2026-07-10 21:00:00+00:00,1789.3200521517583,215940657167.84525,8998059155.190063
ethereum,2026-07-10 22:00:00+00:00,1793.0670054220625,216392851033.66235,9137620894.022764
ethereum,2026-07-10 23:00:00+00:00,1794.1905770736953,216528447122.54373,9144157130.783592
ethereum,2026-07-11 00:00:00+00:00,1795.2394655119474,216655030211.1195,8967123815.261372
ethereum,2026-07-11 01:00:00+00:00,1792.5214837158649,216327015793.2905,8920324291.33621
ethereum,2026-07-11 02:00:00+00:00,1788.9818821135457,215899795723.43976,8583847022.447614
ethereum,2026-07-11 03:00:00+00:00,1794.3992349106236,216553578399.4662,8377935630.661525
ethereum,2026-07-11 04:00:00+00:00,1796.0301157736671,216750398081.488,8215045601.602269
ethereum,2026-07-11 05:00:00+00:00,1795.4199125507894,216676756893.4546,8078986146.184847
ethereum,2026-07-11 06:00:00+00:00,1797.6209254324958,216942381848.2382,7689885558.568629
ethereum,2026-07-11 07:00:00+00:00,1798.5153935272174,217050328988.9344,7659891971.670187
ethereum,2026-07-11 08:00:00+00:00,1799.0861762631898,217119212792.2479,7652798755.348438
ethereum,2026-07-11 09:00:00+00:00,1800.5146441989295,217291604664.1876,7398792690.53745
ethereum,2026-07-11 10:00:00+00:00,1794.5241483455234,216568653334.1805,6502422616.573732
ethereum,2026-07-11 11:00:00+00:00,1797.7391335167065,216956647560.75827,6882695985.751156
ethereum,2026-07-11 12:00:00+00:00,1799.5968119941426,217180837871.3524,6654684219.333929
ethereum,2026-07-11 13:00:00+00:00,1799.7394375032782,217198050353.2647,6291002899.917785
ethereum,2026-07-11 14:00:00+00:00,1801.8687346310644,217455020431.89987,5982665003.713917
ethereum,2026-07-11 15:00:00+00:00,1809.917048422333,218426315513.65897,5703783851.46395
ethereum,2026-07-11 16:00:00+00:00,1813.6150616320667,218872603038.72928,6157558715.765899
ethereum,2026-07-11 17:00:00+00:00,1821.9798576134303,219882092157.48492,6341613933.354538
ethereum,2026-07-11 18:00:00+00:00,1824.124038490426,220140858452.41837,6319463737.410981
ethereum,2026-07-11 19:00:00+00:00,1825.688161176271,220329621553.78717,6361966503.826952
ethereum,2026-07-11 20:00:00+00:00,1823.6745905550024,220086617703.2992,6405719918.237596
ethereum,2026-07-11 21:00:00+00:00,1825.514729380176,220308691275.10556,6257089474.708081
ethereum,2026-07-11 22:00:00+00:00,1823.047803588876,220010975138.49628,6262623868.037355
ethereum,2026-07-11 23:00:00+00:00,1812.6039494426584,218750578932.5439,6369897596.2998085
ethereum,2026-07-12 00:00:00+00:00,1787.9485944322748,215775095411.18936,6693222695.327211
ethereum,2026-07-12 01:00:00+00:00,1788.203526422188,215805861382.1005,6996529375.600305
ethereum,2026-07-12 02:00:00+00:00,1804.9115751573663,217822194496.57224,7194709203.536079
ethereum,2026-07-12 03:00:00+00:00,1804.909118746968,217821898049.5269,7174169072.174127
ethereum,2026-07-12 04:00:00+00:00,1810.474384449741,218493531167.1929,7291907989.769135
ethereum,2026-07-12 05:00:00+00:00,1804.85594130988,217815480435.3879,7306271011.363601
ethereum,2026-07-12 06:00:00+00:00,1802.120115763341,217485312723.8451,7230777283.701596
ethereum,2026-07-12 07:00:00+00:00,1794.7252569062427,216592878763.96808,7277765940.304538
ethereum,2026-07-12 08:00:00+00:00,1798.073888243654,216997001734.04285,7211408300.663895
ethereum,2026-07-12 09:00:00+00:00,1804.5589430907096,217779637790.9329,7287642344.775716
ethereum,2026-07-12 10:00:00+00:00,1801.65888612148,217429650133.9765,7280135385.508025
ethereum,2026-07-12 11:00:00+00:00,1798.4253865759945,217039421617.1917,7121275915.279296
ethereum,2026-07-12 12:00:00+00:00,1802.9073254980904,217580315578.45157,7284456988.037651
ethereum,2026-07-12 13:00:00+00:00,1805.7410839812055,217922302133.3395,7274257383.999495
ethereum,2026-07-12 14:00:00+00:00,1806.0729951016835,217962358172.4471,7250176115.7221985
ethereum,2026-07-12 15:00:00+00:00,1818.635231005388,219478406842.08344,7201754678.577259
ethereum,2026-07-12 16:00:00+00:00,1820.2607773546688,219674582697.9701,6788100620.03155
ethereum,2026-07-12 17:00:00+00:00,1821.2627041794456,219795498261.20425,6629948119.624056
ethereum,2026-07-12 18:00:00+00:00,1817.9599104119968,219396907107.8772,6602094352.367113
ethereum,2026-07-12 19:00:00+00:00,1820.8168873118093,219741695731.6018,6489948941.542172
ethereum,2026-07-12 20:00:00+00:00,1820.6913489183444,219726545378.1249,6315147398.56853
ethereum,2026-07-12 21:00:00+00:00,1820.4063522072356,219692151112.00543,6365870208.160306
ethereum,2026-07-12 22:00:00+00:00,1808.6459626157875,218272871683.4714,6370815989.5286455
ethereum,2026-07-12 23:00:00+00:00,1803.725308003864,217679032184.2508,6433764020.257981
ethereum,2026-07-13 00:00:00+00:00,1805.4862853704624,217891552265.4176,6029403660.551113
ethereum,2026-07-13 01:00:00+00:00,1824.262271280797,220157495102.24008,6529324445.135244
ethereum,2026-07-13 02:00:00+00:00,1807.008683157036,218075248439.01355,6804158880.141285
ethereum,2026-07-13 03:00:00+00:00,1806.6426759352328,218031077585.50903,7072900548.97806
ethereum,2026-07-13 04:00:00+00:00,1778.407610934984,214623584930.92844,7538348832.627835
ethereum,2026-07-13 05:00:00+00:00,1778.444450414518,214628030830.2352,7678384830.320747
ethereum,2026-07-13 06:00:00+00:00,1781.0108948134343,214937757067.3669,7907869733.260095
ethereum,2026-07-13 07:00:00+00:00,1777.2712146790109,214486441209.28705,7954166405.785624
ethereum,2026-07-13 08:00:00+00:00,1786.1173015657894,215554013608.6498,8209692390.616392
ethereum,2026-07-13 09:00:00+00:00,1789.170107733391,215922435448.36823,8412040360.791702
ethereum,2026-07-13 10:00:00+00:00,1784.931474214154,215410904393.55615,8363389162.378857
ethereum,2026-07-13 11:00:00+00:00,1779.0241609384952,214697992041.66565,8552203030.845147
ethereum,2026-07-13 12:00:00+00:00,1780.2290097368575,214843396822.22003,8582880092.950787
ethereum,2026-07-13 13:00:00+00:00,1771.3341804992108,213769942049.20047,8958581970.03006
ethereum,2026-07-13 14:00:00+00:00,1770.2436904033,213638338421.17017,9517657946.891768
ethereum,2026-07-13 15:00:00+00:00,1779.7432145120863,214784769591.85864,9920511752.530054
ethereum,2026-07-13 16:00:00+00:00,1775.8170046997088,214310942770.63828,9798559026.585983
ethereum,2026-07-13 17:00:00+00:00,1770.5646079179514,213677067713.05923,9836096812.401917
ethereum,2026-07-13 18:00:00+00:00,1753.39931858202,211605508914.61404,10090527540.006618
ethereum,2026-07-13 19:00:00+00:00,1762.0361544750776,212647828274.0401,10459257250.551434
ethereum,2026-07-13 20:00:00+00:00,1772.6740965997749,213931647158.4464,10659167894.760897
ethereum,2026-07-13 21:00:00+00:00,1765.6045687747865,213078475255.5381,10782248213.205605
ethereum,2026-07-13 22:00:00+00:00,1760.046821210594,212407749546.18237,10802388977.65264
ethereum,2026-07-13 23:00:00+00:00,1756.7451558467767,212009294629.39743,10714468512.878124
ethereum,2026-07-14 00:00:00+00:00,1774.0909253483635,214102634317.62497,10937935597.693302
ethereum,2026-07-14 01:00:00+00:00,1783.613926335247,215251898748.6464,10196861177.555738
ethereum,2026-07-14 02:00:00+00:00,1782.9481785585508,215171510273.0024,10118383234.106943
ethereum,2026-07-14 03:00:00+00:00,1780.776297750658,214909401211.62457,9943017235.353704
ethereum,2026-07-14 04:00:00+00:00,1782.0712380813934,215065678477.5757,9237449105.918217
ethereum,2026-07-14 05:00:00+00:00,1784.3070747603865,215335505924.45737,9239191807.57782
ethereum,2026-07-14 06:00:00+00:00,1785.496188137137,215479011677.5904,9074481322.243778
ethereum,2026-07-14 07:00:00+00:00,1781.5581736405454,215003760328.78583,8951999323.215832
ethereum,2026-07-14 08:00:00+00:00,1778.922078469016,214685628491.8079,8910892879.126442
ethereum,2026-07-14 09:00:00+00:00,1784.5005073985192,215358849952.83893,8859251939.257647
ethereum,2026-07-14 10:00:00+00:00,1784.863193776066,215402620027.90372,8968374716.304165
ethereum,2026-07-14 11:00:00+00:00,1797.5933723806977,216938935995.66125,9395712535.072142
ethereum,2026-07-14 12:00:00+00:00,1796.9121439775088,216856723317.7395,9428271803.19155
ethereum,2026-07-14 13:00:00+00:00,1857.4849168075211,224166826420.00372,11308951233.64735
ethereum,2026-07-14 14:00:00+00:00,1868.9375556593316,225548965075.5128,12648039435.846786
ethereum,2026-07-14 15:00:00+00:00,1877.843388908017,226623747625.78772,12939847582.748749
ethereum,2026-07-14 16:00:00+00:00,1874.0789366010736,226169442280.3062,13485397356.745213
ethereum,2026-07-14 17:00:00+00:00,1872.7515153706763,226009245122.39224,13609035105.1059
ethereum,2026-07-14 18:00:00+00:00,1869.8920798200925,225664159901.5504,13532932886.660852
ethereum,2026-07-14 19:00:00+00:00,1873.6559183539723,226118391175.0658,12464960183.066244
ethereum,2026-07-14 20:00:00+00:00,1876.2897574817396,226436250745.9457,13166336396.018742
ethereum,2026-07-14 21:00:00+00:00,1873.9966714822572,226159514280.11453,13242315710.418823
ethereum,2026-07-14 22:00:00+00:00,1875.0766880819851,226289853908.42123,13196184131.370071
ethereum,2026-07-14 23:00:00+00:00,1881.044958144672,227010122561.51447,13627231772.276497
ethereum,2026-07-15 00:00:00+00:00,1890.309392384384,228128182150.20947,13672614153.992453
ethereum,2026-07-15 01:00:00+00:00,1880.545394933512,226949833781.43958,13391076859.77042
ethereum,2026-07-15 02:00:00+00:00,1868.9939176977348,225555686199.82825,13393376521.96585
ethereum,2026-07-15 03:00:00+00:00,1864.0567343177192,224959852380.02344,13330313201.164335
ethereum,2026-07-15 04:00:00+00:00,1874.7036519471496,226244753732.0714,13648517714.052898
ethereum,2026-07-15 05:00:00+00:00,1875.5022984033765,226341136736.7241,13704189728.386717
ethereum,2026-07-15 06:00:00+00:00,1880.4418746262188,226937259331.84308,13825738788.85862
ethereum,2026-07-15 07:00:00+00:00,1875.798253798032,226376853504.7103,13864382454.898289
ethereum,2026-07-15 08:00:00+00:00,1869.153380387559,225574930626.51477,14018894534.355572
ethereum,2026-07-15 09:00:00+00:00,1877.6103248160064,226595539567.85464,14304029349.89815
ethereum,2026-07-15 10:00:00+00:00,1878.7592092488535,226734190322.23184,14412613283.452778
ethereum,2026-07-15 11:00:00+00:00,1877.0143327465887,226523613490.9883,14115096603.666037
ethereum,2026-07-15 12:00:00+00:00,1883.097845592003,227257789724.17963,14072019503.761894
ethereum,2026-07-15 13:00:00+00:00,1925.483916999562,232373065558.4764,13058494215.962831
ethereum,2026-07-15 14:00:00+00:00,1924.2116033161287,232219518998.90182,13048947177.773666
ethereum,2026-07-15 15:00:00+00:00,1931.156234856592,233057617570.3748,13088470175.959036
ethereum,2026-07-15 16:00:00+00:00,1930.863504263966,233022289980.98773,12553223827.09215
ethereum,2026-07-15 17:00:00+00:00,1918.2770386291932,231503318267.81128,12830775315.756365
ethereum,2026-07-15 18:00:00+00:00,1926.6648023371872,232515578276.2168,12824547001.94151
ethereum,2026-07-15 19:00:00+00:00,1922.8651221377563,232057021687.7725,8513300471.374514
ethereum,2026-07-15 20:00:00+00:00,1922.8765242649508,232058397730.03735,13022662079.153786
ethereum,2026-07-15 21:00:00+00:00,1923.052639205423,232079651799.3375,13036601527.263985
ethereum,2026-07-15 22:00:00+00:00,1920.079477481384,231720841892.8426,12987975495.2105
ethereum,2026-07-15 23:00:00+00:00,1921.9127529339617,231942086969.55685,12623440212.953371
ethereum,2026-07-16 00:00:00+00:00,1916.7586464879016,231320074235.7647,11778781495.283
ethereum,2026-07-16 01:00:00+00:00,1914.2941248833472,231022648515.75253,12459857806.186584
ethereum,2026-07-16 02:00:00+00:00,1921.9358395140036,231944815573.2248,12428331172.489729
ethereum,2026-07-16 03:00:00+00:00,1924.083186015357,232203963604.07385,12361676976.020164
ethereum,2026-07-16 04:00:00+00:00,1917.608601397697,231422591872.41595,12359163905.234644
ethereum,2026-07-16 05:00:00+00:00,1916.693939226108,231312207777.2036,12313141529.547022
ethereum,2026-07-16 06:00:00+00:00,1924.041486267828,232198931157.07367,12320015881.458364
ethereum,2026-07-16 07:00:00+00:00,1921.0998318850725,231843923737.3354,12159427038.490929
ethereum,2026-07-16 08:00:00+00:00,1909.1619150604936,230403221160.65332,12053312944.815254
ethereum,2026-07-16 09:00:00+00:00,1884.545411899468,227432429853.08,13006107998.372484
ethereum,2026-07-16 10:00:00+00:00,1883.924620435196,227357510930.85083,13060260252.280952
ethereum,2026-07-16 11:00:00+00:00,1887.2037572742556,227753246716.478,13081102724.647364
ethereum,2026-07-16 12:00:00+00:00,1883.573170675552,227315096950.1092,13038164725.032837
ethereum,2026-07-16 13:00:00+00:00,1871.8954137116589,225905791223.2416,12262673784.832672
ethereum,2026-07-16 14:00:00+00:00,1881.400234053488,227052860628.95056,11466783240.500536
ethereum,2026-07-16 15:00:00+00:00,1881.6861882208648,227087370410.8335,11232370601.871223
ethereum,2026-07-16 16:00:00+00:00,1881.193430060448,227027902920.6654,11072432857.717804
ethereum,2026-07-16 17:00:00+00:00,1878.1523831533088,226660900521.5612,10741899715.717382
ethereum,2026-07-16 18:00:00+00:00,1867.9675653676431,225431767043.54645,10882684463.160048
ethereum,2026-07-16 19:00:00+00:00,1874.8466427415717,226261954139.28903,10750285827.376623
ethereum,2026-07-16 20:00:00+00:00,1873.6461234691624,226117071976.46857,10596962772.042168
ethereum,2026-07-16 21:00:00+00:00,1871.5646646059363,225865875457.71463,10547181611.0287
ethereum,2026-07-16 22:00:00+00:00,1877.7244230724816,226609253052.3901,10561548854.945171
ethereum,2026-07-16 23:00:00+00:00,1868.204547136014,225460366693.66428,10564467566.854624
ethereum,2026-07-17 00:00:00+00:00,1863.0065007127853,224833051309.7742,10783158385.916962
ethereum,2026-07-17 01:00:00+00:00,1863.9893599299917,224951665623.10477,10904184421.920864
ethereum,2026-07-17 02:00:00+00:00,1850.462978971492,223319189073.32343,10955039374.855349
ethereum,2026-07-17 03:00:00+00:00,1846.7354827803567,222869344123.0933,11117812036.350962
ethereum,2026-07-17 04:00:00+00:00,1851.4514341275824,223438478681.601,11143735549.953032
ethereum,2026-07-17 05:00:00+00:00,1849.2293078335424,223170306095.798,11218270376.978228
ethereum,2026-07-17 06:00:00+00:00,1822.838758326878,219985418755.7099,11401512159.555067
ethereum,2026-07-17 07:00:00+00:00,1830.460046192072,220905177672.8516,11591880526.605818
ethereum,2026-07-17 08:00:00+00:00,1827.396426039893,220535451190.45883,11472285166.75272
ethereum,2026-07-17 09:00:00+00:00,1829.165963810392,220749004092.85843,10681524650.86139
ethereum,2026-07-17 10:00:00+00:00,1833.7583959738977,221303232001.37796,10470507009.025087
ethereum,2026-07-17 11:00:00+00:00,1836.091529340992,221584801239.70392,10518929868.720106
ethereum,2026-07-17 12:00:00+00:00,1838.5892990532689,221886239265.20163,10333209531.535006
ethereum,2026-07-17 13:00:00+00:00,1827.8652401571808,220592029025.13504,10203533271.972263
ethereum,2026-07-17 14:00:00+00:00,1823.7138073804665,220091022189.69772,10411821974.55067
ethereum,2026-07-17 15:00:00+00:00,1821.080924997852,219773278378.9365,10456868357.750074
ethereum,2026-07-17 16:00:00+00:00,1829.1441306790864,220746369207.8412,10309124274.29975
ethereum,2026-07-17 17:00:00+00:00,1834.8748565541332,221437969672.0279,10336408745.269958
ethereum,2026-07-17 18:00:00+00:00,1842.9977240232615,222418260656.9166,10442192177.59796
ethereum,2026-07-17 19:00:00+00:00,1845.717725487278,222746518248.73276,10503472441.073082
ethereum,2026-07-17 20:00:00+00:00,1841.8939524205075,222285054328.52707,10526846688.673948
ethereum,2026-07-17 21:00:00+00:00,1842.413342552412,222347735821.9629,10539875470.110613
ethereum,2026-07-17 22:00:00+00:00,1841.2438989258972,222206604005.05652,10479232234.7874
ethereum,2026-07-17 23:00:00+00:00,1839.2009034583243,221960049442.07227,10338771425.755745
ethereum,2026-07-18 00:00:00+00:00,1840.7681193183653,222149185555.00424,10022919662.432863
ethereum,2026-07-18 01:00:00+00:00,1840.1796856903952,222078171694.0867,9683788938.00275
ethereum,2026-07-18 02:00:00+00:00,1841.9527276612769,222292104742.857,9385438604.538654
ethereum,2026-07-18 03:00:00+00:00,1841.5395861865816,222242245652.23663,9160804060.878263
ethereum,2026-07-18 04:00:00+00:00,1845.0254539378316,222662930107.18707,9008856540.788628
ethereum,2026-07-18 05:00:00+00:00,1843.853772185493,222521528214.01968,8860160999.82928
ethereum,2026-07-18 06:00:00+00:00,1845.228327495484,222687413466.3146,8345802636.713766
ethereum,2026-07-18 07:00:00+00:00,1844.164071918405,222558976070.14236,8067773678.06423
ethereum,2026-07-18 08:00:00+00:00,1843.1939503372096,222441899032.87552,7713282023.984354
ethereum,2026-07-18 09:00:00+00:00,1846.7046834582009,222865584311.51248,7489595416.734376
ethereum,2026-07-18 10:00:00+00:00,1844.5413802028736,222604510709.2413,7364285009.898547
ethereum,2026-07-18 11:00:00+00:00,1844.8719865256423,222644409222.50168,7231423700.718653
ethereum,2026-07-18 12:00:00+00:00,1844.903986789216,222648271105.51053,6917234521.084685
ethereum,2026-07-18 13:00:00+00:00,1843.8912392483865,222526049845.95087,6904483710.730051
ethereum,2026-07-18 14:00:00+00:00,1841.086321734096,222187544406.30612,6087703074.3473
ethereum,2026-07-18 15:00:00+00:00,1844.7415112609303,222628663095.7017,5727096161.407173
ethereum,2026-07-18 16:00:00+00:00,1843.2350583406612,222446860063.88983,5357060396.929903
ethereum,2026-07-18 17:00:00+00:00,1844.769727381249,222632068297.51752,5054048204.403157
ethereum,2026-07-18 18:00:00+00:00,1851.298203477006,223419943398.9225,4799212345.229415
ethereum,2026-07-18 19:00:00+00:00,1855.9412813893505,223980283274.1649,4944436260.377951
ethereum,2026-07-18 20:00:00+00:00,1857.9272819249484,224219959478.9062,4893534312.318412
ethereum,2026-07-18 21:00:00+00:00,1857.0259923600372,224111189285.53568,4882856440.243479
ethereum,2026-07-18 22:00:00+00:00,1860.395358557146,224517814000.90265,5015361406.833558
ethereum,2026-07-18 23:00:00+00:00,1863.0024948940363,224832450644.3821,5005951114.564669
ethereum,2026-07-19 00:00:00+00:00,1862.32234801627,224750368580.7533,4987957002.308284
ethereum,2026-07-19 01:00:00+00:00,1860.778244353838,224564021750.0727,4997102311.178393
ethereum,2026-07-19 02:00:00+00:00,1858.9893425084877,224348103247.88712,5086180435.813006
ethereum,2026-07-19 03:00:00+00:00,1870.9200120304504,225787930263.84933,5334059260.37429
ethereum,2026-07-19 04:00:00+00:00,1866.8076713983744,225291641339.74472,5394583999.247265
ethereum,2026-07-19 05:00:00+00:00,1865.6750282868877,225154950758.51956,5431458272.919471
ethereum,2026-07-19 06:00:00+00:00,1868.19245755578,225458761258.4628,5391968638.605897
ethereum,2026-07-19 07:00:00+00:00,1869.041660423024,225561245467.58783,5408388451.568234
ethereum,2026-07-19 08:00:00+00:00,1869.5176481854571,225618689019.96835,5538276930.377626
ethereum,2026-07-19 09:00:00+00:00,1873.709592471413,226124584738.6635,5632921653.651826
ethereum,2026-07-19 10:00:00+00:00,1866.520857920056,225257027876.19485,5662278312.679708
ethereum,2026-07-19 11:00:00+00:00,1871.9723249780573,225914926373.1979,5740793947.096808
ethereum,2026-07-19 12:00:00+00:00,1870.062101072122,225684395137.6087,5226845129.50619
ethereum,2026-07-19 13:00:00+00:00,1869.735752058674,225645010413.61407,5959850009.609919
ethereum,2026-07-19 14:00:00+00:00,1871.0783739440933,225807041828.47217,6435549750.901456
ethereum,2026-07-19 15:00:00+00:00,1874.0590997953816,226166764273.21524,6536855888.528608
ethereum,2026-07-19 16:00:00+00:00,1870.550432203383,225743328322.7272,6664476994.658875
ethereum,2026-07-19 17:00:00+00:00,1865.4375673731265,225126293302.3527,6025475625.184018
ethereum,2026-07-19 18:00:00+00:00,1867.658538558424,225394326400.44308,6796510483.743484
ethereum,2026-07-19 19:00:00+00:00,1859.162869638023,224369044993.75027,6678599172.549622
ethereum,2026-07-19 20:00:00+00:00,1861.274908426664,224623931821.4381,6573251833.492541
ethereum,2026-07-19 21:00:00+00:00,1866.045652770784,225199678771.7889,6592316734.037576
ethereum,2026-07-19 22:00:00+00:00,1860.51222730657,224531889302.0092,6537975254.217418
ethereum,2026-07-19 23:00:00+00:00,1868.7197848240712,225522400607.9345,6819347603.805739
ethereum,2026-07-20 00:00:00+00:00,1870.8170349782704,225775502701.2989,6954436039.274067
ethereum,2026-07-20 01:00:00+00:00,1871.261178188994,225829103162.9141,7393891152.344869
ethereum,2026-07-20 02:00:00+00:00,1868.5209409725808,225498386440.4353,7505466527.583599
ethereum,2026-07-20 03:00:00+00:00,1877.1662472216528,226541726424.85876,7549739253.685428
ethereum,2026-07-20 04:00:00+00:00,1878.421705588153,226693238687.6764,7591065620.441431
ethereum,2026-07-20 05:00:00+00:00,1868.3600015244745,225478963813.12253,7015871025.542375
ethereum,2026-07-20 06:00:00+00:00,1854.5342958357928,223810438587.7241,7996861180.22614
ethereum,2026-07-20 07:00:00+00:00,1847.9533795916705,223016235021.78665,8292975402.8390255
ethereum,2026-07-20 08:00:00+00:00,1862.480908660744,224769458275.6493,8490634628.142251
ethereum,2026-07-20 09:00:00+00:00,1859.1402869883136,224366302613.6909,8124872740.591887
ethereum,2026-07-20 10:00:00+00:00,1863.4407831913136,224885298646.00992,8905040066.205574
ethereum,2026-07-20 11:00:00+00:00,1867.694552938538,225398655597.62585,8903066277.294426
ethereum,2026-07-20 12:00:00+00:00,1890.408009590172,228139779720.5175,9433382554.87115
ethereum,2026-07-20 13:00:00+00:00,1872.1599869350864,225937556788.8824,9531492560.70119
ethereum,2026-07-20 14:00:00+00:00,1861.2039421566035,224615350350.01263,9488371346.195889
ethereum,2026-07-20 15:00:00+00:00,1865.7727541524805,225166727490.3103,9799079322.449492
ethereum,2026-07-20 16:00:00+00:00,1900.8178841969047,229396072799.92163,10408921079.610395
ethereum,2026-07-20 17:00:00+00:00,1897.2405900990725,228964354840.97583,10977108926.709543
ethereum,2026-07-20 18:00:00+00:00,1905.6507059111748,229979311378.9632,11169933978.820543
ethereum,2026-07-20 19:00:00+00:00,1898.3139544889348,229093891488.208,11466952736.329271
ethereum,2026-07-20 20:00:00+00:00,1897.7864987243308,229030236636.27203,11695123023.777502
ethereum,2026-07-20 21:00:00+00:00,1902.8544251925111,229641848321.276,11802508945.787714
ethereum,2026-07-20 22:00:00+00:00,1901.48166341278,229476179551.12277,11833244087.913778
ethereum,2026-07-20 23:00:00+00:00,1894.0223254892549,228575965575.0389,11548553800.379047
ethereum,2026-07-21 00:00:00+00:00,1901.7735152870932,229511401059.90768,11562172058.259706
ethereum,2026-07-21 01:00:00+00:00,1914.003815366165,230987388228.7095,11543854651.51798
ethereum,2026-07-21 02:00:00+00:00,1906.7295666801735,230109511344.75885,11383340780.782204
ethereum,2026-07-21 03:00:00+00:00,1916.2651643523463,231260251470.1508,11357516837.84428
ethereum,2026-07-21 04:00:00+00:00,1924.956095645735,232309097419.97443,11547754511.158669
ethereum,2026-07-21 05:00:00+00:00,1923.3382437285547,232113850515.64777,11663994303.810976
ethereum,2026-07-21 06:00:00+00:00,1928.9388609772204,232789748704.17023,11470426218.21564
ethereum,2026-07-21 07:00:00+00:00,1933.47508411941,233337192828.34604,11434909559.807606
ethereum,2026-07-21 08:00:00+00:00,1933.2446233517185,233309380176.90207,11552451456.528584
ethereum,2026-07-21 09:00:00+00:00,1938.450299126453,233937615721.29987,11894050845.34305
ethereum,2026-07-21 10:00:00+00:00,1941.6742572711344,234326692027.19827,12381998525.315445
ethereum,2026-07-21 11:00:00+00:00,1933.225264248632,233307043866.0766,12601679049.175032
ethereum,2026-07-21 12:00:00+00:00,1934.4707473690903,233457352260.23697,12763704028.410172
ethereum,2026-07-21 13:00:00+00:00,1941.31720551616,234283602020.56488,12799749082.155045
ethereum,2026-07-21 14:00:00+00:00,1938.231142878105,233911167330.93768,12760860156.261654
ethereum,2026-07-21 15:00:00+00:00,1930.698684360305,233002129122.95892,12814857112.718584
ethereum,2026-07-21 16:00:00+00:00,1930.060043062152,232925056100.938,12343072624.998075
ethereum,2026-07-21 17:00:00+00:00,1925.809389097616,232412075265.59332,11965908553.767233
ethereum,2026-07-21 18:00:00+00:00,1918.1377787951,231486243830.18225,11956594696.259409
ethereum,2026-07-21 19:00:00+00:00,1918.9774740447824,231587580606.64307,11724048158.773708
ethereum,2026-07-21 20:00:00+00:00,1922.95949272727,232068141783.14505,11810807464.446478
ethereum,2026-07-21 21:00:00+00:00,1921.8144070985336,231929949639.70767,11771012038.445747
ethereum,2026-07-21 22:00:00+00:00,1922.912648994421,232062488550.1583,11804956609.17196
ethereum,2026-07-21 23:00:00+00:00,1919.7801421286783,231684448840.94696,11750574170.97123
ethereum,2026-07-22 00:00:00+00:00,1928.655895670308,232755599657.75903,11705227603.004368
ethereum,2026-07-22 01:00:00+00:00,1938.9005592200745,233991954371.51108,11799432251.08131
ethereum,2026-07-22 02:00:00+00:00,1932.325179767068,233198419147.8366,11796742890.08961
ethereum,2026-07-22 03:00:00+00:00,1929.4969183064293,232857043852.3391,11813988203.386106
ethereum,2026-07-22 04:00:00+00:00,1928.1421873682157,232693551162.3561,11672876886.9147
ethereum,2026-07-22 05:00:00+00:00,1935.1017256565171,233533447560.7466,11736213678.6634
ethereum,2026-07-22 06:00:00+00:00,1918.6233048696251,231544786000.63455,11725632793.820507
ethereum,2026-07-22 07:00:00+00:00,1916.5287126632943,231292004799.1645,11647184901.03086
ethereum,2026-07-22 08:00:00+00:00,1913.340451310583,230907236569.3853,11589579125.725475
ethereum,2026-07-22 09:00:00+00:00,1920.2077561444316,231736001978.47775,11117511940.225218
ethereum,2026-07-22 10:00:00+00:00,1923.0256246392184,232076070170.0542,10750549713.946186
ethereum,2026-07-22 11:00:00+00:00,1929.8902388450183,232904510866.68533,10670354069.704056
ethereum,2026-07-22 12:00:00+00:00,1926.374775716498,232480255018.37976,10127300292.101778
ethereum,2026-07-22 13:00:00+00:00,1916.048942730582,231234104831.9758,9865172458.020718
ethereum,2026-07-22 14:00:00+00:00,1938.0321708872943,233887101825.3043,9693327237.341309
ethereum,2026-07-22 15:00:00+00:00,1931.699745248285,233122887122.1221,10020824863.578842
ethereum,2026-07-22 16:00:00+00:00,1941.7762475563652,234338947390.25168,9966213721.39161
ethereum,2026-07-22 17:00:00+00:00,1948.5733586968447,235159241629.59,10505984410.331572
ethereum,2026-07-22 18:00:00+00:00,1938.0320923247348,233887092344.15656,10314727334.293953
ethereum,2026-07-22 19:00:00+00:00,1929.9929985499296,232916912193.10663,10281494700.63102
ethereum,2026-07-22 20:00:00+00:00,1924.817062097911,232292265815.1054,10120107764.15384
ethereum,2026-07-22 21:00:00+00:00,1926.260732832955,232466492006.64215,10126156765.44826
ethereum,2026-07-22 22:00:00+00:00,1936.2008825688367,233666096867.8817,10181723574.622612
ethereum,2026-07-22 23:00:00+00:00,1937.115436550292,233776467780.9132,10274006399.791706
ethereum,2026-07-23 00:00:00+00:00,1933.4132583162384,233329678635.40228,10248156689.026426
ethereum,2026-07-23 01:00:00+00:00,1932.2494867712,233189231455.03824,10110903673.271849
ethereum,2026-07-23 02:00:00+00:00,1927.820861502038,232654722737.6129,10057267284.467213
ethereum,2026-07-23 03:00:00+00:00,1926.9379643751024,232548172284.52087,9959936987.03625
ethereum,2026-07-23 04:00:00+00:00,1919.9184687896088,231701040254.8736,9872596129.590212
ethereum,2026-07-23 05:00:00+00:00,1919.1253732940163,231605327309.59103,9696145381.040436
ethereum,2026-07-23 06:00:00+00:00,1921.61161132668,231905373352.09436,9479245277.63891
ethereum,2026-07-23 07:00:00+00:00,1923.6207289605495,232147839192.8733,9275497794.935305
ethereum,2026-07-23 08:00:00+00:00,1914.477635742957,231044425561.4605,9211866376.57652
ethereum,2026-07-23 09:00:00+00:00,1926.0070340125728,232435825048.4746,9261012918.079493
ethereum,2026-07-23 10:00:00+00:00,1924.257759664108,232224717809.90213,9321291843.617683
ethereum,2026-07-23 11:00:00+00:00,1927.386924041659,232602353971.642,9139462897.489737
ethereum,2026-07-23 12:00:00+00:00,1925.28505315006,232348694412.66495,9128734717.833427
ethereum,2026-07-23 13:00:00+00:00,1902.7163870422685,229625045726.8763,9355715904.485918
ethereum,2026-07-23 14:00:00+00:00,1898.887555168991,229162971767.78848,9636117654.947803
ethereum,2026-07-23 15:00:00+00:00,1895.2680693537384,228726162266.64835,9441601171.97892
ethereum,2026-07-23 16:00:00+00:00,1893.17051155006,228473023222.9818,9639789188.046894
ethereum,2026-07-23 17:00:00+00:00,1887.9245907825543,227839931079.39105,9503463083.002354
ethereum,2026-07-23 18:00:00+00:00,1877.1542835608768,226540140787.41025,9421387244.483664
ethereum,2026-07-23 19:00:00+00:00,1880.1962240691369,226907250532.75357,9336727721.353931
ethereum,2026-07-23 20:00:00+00:00,1874.624405006821,226234828086.78143,9390547072.582378
ethereum,2026-07-23 21:00:00+00:00,1884.4688610025328,227422884106.88312,9485728352.665262
ethereum,2026-07-23 22:00:00+00:00,1880.5093314026544,226945037186.75305,9455485120.908102
ethereum,2026-07-23 23:00:00+00:00,1882.8044820503967,227222022278.1872,9433096920.657652
ethereum,2026-07-24 00:00:00+00:00,1877.460607698635,226577108826.6929,9329058790.648285
ethereum,2026-07-24 01:00:00+00:00,1869.76956634074,225648932806.59818,9453224508.83543
ethereum,2026-07-24 02:00:00+00:00,1871.5886012884207,225868388931.1327,9470113046.548803
ethereum,2026-07-24 03:00:00+00:00,1868.4873263062827,225494118654.3391,9526923636.406786
ethereum,2026-07-24 04:00:00+00:00,1879.442273123288,226816191350.5929,9595214041.30963
ethereum,2026-07-24 05:00:00+00:00,1874.121690223777,226174088974.6435,8765421727.170109
ethereum,2026-07-24 06:00:00+00:00,1879.5376562560537,226827702445.77383,8846205368.233553
ethereum,2026-07-24 07:00:00+00:00,1887.1857631152832,227750696726.39624,9619231491.603884
ethereum,2026-07-24 08:00:00+00:00,1895.089404910284,228704529656.18463,9861151367.35869
ethereum,2026-07-24 09:00:00+00:00,1886.819951578124,227706549597.85864,9819083659.253614
ethereum,2026-07-24 10:00:00+00:00,1887.0488868181944,227734178123.598,9760063552.819304
ethereum,2026-07-24 11:00:00+00:00,1882.418659564579,227175389739.5273,9734095082.8856
ethereum,2026-07-24 12:00:00+00:00,1882.5723550037276,227193938122.0098,9797464316.504642
ethereum,2026-07-24 13:00:00+00:00,1871.645746034548,225875285314.0957,8497438171.579674
ethereum,2026-07-24 14:00:00+00:00,1854.7228199953893,223832980697.6676,9296744809.491932
ethereum,2026-07-24 15:00:00+00:00,1860.1641354961896,224489653411.4177,9439611018.506748
ethereum,2026-07-24 16:00:00+00:00,1860.869015329472,224574720221.6258,9359534752.210964
ethereum,2026-07-24 17:00:00+00:00,1856.918221689525,224097927728.9595,9335008291.22828
ethereum,2026-07-24 18:00:00+00:00,1864.558082469409,225019926850.3597,9357032978.129686
ethereum,2026-07-24 19:00:00+00:00,1861.541343542381,224655858613.9937,9196421732.338392
ethereum,2026-07-24 20:00:00+00:00,1861.71353297414,224676638901.6679,9042810226.775711
ethereum,2026-07-24 21:00:00+00:00,1859.3072062919568,224386236870.702,8226695233.631909
ethereum,2026-07-24 22:00:00+00:00,1855.675174928543,223947913474.1837,8147904038.242436
ethereum,2026-07-24 23:00:00+00:00,1858.6228489275604,224303646767.70453,8711674579.162949
ethereum,2026-07-25 00:00:00+00:00,1860.4425012275276,224523247342.9193,8648456718.721657
ethereum,2026-07-25 01:00:00+00:00,1858.7300244367932,224316580998.86337,7676286815.594835
ethereum,2026-07-25 02:00:00+00:00,1858.8357786161573,224329292964.8777,8244073459.900764
ethereum,2026-07-25 03:00:00+00:00,1857.2395869435884,224136660267.8621,7403174863.13667
ethereum,2026-07-25 04:00:00+00:00,1857.641866103584,224185208397.0591,7980164350.02995
ethereum,2026-07-25 05:00:00+00:00,1860.3994858751496,224518005355.63812,7903710574.1903105
ethereum,2026-07-25 06:00:00+00:00,1857.8196776749865,224206667174.94177,7931198193.767263
ethereum,2026-07-25 07:00:00+00:00,1857.1791161801907,224129362493.7639,7726658206.206826
ethereum,2026-07-25 08:00:00+00:00,1854.5028757365887,223806386610.99704,6510234548.082635
ethereum,2026-07-25 09:00:00+00:00,1852.4468918732764,223558264957.80423,7143574932.406892
ethereum,2026-07-25 10:00:00+00:00,1856.8373248579917,224088114199.24936,7003664140.377418
ethereum,2026-07-25 11:00:00+00:00,1857.4349528097723,224160237545.17447,6998180362.853175
ethereum,2026-07-25 12:00:00+00:00,1857.1991837886255,224131784306.6338,6769167602.306125
ethereum,2026-07-25 13:00:00+00:00,1859.0571136865167,224356004275.4804,6578105476.764936
ethereum,2026-07-25 14:00:00+00:00,1865.5120020209852,225134997531.8489,5943340941.830351
ethereum,2026-07-25 15:00:00+00:00,1866.976045650216,225311682248.16068,5553719838.517668
ethereum,2026-07-25 16:00:00+00:00,1866.1740077617053,225214890162.2054,5095643908.315474
ethereum,2026-07-25 17:00:00+00:00,1866.0712395350504,225202487816.66745,4859270752.009357
ethereum,2026-07-25 18:00:00+00:00,1870.2125143022213,225702267975.39905,4765568393.474314
ethereum,2026-07-25 19:00:00+00:00,1874.7780859831696,226253253424.97443,4763795339.376836
ethereum,2026-07-25 20:00:00+00:00,1874.7382971220948,226248451598.38196,4700334749.714317
ethereum,2026-07-25 21:00:00+00:00,1871.814986843849,225895658664.5575,4612637990.054278
ethereum,2026-07-25 22:00:00+00:00,1872.3542916574456,225960743417.5617,4558856742.579376
ethereum,2026-07-25 23:00:00+00:00,1875.1615402703972,226299529717.9787,4589102671.126385
ethereum,2026-07-26 00:00:00+00:00,1874.4572768280736,226214537314.7256,4560080660.27285
ethereum,2026-07-26 01:00:00+00:00,1878.8393347450449,226743375830.5073,4522996456.8492565
ethereum,2026-07-26 02:00:00+00:00,1877.556441070641,226588514597.0888,4504943555.375964
ethereum,2026-07-26 03:00:00+00:00,1879.4869544844328,226821494100.27295,4522136244.048754
ethereum,2026-07-26 04:00:00+00:00,1880.46789882628,226939877077.4551,3776694825.960782
ethereum,2026-07-26 05:00:00+00:00,1885.379365943716,227532606017.20285,4567243656.181051
ethereum,2026-07-26 06:00:00+00:00,1883.179168802444,227267080363.13657,4472074532.37283
ethereum,2026-07-26 07:00:00+00:00,1883.788053639245,227340562207.7902,4518722423.370493
ethereum,2026-07-26 08:00:00+00:00,1880.3015141386109,226919797329.9674,4491115885.789515
ethereum,2026-07-26 09:00:00+00:00,1880.9676096528435,227000183511.62796,4434307381.752395
ethereum,2026-07-26 10:00:00+00:00,1882.826506535707,227224520141.0168,4404749278.859693
ethereum,2026-07-26 11:00:00+00:00,1884.6960671708755,227450143700.4505,4360505471.677897
ethereum,2026-07-26 12:00:00+00:00,1884.5296178627457,227430056154.3934,4354770597.791028
ethereum,2026-07-26 13:00:00+00:00,1885.007997192737,227487788246.716,4407583650.426054
ethereum,2026-07-26 14:00:00+00:00,1884.619088807909,227440853746.47675,4284180101.831173
ethereum,2026-07-26 15:00:00+00:00,1896.9322973929836,228926844570.6062,3776214063.073826
ethereum,2026-07-26 16:00:00+00:00,1913.0463896086176,230871536159.8183,4128148882.5321183
ethereum,2026-07-26 17:00:00+00:00,1914.805795489487,231083904887.4939,4490515089.472326
ethereum,2026-07-26 18:00:00+00:00,1909.9327868553064,230495817120.89655,4424334206.17485
ethereum,2026-07-26 19:00:00+00:00,1913.174810545483,230887125463.3917,4386640923.87012
ethereum,2026-07-26 20:00:00+00:00,1912.682781960387,230827655019.8928,4409197312.333184
ethereum,2026-07-26 21:00:00+00:00,1912.0671668689272,230753523549.3731,4427863770.697336
ethereum,2026-07-26 22:00:00+00:00,1924.251282578454,232223936137.39456,4562594148.428126
ethereum,2026-07-26 23:00:00+00:00,1948.483274850768,235148153902.60507,5339058089.209845
ethereum,2026-07-27 00:00:00+00:00,1952.9020070235083,235681418276.19308,6005093960.158514
ethereum,2026-07-27 01:00:00+00:00,1940.135789939856,234140757179.28387,6290386134.469521
ethereum,2026-07-27 02:00:00+00:00,1945.9898862140683,234847245117.57767,6517479367.52586
ethereum,2026-07-27 03:00:00+00:00,1941.490640518064,234304207981.8506,6726195536.638219
ethereum,2026-07-27 04:00:00+00:00,1946.9925148614643,234968188679.74475,6842633202.252069
ethereum,2026-07-27 05:00:00+00:00,1951.8558394480035,235555107509.85745,7223735216.834496
ethereum,2026-07-27 06:00:00+00:00,1963.5580825171048,236967365048.8303,7580557237.57002
ethereum,2026-07-27 07:00:00+00:00,1966.6473953992784,237340191470.42603,8148412864.091241
ethereum,2026-07-27 08:00:00+00:00,1963.5129338547476,236961916389.2518,8598947212.607513
ethereum,2026-07-27 09:00:00+00:00,1963.3026496498087,236936538737.12152,8824318905.61803
ethereum,2026-07-27 10:00:00+00:00,1963.7561820227625,236991272219.3343,9094171671.262142
ethereum,2026-07-27 11:00:00+00:00,1965.6938521823183,237225115361.6034,9218325356.53577
ethereum,2026-07-27 12:00:00+00:00,1958.8301725635904,236396845090.8708,9361430295.90828
ethereum,2026-07-27 13:00:00+00:00,1955.6939421659972,236018356449.1021,9672280909.566616
ethereum,2026-07-27 14:00:00+00:00,1958.7814808738065,236390912172.0968,10409080543.082838
ethereum,2026-07-27 15:00:00+00:00,1930.0419715179144,232922552429.90283,11246505417.49141
ethereum,2026-07-27 16:00:00+00:00,1926.4623277830992,232490551588.57028,11261541867.01367
ethereum,2026-07-27 17:00:00+00:00,1938.1423796350307,233900131032.9623,11231907828.425392
ethereum,2026-07-27 18:00:00+00:00,1941.6958717497807,234328975827.8536,11380466112.830885
ethereum,2026-07-27 19:00:00+00:00,1936.9687779084636,233758497683.1584,11602704391.381914
ethereum,2026-07-27 20:00:00+00:00,1946.4420341820032,234901755220.36115,11913101781.431232
ethereum,2026-07-27 21:00:00+00:00,1944.891461725547,234714628049.2348,11987221921.783842
ethereum,2026-07-27 22:00:00+00:00,1940.1442527295376,234141722354.6508,12081488523.649744
ethereum,2026-07-27 23:00:00+00:00,1892.6060491829255,228404686646.92432,11828616751.226707
ethereum,2026-07-28 00:00:00+00:00,1890.4523208978708,228144769040.5725,11880592085.099258
ethereum,2026-07-28 01:00:00+00:00,1877.303284117904,226557908623.0367,11979876682.590656
ethereum,2026-07-28 02:00:00+00:00,1874.279176758443,226192884757.00363,12090364913.3014
ethereum,2026-07-28 03:00:00+00:00,1874.2991673990557,226195297279.49457,11939073411.24292
ethereum,2026-07-28 04:00:00+00:00,1879.287840421992,226797343311.996,11954799705.773016
ethereum,2026-07-28 05:00:00+00:00,1877.0905475669715,226532168296.6108,11849598485.01116
ethereum,2026-07-28 06:00:00+00:00,1881.7250522826691,227091472376.8475,11759630033.832226
ethereum,2026-07-28 07:00:00+00:00,1886.1337832330855,227623529492.0084,11377437786.538162
ethereum,2026-07-28 08:00:00+00:00,1881.818721824887,227102776660.77213,11140709763.074709
ethereum,2026-07-28 09:00:00+00:00,1882.264654901916,227156593024.072,11085395139.684334
ethereum,2026-07-28 10:00:00+00:00,1874.7159367171184,226245594084.5276,10952886379.428925
ethereum,2026-07-28 11:00:00+00:00,1877.3685737209007,226565721215.82108,10979215191.313002
ethereum,2026-07-28 12:00:00+00:00,1875.6916387481951,226363344342.7651,11085214735.846264
ethereum,2026-07-28 13:00:00+00:00,1890.804421442845,228187194256.26663,10828269548.597763
ethereum,2026-07-28 14:00:00+00:00,1872.6177308351705,225992377142.7096,10980045166.732365
ethereum,2026-07-28 15:00:00+00:00,1886.6891973993063,227690558317.83652,10501236705.919828
ethereum,2026-07-28 16:00:00+00:00,1917.0786673768737,231358038576.7544,11104877504.869894
ethereum,2026-07-28 17:00:00+00:00,1924.003100289732,232193697146.34625,11207448973.531258
ethereum,2026-07-28 18:00:00+00:00,1899.8097147799529,229273976472.73785,11284861847.742346
ethereum,2026-07-28 19:00:00+00:00,1909.5179917479788,230445596581.76328,11312536005.70609
ethereum,2026-07-28 20:00:00+00:00,1919.6940468233024,231673669369.1452,11297089798.822008
ethereum,2026-07-28 21:00:00+00:00,1916.7451174906007,231317784909.1461,11294766318.143818
ethereum,2026-07-28 22:00:00+00:00,1922.8280447617124,232051888389.7169,11164667964.26333
ethereum,2026-07-28 23:00:00+00:00,1910.5935113881608,230575393088.6244,10417608202.478924
ethereum,2026-07-29 00:00:00+00:00,1920.4888660862464,231769590224.5733,10140108111.11028
ethereum,2026-07-29 01:00:00+00:00,1915.5694183625249,231175898481.18832,9963619919.763483
ethereum,2026-07-29 02:00:00+00:00,1903.671393549686,229739931602.96783,9657543922.938108
ethereum,2026-07-29 03:00:00+00:00,1908.5093971845297,230323794252.756,9717616283.87218
ethereum,2026-07-29 04:00:00+00:00,1890.4562925046584,228145099416.85727,9710055651.44773
ethereum,2026-07-29 05:00:00+00:00,1903.498561794887,229719073824.85504,10006504070.227709
ethereum,2026-07-29 06:00:00+00:00,1910.7072964293964,230589042353.8184,10042049348.830072
ethereum,2026-07-29 07:00:00+00:00,1918.6707093711384,231550087390.66724,10122495246.178345
ethereum,2026-07-29 08:00:00+00:00,1921.7899306628956,231926522992.2374,10209291164.183653
ethereum,2026-07-29 09:00:00+00:00,1913.4009931829069,230914124566.0151,10202898126.579224
ethereum,2026-07-29 10:00:00+00:00,1920.7285932854452,231798438083.6081,10230677388.79908
ethereum,2026-07-29 11:00:00+00:00,1910.4043710928847,230552484549.6056,10251166340.620552
ethereum,2026-07-29 12:00:00+00:00,1913.3460302469,230907491498.3535,10084264466.51177
ethereum,2026-07-29 13:00:00+00:00,1903.51712038314,229721313522.7409,9919871736.2901
ethereum,2026-07-29 14:00:00+00:00,1905.655204685378,229979343003.5758,9634711243.57946
ethereum,2026-07-29 15:00:00+00:00,1893.461169475028,228507735653.33545,9540541545.555704
ethereum,2026-07-29 16:00:00+00:00,1889.7776348522991,228063197275.9925,9071412643.197134
ethereum,2026-07-29 17:00:00+00:00,1893.2294621949693,228479772626.28525,8974940401.940296
ethereum,2026-07-29 18:00:00+00:00,1915.3246383701724,231146274986.11816,8923911615.201576
ethereum,2026-07-29 19:00:00+00:00,1918.4123096816163,231518903055.3885,9734979253.520306
ethereum,2026-07-29 20:00:00+00:00,1886.6170874075851,227681774328.60944,10045589184.165491
ethereum,2026-07-29 21:00:00+00:00,1882.4888909044728,227183573018.50824,10299802411.112225
ethereum,2026-07-29 22:00:00+00:00,1895.411596733874,228743118202.32065,10582724556.234575
ethereum,2026-07-29 23:00:00+00:00,1905.0725744484696,229909029696.75684,10627840702.926542
ethereum,2026-07-30 00:00:00+00:00,1908.7417326276595,230351833088.13196,10381004662.332052
ethereum,2026-07-30 01:00:00+00:00,1896.1532352308272,228832621032.55777,10273703586.861572
ethereum,2026-07-30 02:00:00+00:00,1914.8496725662085,231088861962.4992,10540849244.770687
ethereum,2026-07-30 03:00:00+00:00,1908.8814196597305,230368598230.1436,10461902284.022982
ethereum,2026-07-30 04:00:00+00:00,1908.0345236006417,230266392689.26007,10273801910.967249
ethereum,2026-07-30 05:00:00+00:00,1900.19317735248,229320079353.70035,10013585869.361862
ethereum,2026-07-30 06:00:00+00:00,1903.6513757187008,229737423407.5652,10010715935.177496
ethereum,2026-07-30 07:00:00+00:00,1898.598303675309,229127605997.53476,9862322419.83058
ethereum,2026-07-30 08:00:00+00:00,1901.0809698893345,229427220384.11115,9782467285.903292
ethereum,2026-07-30 09:00:00+00:00,1912.7445386138857,230834809116.31995,9835344887.144356
ethereum,2026-07-30 10:00:00+00:00,1915.8895435300435,231214356198.97284,9872643050.009022
ethereum,2026-07-30 11:00:00+00:00,1916.0118672557924,231229118533.0502,9786735623.62032
ethereum,2026-07-30 12:00:00+00:00,1921.1773408064964,231852500838.94675,9845420354.025064
ethereum,2026-07-30 13:00:00+00:00,1923.5934836072277,232144087013.1301,9780300374.680466
ethereum,2026-07-30 14:00:00+00:00,1928.165365056167,232695833135.1361,9778458325.67596
ethereum,2026-07-30 15:00:00+00:00,1915.8504831922685,231209642299.42572,9596021719.249964
ethereum,2026-07-30 16:00:00+00:00,1917.0916655042893,231359431294.3961,9475484593.309908
ethereum,2026-07-30 17:00:00+00:00,1917.7285306526303,231436289778.0996,9355492315.143318
ethereum,2026-07-30 18:00:00+00:00,1919.2823111908804,231623803911.1764,9108750466.176657
ethereum,2026-07-30 19:00:00+00:00,1914.79770725464,231082590658.342,8295793404.910789
ethereum,2026-07-30 20:00:00+00:00,1921.8867458460809,231938113618.6948,7786256109.705098
ethereum,2026-07-30 21:00:00+00:00,1919.9835425014496,231708430264.8028,7455225984.08533
ethereum,2026-07-30 22:00:00+00:00,1916.6729690821628,231308901959.85703,7264922303.990534
ethereum,2026-07-30 23:00:00+00:00,1924.38587422052,232239714700.0859,7246172483.82142
ethereum,2026-07-31 00:00:00+00:00,1917.571363546208,231417322457.4365,7233808983.066724
ethereum,2026-07-31 01:00:00+00:00,1915.261624064036,231138577302.65372,7188609957.989213
ethereum,2026-07-31 02:00:00+00:00,1908.4017759296523,230310379934.5445,7241187099.149231
ethereum,2026-07-31 03:00:00+00:00,1902.5545384201207,229604721666.2631,7247522261.408902
ethereum,2026-07-31 04:00:00+00:00,1907.6680901604493,230221837023.72305,7354093682.066667
ethereum,2026-07-31 05:00:00+00:00,1904.5549781162763,229846139397.19836,7218822598.231786
ethereum,2026-07-31 06:00:00+00:00,1904.3837269591472,229825472407.90912,7123027860.906303
ethereum,2026-07-31 07:00:00+00:00,1901.1584090989131,229436233521.64877,7145622304.932712
ethereum,2026-07-31 08:00:00+00:00,1888.371245480581,227893048774.93115,7467819565.678729
ethereum,2026-07-31 09:00:00+00:00,1888.7049375047743,227933319507.1441,7315704075.87156
ethereum,2026-07-31 10:00:00+00:00,1881.8962173793493,227111627272.9757,7535790046.583704
ethereum,2026-07-31 11:00:00+00:00,1885.7037052239464,227571123791.55243,7576670184.507358
ethereum,2026-07-31 12:00:00+00:00,1882.2568779318656,227155152630.12277,7596692112.89615
ethereum,2026-07-31 13:00:00+00:00,1880.7843358799444,226977442818.8424,7727585052.741345
ethereum,2026-07-31 14:00:00+00:00,1864.8997469497865,225060453557.06775,7856837516.973642
ethereum,2026-07-31 15:00:00+00:00,1857.2734911847328,224140099214.0354,8648885640.920849
ethereum,2026-07-31 16:00:00+00:00,1860.9705703314169,224586271353.2885,8943961162.238895
ethereum,2026-07-31 17:00:00+00:00,1863.078348796119,224840642977.3072,9060353646.590763
ethereum,2026-07-31 18:00:00+00:00,1873.5158534193072,226100265393.11847,9235569874.63674
ethereum,2026-07-31 19:00:00+00:00,1870.1922859049732,225699169509.3173,9226991823.736725
ethereum,2026-07-31 20:00:00+00:00,1865.951204507214,225187345908.8726,9231534734.43339
ethereum,2026-07-31 21:00:00+00:00,1860.638732715633,224546224415.4101,9238496811.192204
ethereum,2026-07-31 22:00:00+00:00,1859.8870803899497,224455513258.62415,9277266443.68665
ethereum,2026-07-31 23:00:00+00:00,1859.871371738634,224453617501.92432,9173452678.51698
ethereum,2026-08-01 00:00:00+00:00,1860.5923268286904,224540624044.6769,8983553463.1014
ethereum,2026-08-01 01:00:00+00:00,1862.9887781925984,224829833387.84445,8891173249.458086
ethereum,2026-08-01 02:00:00+00:00,1864.9501159493495,225066403228.10065,8412461531.176316
ethereum,2026-08-01 03:00:00+00:00,1866.477857674192,225250774559.07144,8226421860.812776
ethereum,2026-08-01 04:00:00+00:00,1867.8645768000692,225418126963.44925,8008074871.938894
ethereum,2026-08-01 05:00:00+00:00,1867.8651782195043,225418199544.1086,7940961175.638354
ethereum,2026-08-01 06:00:00+00:00,1865.632367618844,225148738904.55447,7902150178.848471
ethereum,2026-08-01 07:00:00+00:00,1868.804594999115,225531570488.4094,7809600498.012484
ethereum,2026-08-01 08:00:00+00:00,1867.805828545098,225411037091.0021,7363145914.502726
ethereum,2026-08-01 09:00:00+00:00,1867.737014445651,225402732449.6493,7145972127.066205
ethereum,2026-08-01 10:00:00+00:00,1866.336610293772,225233728505.3434,6771433801.615403
ethereum,2026-08-01 11:00:00+00:00,1865.526318768971,225135940689.201,6691887587.67131
ethereum,2026-08-01 12:00:00+00:00,1865.223010580646,225099336770.1835,6610021893.647877
ethereum,2026-08-01 13:00:00+00:00,1867.3475919840275,225355736065.12173,6329501975.520196
ethereum,2026-08-01 14:00:00+00:00,1867.6281235403408,225389591248.60977,5802920062.962976
ethereum,2026-08-01 15:00:00+00:00,1872.2550878805896,225947983783.0901,4621987361.500657
ethereum,2026-08-01 16:00:00+00:00,1868.7325811577105,225522879694.9512,4185547520.106752
ethereum,2026-08-01 17:00:00+00:00,1866.994121584234,225313078456.8304,3924248826.56684
ethereum,2026-08-01 18:00:00+00:00,1860.3696100911632,224513617408.4421,3775862605.760797
ethereum,2026-08-01 19:00:00+00:00,1834.9487630001515,221445772015.23,4385342733.074924
ethereum,2026-08-01 20:00:00+00:00,1835.4617904852291,221507685333.8953,4382881659.582901
ethereum,2026-08-01 21:00:00+00:00,1836.593744813344,221644292145.5566,4392827824.394296
ethereum,2026-08-01 22:00:00+00:00,1844.0682985180963,222546338212.99664,4422993412.184039
ethereum,2026-08-01 23:00:00+00:00,1845.8004096360823,222755373305.13263,4357393154.205997
ethereum,2026-08-02 00:00:00+00:00,1843.443563411847,222470943765.64316,4357579694.724913
ethereum,2026-08-02 01:00:00+00:00,1844.4322862609545,222590265078.06577,4383265657.319682
ethereum,2026-08-02 02:00:00+00:00,1855.4823486268303,223923791801.6798,4556583954.847806
ethereum,2026-08-02 03:00:00+00:00,1874.9031124756084,226267533354.33957,5080860301.18664
ethereum,2026-08-02 04:00:00+00:00,1875.796988415826,226375408317.4627,5200066807.388552
ethereum,2026-08-02 05:00:00+00:00,1879.6607784812024,226841699210.9358,5291328907.761249
ethereum,2026-08-02 06:00:00+00:00,1874.7636205331075,226250699152.32532,5327689059.982219
ethereum,2026-08-02 07:00:00+00:00,1875.884243671229,226385938478.3445,5368265253.535086
ethereum,2026-08-02 08:00:00+00:00,1874.5228772857836,226221645714.64032,5380937290.078541
ethereum,2026-08-02 09:00:00+00:00,1866.7444221806231,225282924221.11835,5449864184.642266
ethereum,2026-08-02 10:00:00+00:00,1869.1989647693108,225579143952.87943,5517290914.363178
ethereum,2026-08-02 11:00:00+00:00,1867.12400117562,225328732669.74677,5399244947.293176
ethereum,2026-08-02 12:00:00+00:00,1850.411086808716,223311780495.63223,5490558713.044702
ethereum,2026-08-02 13:00:00+00:00,1855.139718460716,223882442420.9979,5585638462.209328
ethereum,2026-08-02 14:00:00+00:00,1853.3054242979144,223661075667.2165,5597105919.555463
ethereum,2026-08-02 15:00:00+00:00,1853.444566830864,223677867701.6985,5570789502.798697
ethereum,2026-08-02 16:00:00+00:00,1856.883811444559,224092923493.20303,5579593710.473631
ethereum,2026-08-02 17:00:00+00:00,1861.43506208729,224642178678.58084,5559158107.19127
ethereum,2026-08-02 18:00:00+00:00,1867.1385173737192,225330484517.2506,5434132769.519909
ethereum,2026-08-02 19:00:00+00:00,1874.015570614145,226160422802.1165,4944849286.420311
ethereum,2026-08-02 20:00:00+00:00,1880.427004648729,226934169111.78784,4888249511.72032
ethereum,2026-08-02 21:00:00+00:00,1882.1657117269208,227144000200.76013,4787238780.387612
ethereum,2026-08-02 22:00:00+00:00,1888.7024707200344,227932871008.8898,4921751860.773201
ethereum,2026-08-02 23:00:00+00:00,1880.3166714391448,226920853851.3813,5105952175.950344
ethereum,2026-08-03 00:00:00+00:00,1882.9305589557664,227236303688.18417,5173055599.256301
ethereum,2026-08-03 01:00:00+00:00,1871.667911564496,225877102016.74533,5175419968.530627
ethereum,2026-08-03 02:00:00+00:00,1865.206503554425,225097302454.2311,5108191940.219462
ethereum,2026-08-03 03:00:00+00:00,1861.8073237932829,224687081820.03748,4750084079.242497
ethereum,2026-08-03 04:00:00+00:00,1856.0368170438296,223990684128.61804,4762927614.328279
ethereum,2026-08-03 05:00:00+00:00,1853.575134679054,223693602781.9928,4748647236.62652
ethereum,2026-08-03 06:00:00+00:00,1857.8884613870005,224214144719.15216,4737548063.34262
ethereum,2026-08-03 07:00:00+00:00,1847.4708590408309,222956925112.8003,4831496324.992152
ethereum,2026-08-03 08:00:00+00:00,1841.6399146916656,222253233676.3526,5079320092.219699
ethereum,2026-08-03 09:00:00+00:00,1838.3170567861423,221852223734.80103,5332490462.876883
ethereum,2026-08-03 10:00:00+00:00,1850.5525111282616,223328825795.4653,5444447913.286888
ethereum,2026-08-03 11:00:00+00:00,1844.1506807060923,222556238547.85837,5578501976.062958
ethereum,2026-08-03 12:00:00+00:00,1837.4613448414457,221748954498.89493,5470638490.504133
ethereum,2026-08-03 13:00:00+00:00,1841.497555918887,222236053500.49957,5549374995.99828
ethereum,2026-08-03 14:00:00+00:00,1856.8165336778748,224084782080.0608,5948032958.504301
ethereum,2026-08-03 15:00:00+00:00,1870.963566088427,225792077667.5893,6577616692.030286
ethereum,2026-08-03 16:00:00+00:00,1861.084671613053,224599870534.81387,6852215634.57484
ethereum,2026-08-03 17:00:00+00:00,1864.286836199067,224986314935.9848,7027133586.846765
ethereum,2026-08-03 18:00:00+00:00,1866.842105460457,225294690559.10596,7139904461.334631
ethereum,2026-08-03 19:00:00+00:00,1867.277165616804,225347194594.1349,7017988119.785535
ethereum,2026-08-03 20:00:00+00:00,1868.845337872194,225536445137.5998,7116130260.187791
ethereum,2026-08-03 21:00:00+00:00,1867.2802218208144,225347563423.68655,7145080831.419167
ethereum,2026-08-03 22:00:00+00:00,1862.4070677191487,224759460261.5765,7065037807.6539
ethereum,2026-08-03 23:00:00+00:00,1858.380194765041,224273488205.6309,6935180860.316892
ethereum,2026-08-04 00:00:00+00:00,1858.537696995,224292495927.8464,6905850664.836938
ethereum,2026-08-04 01:00:00+00:00,1849.045407239239,223146945119.36276,6971549183.489539
ethereum,2026-08-04 02:00:00+00:00,1866.1588738753612,225212176904.30423,7126195988.891863
ethereum,2026-08-04 03:00:00+00:00,1864.345832983359,224993375122.8372,7146572946.608192
ethereum,2026-08-04 04:00:00+00:00,1862.644850887544,224788096844.53165,7121116699.06053
ethereum,2026-08-04 05:00:00+00:00,1867.521650064171,225376639746.35464,7186725863.953694
ethereum,2026-08-04 06:00:00+00:00,1862.719711487946,224797131187.22183,7171600989.108807
ethereum,2026-08-04 07:00:00+00:00,1854.9870150479517,223863932292.4381,7233886644.872613
ethereum,2026-08-04 08:00:00+00:00,1862.2291248369995,224737926106.04327,7161530241.481761
ethereum,2026-08-04 09:00:00+00:00,1855.7780273168885,223959393401.1032,6841940920.753657
ethereum,2026-08-04 10:00:00+00:00,1856.5321879396372,224050407171.66824,6789146353.165552
ethereum,2026-08-04 11:00:00+00:00,1865.0787350742612,225081823366.8,6890159738.129411
ethereum,2026-08-04 12:00:00+00:00,1870.9809756532056,225794118803.1669,6949843777.699749
ethereum,2026-08-04 13:00:00+00:00,1873.5917610733045,226109194157.21185,7046810819.01994
ethereum,2026-08-04 14:00:00+00:00,1859.96555297078,224464753250.98407,7055969933.597874
ethereum,2026-08-04 15:00:00+00:00,1871.5366102299688,225861174011.7817,6881051853.323935
ethereum,2026-08-04 16:00:00+00:00,1871.520494412927,225859229119.3669,6844447917.608578
ethereum,2026-08-04 17:00:00+00:00,1867.6644842964115,225393877297.1493,6831878493.964558
ethereum,2026-08-04 18:00:00+00:00,1868.2046121605197,225459061121.4128,6932447959.669606
ethereum,2026-08-04 19:00:00+00:00,1873.6267978363987,226113422471.20944,7011867979.966471
ethereum,2026-08-04 20:00:00+00:00,1874.9623404392305,226274598703.92087,7077724296.262859
ethereum,2026-08-04 21:00:00+00:00,1874.98118997904,226276873508.04047,7092863086.084542
ethereum,2026-08-04 22:00:00+00:00,1870.9037728321653,225784801796.11404,7017486933.870768
ethereum,2026-08-04 23:00:00+00:00,1874.021744918835,226161085557.9073,6935594712.257531
ethereum,2026-08-05 00:00:00+00:00,1868.621381582403,225509357776.2601,7025816689.849928
ethereum,2026-08-05 01:00:00+00:00,1862.5221799117223,224773292640.08023,6998403131.364566
ethereum,2026-08-05 02:00:00+00:00,1871.7748200932529,225889851097.89288,6909618957.39622
ethereum,2026-08-05 03:00:00+00:00,1872.930528333539,226029324478.72287,6923155955.570224
ethereum,2026-08-05 04:00:00+00:00,1866.2473473098853,225222783675.79755,6978017048.640779
ethereum,2026-08-05 05:00:00+00:00,1865.7787499634965,225166232330.16327,6911356647.998795
ethereum,2026-08-05 06:00:00+00:00,1871.954872093691,225911580164.4089,6973199920.969303
ethereum,2026-08-05 07:00:00+00:00,1868.1574619916428,225453300464.6817,6885014106.718427
ethereum,2026-08-05 08:00:00+00:00,1869.9493397839965,225669548168.9222,7020635211.117457
ethereum,2026-08-05 09:00:00+00:00,1868.3820682900769,225480406440.65927,7108771309.725651
ethereum,2026-08-05 10:00:00+00:00,1870.2883859927745,225710465001.8628,7127301003.388558
ethereum,2026-08-05 11:00:00+00:00,1866.5773722830688,225262611806.43097,7038783122.894344
ethereum,2026-08-05 12:00:00+00:00,1867.2494741445216,225343722518.98917,6994865196.615545
ethereum,2026-08-05 13:00:00+00:00,1874.8462166865784,226260513910.36423,7147382904.338899
ethereum,2026-08-05 14:00:00+00:00,1876.1175573618857,226413942064.62564,7329503958.747493
ethereum,2026-08-05 15:00:00+00:00,1874.5901288758448,226229608677.09924,7134287782.145432
ethereum,2026-08-05 16:00:00+00:00,1872.393965742379,225964570939.71768,7264277946.434594
ethereum,2026-08-05 17:00:00+00:00,1893.3870945056467,228498067319.46765,7612489401.509415
ethereum,2026-08-05 18:00:00+00:00,1914.8807064526263,231091963096.96143,8076046135.023333
ethereum,2026-08-05 19:00:00+00:00,1916.3356361765293,231267547176.3936,8471724117.67345
ethereum,2026-08-05 20:00:00+00:00,1916.2840866379267,231261326066.1008,8556515986.383983
ethereum,2026-08-05 21:00:00+00:00,1915.772833451026,231199626920.9779,8584522446.510672
ethereum,2026-08-05 22:00:00+00:00,1907.646094117452,230218874365.5605,8734837435.089178
ethereum,2026-08-05 23:00:00+00:00,1905.266861466896,229931743401.1988,8771881897.642582
ethereum,2026-08-06 00:00:00+00:00,1907.4360439632449,230193525056.68655,8719148747.985065
ethereum,2026-08-06 01:00:00+00:00,1908.8258895340944,230361254639.1545,8619641810.856752
ethereum,2026-08-06 02:00:00+00:00,1905.311067875368,229937021706.76065,8633657482.04375
ethereum,2026-08-06 03:00:00+00:00,1897.38539939944,228980535054.72952,8741876789.60986
ethereum,2026-08-06 04:00:00+00:00,1896.6946483372624,228897173736.6456,8616301991.455275
ethereum,2026-08-06 05:00:00+00:00,1905.91584301023,230010007265.7369,8741457400.439844
ethereum,2026-08-06 06:00:00+00:00,1911.7864997803536,230718490702.34976,8883048861.714285
ethereum,2026-08-06 07:00:00+00:00,1911.2655624557692,230655622869.93616,8701752992.766348
ethereum,2026-08-06 08:00:00+00:00,1907.7663847361976,230233334605.9216,8556102206.27129
ethereum,2026-08-06 09:00:00+00:00,1914.5486205304276,231051829352.17697,8568233555.307672
ethereum,2026-08-06 10:00:00+00:00,1905.5046451163169,229960383022.92813,8690436908.42931
ethereum,2026-08-06 11:00:00+00:00,1900.1638732952224,229315847237.2166,8640711915.711487
ethereum,2026-08-06 12:00:00+00:00,1905.321253357993,229938250912.6258,8737055024.704987
ethereum,2026-08-06 13:00:00+00:00,1897.551638071006,229000597093.7723,8508966743.6792
ethereum,2026-08-06 14:00:00+00:00,1906.1265353374904,230035434067.1887,8380329914.851858
ethereum,2026-08-06 15:00:00+00:00,1913.216020911893,230891008375.1829,8494784214.913852
ethereum,2026-08-06 16:00:00+00:00,1910.140674296156,230519868956.81635,8589123103.155672
ethereum,2026-08-06 17:00:00+00:00,1914.0164810281117,230987609616.95468,8310278241.066579
ethereum,2026-08-06 18:00:00+00:00,1912.476346904672,230801742931.2761,7839503391.628678
ethereum,2026-08-06 19:00:00+00:00,1904.1569437982,229797739540.47372,7407246873.286341
ethereum,2026-08-06 20:00:00+00:00,1908.162983995348,230281197054.2104,7394225522.174441
ethereum,2026-08-06 21:00:00+00:00,1905.635260660056,229976145986.584,7251541160.337364
ethereum,2026-08-06 22:00:00+00:00,1904.698640099033,229863112610.61603,7081951918.56517
ethereum,2026-08-06 23:00:00+00:00,1903.5468828983048,229724116084.0489,7053877451.4953
ethereum,2026-08-07 00:00:00+00:00,1902.162272065764,229557018282.317,7041288910.521751
ethereum,2026-08-07 01:00:00+00:00,1902.0994087943063,229549431808.03604,7003654137.757144
ethereum,2026-08-07 02:00:00+00:00,1901.519821856984,229479486014.7033,6977438744.660594
ethereum,2026-08-07 03:00:00+00:00,1901.362625067596,229460456347.8133,6858510492.32339
ethereum,2026-08-07 04:00:00+00:00,1895.7334012968909,228781109736.97733,6809337350.742408
ethereum,2026-08-07 05:00:00+00:00,1895.4818370920648,228750750437.55743,6813193980.528745
ethereum,2026-08-07 06:00:00+00:00,1899.856443058032,229278687122.57407,6733879747.049823
ethereum,2026-08-07 07:00:00+00:00,1902.6603055527764,229617063168.83603,6800912603.240307
ethereum,2026-08-07 08:00:00+00:00,1900.807680198508,229393484429.23767,6725236520.015821
ethereum,2026-08-07 09:00:00+00:00,1909.0306466422285,230385849382.5784,6754991307.936032
ethereum,2026-08-07 10:00:00+00:00,1911.7870937040616,230718503234.27817,7194550763.806535
ethereum,2026-08-07 11:00:00+00:00,1911.427057194136,230675053268.0381,7227752256.118003
ethereum,2026-08-07 12:00:00+00:00,1914.5767227846584,231055161562.06677,7296100660.755439
ethereum,2026-08-07 13:00:00+00:00,1931.035762582896,233041473238.4184,8025016114.396354
ethereum,2026-08-07 14:00:00+00:00,1922.379601802765,231996829477.8636,7980544165.583447
ethereum,2026-08-07 15:00:00+00:00,1912.4682250244452,230800703600.24072,7981605574.281593
ethereum,2026-08-07 16:00:00+00:00,1917.027974290875,231350983769.68988,7866202928.858986
ethereum,2026-08-07 17:00:00+00:00,1909.185197871937,230404500951.31677,7809124354.470652
ethereum,2026-08-07 18:00:00+00:00,1910.7710778365365,230595888294.05304,7883779354.733894
ethereum,2026-08-07 19:00:00+00:00,1908.248190127709,230291420878.2379,7826034234.849859
ethereum,2026-08-07 20:00:00+00:00,1917.6177337310896,231422157184.2206,7898853171.826834
ethereum,2026-08-07 21:00:00+00:00,1913.5945818024563,230936634714.5297,7899761985.73224
ethereum,2026-08-07 22:00:00+00:00,1915.3906582132477,231153389008.22525,8009643744.872792
ethereum,2026-08-07 23:00:00+00:00,1913.67628776763,230946495162.9302,7970499910.136462
ethereum,2026-08-08 00:00:00+00:00,1912.9851571036104,230863088055.06396,7937017648.61706
ethereum,2026-08-08 01:00:00+00:00,1913.188774317744,230887661010.40625,7894835055.651559
ethereum,2026-08-08 02:00:00+00:00,1913.5597841234296,230932383735.0846,7813348519.048011
ethereum,2026-08-08 03:00:00+00:00,1912.1020134596588,230756456932.527,7723577615.189691
ethereum,2026-08-08 04:00:00+00:00,1917.0061118271772,231348293746.55225,7735205243.251974
ethereum,2026-08-08 05:00:00+00:00,1915.9073936116613,231215698141.92703,7571844536.955963
ethereum,2026-08-08 06:00:00+00:00,1916.2086269877,231252051613.6953,7461917793.682865
ethereum,2026-08-08 07:00:00+00:00,1915.3675564326848,231150549465.8292,7355494595.021274
ethereum,2026-08-08 08:00:00+00:00,1913.9680271421903,230981651353.60785,7246504964.738499
ethereum,2026-08-08 09:00:00+00:00,1915.7323649616253,231194575319.57776,6966525653.945202
ethereum,2026-08-08 10:00:00+00:00,1917.6981107626732,231431805620.62177,6379228592.64554
ethereum,2026-08-08 11:00:00+00:00,1919.8160446465067,231687402296.746,6319960541.14875
ethereum,2026-08-08 12:00:00+00:00,1919.7250296101936,231676418412.4347,6126337767.319921
ethereum,2026-08-08 13:00:00+00:00,1917.9941563803425,231467533022.8957,5277065380.243523
ethereum,2026-08-08 14:00:00+00:00,1918.6390969703164,231545365797.7303,4777827319.838967
ethereum,2026-08-08 15:00:00+00:00,1922.587948972941,232021921489.1433,4449845421.256258
ethereum,2026-08-08 16:00:00+00:00,1921.4138000733003,231880222752.316,4302641728.851934
ethereum,2026-08-08 17:00:00+00:00,1921.056911003229,231837152635.3725,4132180081.728631
ethereum,2026-08-08 18:00:00+00:00,1922.5342607150767,232015442278.2664,3940476984.6564894
ethereum,2026-08-08 19:00:00+00:00,1919.6502433456387,231667393050.12955,3859116669.824757
ethereum,2026-08-08 20:00:00+00:00,1919.0122850996656,231590402919.1243,3633374755.306258
ethereum,2026-08-08 21:00:00+00:00,1918.8835377070209,231574865415.3944,3561746930.1324606
ethereum,2026-08-08 22:00:00+00:00,1919.3973450429569,231636872755.77267,3417706191.498352
ethereum,2026-08-08 23:00:00+00:00,1915.6002087439056,231178626431.73187,3392834564.3287754
ethereum,2026-08-09 00:00:00+00:00,1915.447810935271,231160234746.49893,3398047722.2540674
ethereum,2026-08-09 01:00:00+00:00,1916.395575341452,231274612930.7368,3425505764.2129107
ethereum,2026-08-09 02:00:00+00:00,1914.8020308090352,231082277829.53745,3412434188.7354884
ethereum,2026-08-09 03:00:00+00:00,1913.3557888132852,230907742347.9089,3356639417.08972
ethereum,2026-08-09 04:00:00+00:00,1912.645076378464,230821972098.2028,3321354310.6883373
ethereum,2026-08-09 05:00:00+00:00,1911.688285178916,230706504553.12952,3300348407.401494
ethereum,2026-08-09 06:00:00+00:00,1912.9801365323976,230862407852.0484,3303267494.517324
ethereum,2026-08-09 07:00:00+00:00,1917.5907166837133,231418822220.91736,3363140907.803725
ethereum,2026-08-09 08:00:00+00:00,1917.3799888201577,231393391145.5743,3440231633.161011
ethereum,2026-08-09 09:00:00+00:00,1914.2711372529948,231018208494.8277,3501595373.8861117
ethereum,2026-08-09 10:00:00+00:00,1919.5463918880669,231654837158.04684,3479381127.7515445
ethereum,2026-08-09 11:00:00+00:00,1918.846891291628,231570419976.2351,3502358564.0214605
ethereum,2026-08-09 12:00:00+00:00,1917.7433040154272,231437236776.3717,3486014886.9629564
ethereum,2026-08-09 13:00:00+00:00,1916.252385331384,231257309619.39984,3470798547.3645954
ethereum,2026-08-09 14:00:00+00:00,1921.8136617268133,231928455981.48752,3610346126.265131
ethereum,2026-08-09 15:00:00+00:00,1923.40966941438,232121065497.21924,3539195538.8680058
ethereum,2026-08-09 16:00:00+00:00,1925.1866277696945,232335512514.58572,3541018281.37116
ethereum,2026-08-09 17:00:00+00:00,1922.672854746909,232032145175.9757,3550474496.228901
ethereum,2026-08-09 18:00:00+00:00,1921.7599916725064,231921978968.09348,3521011245.763831
ethereum,2026-08-09 19:00:00+00:00,1920.1553026298768,231728321768.4391,3484086147.0913134
ethereum,2026-08-09 20:00:00+00:00,1920.680852748792,231791746246.08145,3459885830.0321417
ethereum,2026-08-09 21:00:00+00:00,1919.4788441329936,231646685354.96045,3494675398.7704034
ethereum,2026-08-09 22:00:00+00:00,1923.6375629918568,232148568166.4972,3513949083.6501474
ethereum,2026-08-09 23:00:00+00:00,1917.9402293458745,231461002133.4112,3813186356.032581
ethereum,2026-08-10 00:00:00+00:00,1908.940734099038,230374924394.0449,4015296300.504261
ethereum,2026-08-10 01:00:00+00:00,1911.0496030915272,230629427075.04663,4255965196.821451
ethereum,2026-08-10 02:00:00+00:00,1923.4097701466264,232121048619.04044,4452945901.90957
ethereum,2026-08-10 03:00:00+00:00,1922.3014732138065,231987297064.78488,4617586139.081327
ethereum,2026-08-10 04:00:00+00:00,1915.7087891067845,231191678381.8147,4766130076.215826
ethereum,2026-08-10 05:00:00+00:00,1914.3788690845956,231031180897.12823,4897376244.463847
ethereum,2026-08-10 06:00:00+00:00,1921.9741209263652,231947791517.185,4990578446.051944
ethereum,2026-08-10 07:00:00+00:00,1926.641287103867,232511034734.5252,5107358418.859381
ethereum,2026-08-10 08:00:00+00:00,1924.1063346873336,232205111461.046,5130992952.291994
ethereum,2026-08-10 09:00:00+00:00,1925.1846847973725,232335248971.11057,5170682021.560324
ethereum,2026-08-10 10:00:00+00:00,1914.8392626576624,231086742140.81973,5238089717.032101
ethereum,2026-08-10 11:00:00+00:00,1916.166400718218,231246903892.65225,5295868782.925429
ethereum,2026-08-10 12:00:00+00:00,1918.621762889,231543222051.51132,5356533861.536119
ethereum,2026-08-10 13:00:00+00:00,1904.9910075134903,229898234446.50836,5605677494.847391
ethereum,2026-08-10 14:00:00+00:00,1896.1606072481252,228832563573.28293,6041274130.801685
ethereum,2026-08-10 15:00:00+00:00,1891.6499974175983,228288213898.02188,6258098970.250426
ethereum,2026-08-10 16:00:00+00:00,1875.5714923367389,226347826822.1513,6935353961.629097
ethereum,2026-08-10 17:00:00+00:00,1870.102025683396,225687760332.594,7314325111.466608
ethereum,2026-08-10 18:00:00+00:00,1872.112604721972,225930401147.88437,7490325834.357572
ethereum,2026-08-10 19:00:00+00:00,1871.1283820036651,225811623125.1281,7685096303.935885
ethereum,2026-08-10 20:00:00+00:00,1876.0787114081304,226409039063.3276,7854939919.706396
ethereum,2026-08-10 21:00:00+00:00,1877.9924140540136,226639988636.21732,7885876966.424147
ethereum,2026-08-10 22:00:00+00:00,1872.931433330268,226029219069.13385,7888268554.392403
ethereum,2026-08-10 23:00:00+00:00,1874.4264014072503,226209634892.67145,7653513224.703237
ethereum,2026-08-11 00:00:00+00:00,1871.397655188316,225844119567.10123,7444257808.359959
ethereum,2026-08-11 01:00:00+00:00,1873.406284001485,226086525025.1767,7299501615.380532
ethereum,2026-08-11 02:00:00+00:00,1876.4019367007195,226448005489.22324,7199516547.12144
ethereum,2026-08-11 03:00:00+00:00,1876.7334814688531,226488016986.76324,7100160612.745474
ethereum,2026-08-11 04:00:00+00:00,1879.1152667525755,226775455683.37363,6981064659.177639
ethereum,2026-08-11 05:00:00+00:00,1874.5218538205677,226221113259.98508,6872223879.129231
ethereum,2026-08-11 06:00:00+00:00,1872.5217419547607,225979735688.41644,6874264410.44102
ethereum,2026-08-11 07:00:00+00:00,1872.1112437488305,225930195929.27863,6879063319.981648
ethereum,2026-08-11 08:00:00+00:00,1875.9587426322807,226394519926.8393,7040189315.228776
ethereum,2026-08-11 09:00:00+00:00,1877.578063545148,226589942871.0357,7132870514.752232
ethereum,2026-08-11 10:00:00+00:00,1882.4279094561216,227175232148.3433,7187555408.692385
ethereum,2026-08-11 11:00:00+00:00,1884.579591745964,227434901547.2344,7250526864.213081
ethereum,2026-08-11 12:00:00+00:00,1891.792977053589,228305427570.35776,7457165288.205897
ethereum,2026-08-11 13:00:00+00:00,1888.267611566984,227879979286.8914,7435162222.4428835
ethereum,2026-08-11 14:00:00+00:00,1889.2632854175176,228000139234.0548,7178667561.232664
ethereum,2026-08-11 15:00:00+00:00,1871.9743915241684,225913680324.2182,5180518117.910175
ethereum,2026-08-11 16:00:00+00:00,1861.356366175506,224632275410.15897,6905597229.864315
ethereum,2026-08-11 17:00:00+00:00,1863.3897887768155,224877672989.09818,6709436781.754231
ethereum,2026-08-11 18:00:00+00:00,1863.2373556500647,224859277049.05573,6616931033.061914
ethereum,2026-08-11 19:00:00+00:00,1863.9709141291269,224947804379.6048,6589353303.931176
ethereum,2026-08-11 20:00:00+00:00,1880.2186159642051,226908610112.30743,6772417563.010144
ethereum,2026-08-11 21:00:00+00:00,1880.3085176642865,226919459632.48505,6937356824.261034
ethereum,2026-08-11 22:00:00+00:00,1882.8118169558663,227221562886.92825,7033685729.2723
ethereum,2026-08-11 23:00:00+00:00,1880.542852599046,226947739649.4445,7039668615.617256
ethereum,2026-08-12 00:00:00+00:00,1880.4862005694615,226940902767.18845,7012585474.087628
ethereum,2026-08-12 01:00:00+00:00,1880.7210700915784,226969247299.2385,6988943191.47621
ethereum,2026-08-12 02:00:00+00:00,1882.9962548648325,227243780379.73276,6998721791.2107935
ethereum,2026-08-12 03:00:00+00:00,1882.269583173094,227156084176.46152,6980978298.831696
ethereum,2026-08-12 04:00:00+00:00,1884.787743866838,227459980880.5424,7002760160.446341
ethereum,2026-08-12 05:00:00+00:00,1887.631260084602,227803142144.526,7091426639.844335
ethereum,2026-08-12 06:00:00+00:00,1889.8183746350023,228067087533.30325,7063328893.451024
ethereum,2026-08-12 07:00:00+00:00,1885.7087625746356,227571131273.12524,6905814846.774774
ethereum,2026-08-12 08:00:00+00:00,1889.6951989929707,228052222448.74792,6781538569.514258
ethereum,2026-08-12 09:00:00+00:00,1889.1785224083312,227989868877.9302,6727634894.046704
ethereum,2026-08-12 10:00:00+00:00,1903.9865228118783,229776928189.8502,6925878934.957304
ethereum,2026-08-12 11:00:00+00:00,1907.629351462343,230216552088.02237,7039682350.8835335
ethereum,2026-08-12 12:00:00+00:00,1914.0091220982224,230986475657.17828,6990292564.905245
ethereum,2026-08-12 13:00:00+00:00,1909.451607816641,230436465654.87183,7380620775.721394
ethereum,2026-08-12 14:00:00+00:00,1899.2202876929848,229201729336.5345,7427803257.446922
ethereum,2026-08-12 15:00:00+00:00,1885.2038405062624,227510196261.0041,7473309264.545316
ethereum,2026-08-12 16:00:00+00:00,1891.0092326936417,228210802682.2005,7104349905.621482
ethereum,2026-08-12 17:00:00+00:00,1888.9530481355348,227962658188.58536,6966881643.797027
ethereum,2026-08-12 18:00:00+00:00,1886.2339787060216,227634515413.64297,6951061279.860639
ethereum,2026-08-12 19:00:00+00:00,1884.099753634427,227376952833.687,6836525255.98749
ethereum,2026-08-12 20:00:00+00:00,1877.5684720425447,226588744617.2185,6731298080.376865
ethereum,2026-08-12 21:00:00+00:00,1884.5681913836588,227433484844.69495,6664632907.001174
ethereum,2026-08-12 22:00:00+00:00,1876.72217066746,226486611262.82764,6659520905.349393
ethereum,2026-08-12 23:00:00+00:00,1876.466494551541,226455755754.2284,6640608852.670001
ethereum,2026-08-13 00:00:00+00:00,1877.743530062547,226609870971.6381,6676533766.105008
ethereum,2026-08-13 01:00:00+00:00,1878.9264689442984,226752630418.31937,6804780284.931193
ethereum,2026-08-13 02:00:00+00:00,1876.4727875282651,226456475577.8156,6844716447.027902
ethereum,2026-08-13 03:00:00+00:00,1880.0149109437932,226883946090.6168,6901452761.702898
ethereum,2026-08-13 04:00:00+00:00,1885.393149903824,227533002686.48035,7046932716.491934
ethereum,2026-08-13 05:00:00+00:00,1890.67217142997,228170085524.6947,7017173983.5158
ethereum,2026-08-13 06:00:00+00:00,1894.300910011972,228608008928.3993,7151278577.975383
ethereum,2026-08-13 07:00:00+00:00,1896.6367997507584,228889908757.21628,7116645823.12102
ethereum,2026-08-13 08:00:00+00:00,1893.9597485517747,228566836883.49,7122861025.978137
ethereum,2026-08-13 09:00:00+00:00,1888.1295619077084,227863238340.4409,7154771531.696206
ethereum,2026-08-13 10:00:00+00:00,1887.9455238132844,227841028256.44052,6927752104.073439
ethereum,2026-08-13 11:00:00+00:00,1881.3686183093307,227047314193.2617,6828857785.56015
ethereum,2026-08-13 12:00:00+00:00,1877.954286116496,226635265779.8873,6783555121.598378
ethereum,2026-08-13 13:00:00+00:00,1887.1721620654787,227747697419.5008,6409593125.643234
ethereum,2026-08-13 14:00:00+00:00,1888.003280055418,227847998394.84232,6331911000.303674
ethereum,2026-08-13 15:00:00+00:00,1891.722425537381,228296832283.404,6079119320.768477
ethereum,2026-08-13 16:00:00+00:00,1880.730238994384,226970273305.32263,5995497466.983933
ethereum,2026-08-13 17:00:00+00:00,1872.5066266740605,225977831381.86053,6425639174.1598
ethereum,2026-08-13 18:00:00+00:00,1875.3054617144016,226315600372.2621,6456449575.184427
ethereum,2026-08-13 19:00:00+00:00,1883.7449561067203,227334095374.3989,6492578713.4171095
ethereum,2026-08-13 20:00:00+00:00,1885.5906520864864,227556837643.4816,6502039152.197565
ethereum,2026-08-13 21:00:00+00:00,1884.2540310562977,227395531553.8375,6399320735.24259
ethereum,2026-08-13 22:00:00+00:00,1886.8835346517944,227712865288.0185,6247159993.499606
ethereum,2026-08-13 23:00:00+00:00,1887.622064498712,227801992541.74344,6243419183.66905
ethereum,2026-08-14 00:00:00+00:00,1884.3941576877887,227412442314.981,6176486165.813991
ethereum,2026-08-14 01:00:00+00:00,1887.427442140008,227778505127.63663,6038415499.709945
ethereum,2026-08-14 02:00:00+00:00,1887.553787871572,227793715001.8209,5969762513.171178
ethereum,2026-08-14 03:00:00+00:00,1885.2241112626248,227512565032.5248,5897304137.729884
ethereum,2026-08-14 04:00:00+00:00,1881.712518675994,227088779111.2857,5794869605.427861
ethereum,2026-08-14 05:00:00+00:00,1882.7105718755809,227209226140.43225,5690836553.406243
ethereum,2026-08-14 06:00:00+00:00,1883.0704835574256,227252660992.25305,5471770654.882473
ethereum,2026-08-14 07:00:00+00:00,1871.206361726326,225820875363.41125,5601832301.704194
ethereum,2026-08-14 08:00:00+00:00,1871.9655894760783,225912500466.10223,5640956451.548147
ethereum,2026-08-14 09:00:00+00:00,1876.120826661515,226413962687.3466,5696464850.406927
ethereum,2026-08-14 10:00:00+00:00,1871.0277759435075,225799323278.81577,5597906368.566665
ethereum,2026-08-14 11:00:00+00:00,1874.0823254502347,226167952339.4896,5541458155.903417
ethereum,2026-08-14 12:00:00+00:00,1876.4890674165877,226458402708.15665,5476914009.717667
ethereum,2026-08-14 13:00:00+00:00,1871.557812012633,225863289077.3253,5406996958.017001
ethereum,2026-08-14 14:00:00+00:00,1866.880848209596,225298863858.5748,5431544467.9324045
ethereum,2026-08-14 15:00:00+00:00,1865.1929933315816,225095170201.9928,5448737413.45825
ethereum,2026-08-14 16:00:00+00:00,1879.8711968444736,226866564759.98563,5531420437.94178
ethereum,2026-08-14 17:00:00+00:00,1883.414646029163,227294195198.32703,5115665584.995487
ethereum,2026-08-14 18:00:00+00:00,1876.5014365878592,226459895444.1484,5053401805.850835
ethereum,2026-08-14 19:00:00+00:00,1873.724359817227,226124752340.6817,5082198494.250321
ethereum,2026-08-14 20:00:00+00:00,1878.972700715158,226758132474.49173,4996689731.170776
ethereum,2026-08-14 21:00:00+00:00,1878.4847644201384,226699247359.77823,4975787175.361643
ethereum,2026-08-14 22:00:00+00:00,1877.254786370754,226550811182.2026,4992570602.376292
ethereum,2026-08-14 23:00:00+00:00,1877.908000135968,226629642308.0887,4958208674.578433
ethereum,2026-08-15 00:00:00+00:00,1880.3285280890425,226921756396.8312,4955816205.526191
ethereum,2026-08-15 01:00:00+00:00,1880.721302590367,226969157198.5406,4894734022.203929
ethereum,2026-08-15 02:00:00+00:00,1882.298328857773,227159438750.0456,4852511585.254181
ethereum,2026-08-15 03:00:00+00:00,1883.05499799762,227250755059.7357,4845210520.110854
ethereum,2026-08-15 04:00:00+00:00,1880.9773145658075,227000016165.14337,4881139490.031161
ethereum,2026-08-15 05:00:00+00:00,1882.5878548175835,227194379308.3651,4856228352.787839
ethereum,2026-08-15 06:00:00+00:00,1878.877125150122,226746561204.4596,4797752697.8063965
ethereum,2026-08-15 07:00:00+00:00,1880.3148117717976,226920064033.9905,4657111580.650601
ethereum,2026-08-15 08:00:00+00:00,1878.5460776877103,226706609750.10812,4498874576.738895
ethereum,2026-08-15 09:00:00+00:00,1875.1995254451535,226302741289.13568,4361159057.953059
ethereum,2026-08-15 10:00:00+00:00,1878.5428182884164,226706216399.43524,4327570493.311778
ethereum,2026-08-15 11:00:00+00:00,1879.10537516472,226774106862.0292,4290548422.132941
ethereum,2026-08-15 12:00:00+00:00,1877.428514522792,226571740044.58987,4226926673.3865232
ethereum,2026-08-15 13:00:00+00:00,1881.8095287885023,227100449402.98297,4115360827.092336
ethereum,2026-08-15 14:00:00+00:00,1881.837933999084,227103877399.27576,3901582038.70917
ethereum,2026-08-15 15:00:00+00:00,1881.6772413686544,227084484698.7776,3652566732.277343
ethereum,2026-08-15 16:00:00+00:00,1883.1293696051764,227259730370.59503,3434253369.925845
ethereum,2026-08-15 17:00:00+00:00,1883.117371533735,227258282419.89932,3279495458.7622104
ethereum,2026-08-15 18:00:00+00:00,1882.518682818982,227186031496.4701,3195950073.5759087
ethereum,2026-08-15 19:00:00+00:00,1881.107054472593,227015673430.49664,3071347709.63614
ethereum,2026-08-15 20:00:00+00:00,1882.692375441511,227206993061.40585,2963881959.958472
ethereum,2026-08-15 21:00:00+00:00,1881.5434349237692,227068336675.664,2899705183.603596
ethereum,2026-08-15 22:00:00+00:00,1883.3233554995004,227283140967.2068,2899682246.5346603
ethereum,2026-08-15 23:00:00+00:00,1882.7796759472071,227217528656.9448,2850729608.412756
ethereum,2026-08-16 00:00:00+00:00,1880.9591561894488,226997824776.81827,2840242427.939262
ethereum,2026-08-16 01:00:00+00:00,1880.645999048348,226960032361.38525,2835203494.250599
ethereum,2026-08-16 02:00:00+00:00,1878.4109253869435,226690278044.98648,2840130872.464122
ethereum,2026-08-16 03:00:00+00:00,1881.9384694851376,227115988916.67496,2844198603.462573
ethereum,2026-08-16 04:00:00+00:00,1881.46410772132,227058742017.88376,2778440972.607832
ethereum,2026-08-16 05:00:00+00:00,1880.049287110276,226887998719.1909,2773836730.278523
ethereum,2026-08-16 06:00:00+00:00,1878.1775102730371,226662109055.786,2750155397.3024487
ethereum,2026-08-16 07:00:00+00:00,1878.8646447589504,226745033779.84967,2745333425.8658023
ethereum,2026-08-16 08:00:00+00:00,1879.7045096911013,226846390310.74316,2753903033.3071933
ethereum,2026-08-16 09:00:00+00:00,1879.0931771309783,226772613510.27884,2749117979.110072
ethereum,2026-08-16 10:00:00+00:00,1878.6650744272656,226720949244.6888,2765482783.485574
ethereum,2026-08-16 11:00:00+00:00,1879.080446183577,226771077114.82495,2702617550.3078794
ethereum,2026-08-16 12:00:00+00:00,1879.050541994932,226767468219.27023,2630622570.659979
ethereum,2026-08-16 13:00:00+00:00,1878.1628133579636,226660335403.53583,2614280871.99316
ethereum,2026-08-16 14:00:00+00:00,1879.9605521829776,226877290015.8557,2568987673.3492484
ethereum,2026-08-16 15:00:00+00:00,1881.613444520356,227076764272.7793,2611158471.5764728
ethereum,2026-08-16 16:00:00+00:00,1882.340815066504,227164544762.72403,2656445939.437196
ethereum,2026-08-16 17:00:00+00:00,1887.8603423209795,227830652029.82065,2814003232.1523085
ethereum,2026-08-16 18:00:00+00:00,1883.6612750630577,227323900439.2273,2810488121.8720603
ethereum,2026-08-16 19:00:00+00:00,1883.763739609112,227336266059.61465,2861857080.4084296
ethereum,2026-08-16 20:00:00+00:00,1884.075806539142,227373926902.714,2917302985.7508264
ethereum,2026-08-16 21:00:00+00:00,1880.3056609685975,226918938414.24963,2954867634.9280376
ethereum,2026-08-16 22:00:00+00:00,1874.6061355284437,226231108616.57803,3108101970.9021306
ethereum,2026-08-16 23:00:00+00:00,1873.85797863993,226140819590.47293,3285128502.925791
ethereum,2026-08-17 00:00:00+00:00,1874.401898191962,226206460858.21567,3309436095.6191325
ethereum,2026-08-17 01:00:00+00:00,1876.8397749510807,226500668559.4673,3416925757.8112607
ethereum,2026-08-17 02:00:00+00:00,1890.6959718761564,228172843400.33228,3816221379.251756
ethereum,2026-08-17 03:00:00+00:00,1900.825658653,229395313574.8118,4104004716.703212
ethereum,2026-08-17 04:00:00+00:00,1899.8876361213868,229282111203.095,4279810790.162362
ethereum,2026-08-17 05:00:00+00:00,1901.75808217914,229507840247.72876,4399471832.964566
ethereum,2026-08-17 06:00:00+00:00,1898.1221179923432,229069045063.65692,4479493120.028913
ethereum,2026-08-17 07:00:00+00:00,1905.5447646421096,229964824404.61185,4783558393.162794
ethereum,2026-08-17 08:00:00+00:00,1899.471408244226,229231880018.5752,4976157517.35784
ethereum,2026-08-17 09:00:00+00:00,1892.6913546935816,228413650054.54663,5172342312.978367
ethereum,2026-08-17 10:00:00+00:00,1892.129491388674,228345843305.18555,5151977344.560566
ethereum,2026-08-17 11:00:00+00:00,1904.8313389998343,229878726819.50345,5380267083.260811
ethereum,2026-08-17 12:00:00+00:00,1902.7698028949328,229629936658.7241,5504732757.41775
ethereum,2026-08-17 13:00:00+00:00,1897.3401350214956,228974673847.6587,5681953998.705613
ethereum,2026-08-17 14:00:00+00:00,1902.5563450983548,229604176159.3548,5976218357.479622
ethereum,2026-08-17 15:00:00+00:00,1907.4206206265708,230191206329.6546,6148605200.776686
ethereum,2026-08-17 16:00:00+00:00,1911.458502293901,230678505691.9284,6482648461.915064
ethereum,2026-08-17 17:00:00+00:00,1905.4093012553035,229948476421.3273,6481877395.986551
ethereum,2026-08-17 18:00:00+00:00,1907.289984857624,230175440952.62213,6691201730.3582325
ethereum,2026-08-17 19:00:00+00:00,1908.154716819892,230279798476.80624,6828218459.511211
ethereum,2026-08-17 20:00:00+00:00,1905.5633554465703,229967067978.8183,6888822582.909081
ethereum,2026-08-17 21:00:00+00:00,1905.111556939387,229912544061.9319,6963917367.294995
ethereum,2026-08-17 22:00:00+00:00,1904.945574359034,229892512963.39603,6834570919.507137
ethereum,2026-08-17 23:00:00+00:00,1902.709307997916,229622636017.65396,6686978478.743256
ethereum,2026-08-18 00:00:00+00:00,1912.2734691708963,230776857469.4575,6844360576.180716
ethereum,2026-08-18 01:00:00+00:00,1908.0666784214573,230269173832.7609,6802823307.709465
ethereum,2026-08-18 02:00:00+00:00,1899.386586709973,229221614631.4149,6480930182.503683
ethereum,2026-08-18 03:00:00+00:00,1891.1046701090245,228222137058.6052,6446249884.427468
ethereum,2026-08-18 04:00:00+00:00,1892.846397339347,228432332039.8563,6495019367.133539
ethereum,2026-08-18 05:00:00+00:00,1894.8041473936876,228668597069.6509,6469601385.35769
ethereum,2026-08-18 06:00:00+00:00,1893.93451679796,228563648382.17456,6485933363.130729
ethereum,2026-08-18 07:00:00+00:00,1900.819020960316,229394483542.891,6341972746.045452
ethereum,2026-08-18 08:00:00+00:00,1896.9756379729104,228930656715.75415,6238222586.714224
ethereum,2026-08-18 09:00:00+00:00,1898.0873327888569,229064818177.39215,6180010036.217576
ethereum,2026-08-18 10:00:00+00:00,1895.0771508506357,228701543650.21515,6244569328.320152
ethereum,2026-08-18 11:00:00+00:00,1896.1236564818616,228827837956.0658,6108247666.486428
ethereum,2026-08-18 12:00:00+00:00,1901.1591493328035,229435530886.94885,6098609650.498618
ethereum,2026-08-18 13:00:00+00:00,1897.248235802492,228963554344.43015,5975461639.900106
ethereum,2026-08-18 14:00:00+00:00,1896.182771610131,228834972083.076,5862486755.000073
ethereum,2026-08-18 15:00:00+00:00,1910.499951096042,230562796751.151,6275031056.331865
ethereum,2026-08-18 16:00:00+00:00,1916.245775642716,231256213872.86432,6294111105.48726
ethereum,2026-08-18 17:00:00+00:00,1916.9987533223048,231347084662.78387,6408037360.682286
ethereum,2026-08-18 18:00:00+00:00,1910.1879753053656,230525146914.63797,6302338381.48024
ethereum,2026-08-18 19:00:00+00:00,1915.0053975104288,231106522661.9094,6173606278.142661
ethereum,2026-08-18 20:00:00+00:00,1912.133815489488,230759974638.46207,6139548385.914784
ethereum,2026-08-18 21:00:00+00:00,1911.7964480176431,230719260485.18677,6121847281.635017
ethereum,2026-08-18 22:00:00+00:00,1910.793249787108,230598192599.4769,6058326673.871814
ethereum,2026-08-18 23:00:00+00:00,1912.233720130492,230772031322.06732,6099947205.355996
ethereum,2026-08-19 00:00:00+00:00,1916.3998901478053,231274812706.7942,5993977856.00991
ethereum,2026-08-19 01:00:00+00:00,1912.474174186838,230801049778.56583,6073229505.334761
ethereum,2026-08-19 02:00:00+00:00,1912.3601579354015,230787250571.3169,6095226757.865303
ethereum,2026-08-19 03:00:00+00:00,1906.4949621299056,230079427618.4092,5938123383.995473
ethereum,2026-08-19 04:00:00+00:00,1910.6933849311229,230586101244.1947,5855927613.975593
ethereum,2026-08-19 05:00:00+00:00,1909.33961143494,230422725291.30005,5846756216.681675
ethereum,2026-08-19 06:00:00+00:00,1908.9826415427392,230379645487.7307,5835878094.898498
ethereum,2026-08-19 07:00:00+00:00,1916.1058031362484,231239282137.6157,5919661866.273605
ethereum,2026-08-19 08:00:00+00:00,1914.5917183569352,231056559515.0493,5983642331.937977
ethereum,2026-08-19 09:00:00+00:00,1920.3600714625225,231752695307.2738,6070385680.492688
ethereum,2026-08-19 10:00:00+00:00,1917.6730108783224,231428415740.07367,6016773375.842035
ethereum,2026-08-19 11:00:00+00:00,1918.466070881449,231524123725.2564,6021090457.179912
ethereum,2026-08-19 12:00:00+00:00,1921.4960180106168,231889783490.97333,6055851391.783436
ethereum,2026-08-19 13:00:00+00:00,1935.3215273968715,233558272183.2113,6634570140.640432
ethereum,2026-08-19 14:00:00+00:00,1931.858447606945,233140341146.57587,7093369146.372056
ethereum,2026-08-19 15:00:00+00:00,1971.0460843509409,237869579466.568,7938646113.837672
ethereum,2026-08-19 16:00:00+00:00,2085.358940427217,251665071727.44037,13170083376.582216
ethereum,2026-08-19 17:00:00+00:00,2088.3589434532328,252027117782.0012,14868425839.311998
ethereum,2026-08-19 18:00:00+00:00,2090.502972101746,252285863225.36508,15812293618.312153
ethereum,2026-08-19 19:00:00+00:00,2090.543287213609,252290728529.52063,16388524000.503294
ethereum,2026-08-19 20:00:00+00:00,2102.248313228178,253703313267.0549,17311697003.011898
ethereum,2026-08-19 21:00:00+00:00,2218.315205040845,267710485887.05084,20548848018.41694
ethereum,2026-08-19 22:00:00+00:00,2284.654468214206,275716433976.4715,25513636369.218018
ethereum,2026-08-19 23:00:00+00:00,2248.770474869456,271385885607.1229,26973793209.10533
ethereum,2026-08-20 00:00:00+00:00,2251.7346140069594,271743603539.60367,27730489153.05376
ethereum,2026-08-20 01:00:00+00:00,2260.1834826501427,272763229030.39172,28738536846.562943
ethereum,2026-08-20 02:00:00+00:00,2265.352726938818,273387063234.40637,29333350712.77781
ethereum,2026-08-20 03:00:00+00:00,2249.918512947096,271524080849.41196,29474166225.30788
ethereum,2026-08-20 04:00:00+00:00,2249.850994357263,271515932588.51303,30532079116.174034
ethereum,2026-08-20 05:00:00+00:00,2249.265449400749,271445268004.35208,30841677626.83929
ethereum,2026-08-20 06:00:00+00:00,2246.861059729573,271155102075.35812,31159668194.462563
ethereum,2026-08-20 07:00:00+00:00,2261.1204113380354,272875945437.7806,31902007237.564663
ethereum,2026-08-20 08:00:00+00:00,2249.9853803202814,271532150520.35263,32793343221.62149
ethereum,2026-08-20 09:00:00+00:00,2280.5069709794493,275215549186.6169,34121607212.18056
ethereum,2026-08-20 10:00:00+00:00,2276.759282097075,274763271571.56525,35135143385.684166
ethereum,2026-08-20 11:00:00+00:00,2283.1354284083222,275532756002.47253,36226291674.24286
ethereum,2026-08-20 12:00:00+00:00,2294.975021357636,276961578679.6914,37594544061.22396
ethereum,2026-08-20 13:00:00+00:00,2287.748368450467,276089453632.9641,37695847774.42354
ethereum,2026-08-20 14:00:00+00:00,2273.8023898709857,274406428672.92712,38023392883.260895
ethereum,2026-08-20 15:00:00+00:00,2278.9926294436555,275032795815.22485,36743905578.75014
ethereum,2026-08-20 16:00:00+00:00,2325.090301114264,280595943039.2836,33828556808.847626
ethereum,2026-08-20 17:00:00+00:00,2342.9333194169662,282749269533.706,33603446044.49149
ethereum,2026-08-20 18:00:00+00:00,2345.3270532826505,283038149501.55273,33561237713.94448
ethereum,2026-08-20 19:00:00+00:00,2316.12872530253,279514444477.784,33310957805.70581
ethereum,2026-08-20 20:00:00+00:00,2323.4016282290736,280392151057.3215,33217689348.3008
ethereum,2026-08-20 21:00:00+00:00,2317.808055394318,279717108955.1825,30782008157.20626
ethereum,2026-08-20 22:00:00+00:00,2317.8276762909413,279719476839.12604,27091682434.675507
ethereum,2026-08-20 23:00:00+00:00,2313.522731378708,279199948596.8029,25476047848.31537
ethereum,2026-08-21 00:00:00+00:00,2326.5282334236576,280769475212.28674,25176787742.312656
ethereum,2026-08-21 01:00:00+00:00,2339.265449620309,282306624624.7986,25013567182.691605
ethereum,2026-08-21 02:00:00+00:00,2358.426123802577,284618845745.6258,26058186147.467632
ethereum,2026-08-21 03:00:00+00:00,2344.600339126449,282950326712.3892,25649915235.283
ethereum,2026-08-21 04:00:00+00:00,2340.70045044377,282479681562.983,24994899865.00777
ethereum,2026-08-21 05:00:00+00:00,2352.724215910229,283930729876.1105,25623798671.8878
ethereum,2026-08-21 06:00:00+00:00,2365.190658672337,285435201232.5354,25810427978.315685
ethereum,2026-08-21 07:00:00+00:00,2370.1513742255343,286033868759.3973,25664682615.5262
ethereum,2026-08-21 08:00:00+00:00,2369.9184131194884,286005754619.8713,26389797280.10656
ethereum,2026-08-21 09:00:00+00:00,2442.698189541508,294788940893.8857,28038794018.402058
ethereum,2026-08-21 10:00:00+00:00,2402.7751372202165,289970959547.91614,28589872600.27261
ethereum,2026-08-21 11:00:00+00:00,2394.76772735677,289004611808.7418,28241643533.730583
ethereum,2026-08-21 12:00:00+00:00,2370.119029078809,286029965292.49054,27648545655.31268
ethereum,2026-08-21 13:00:00+00:00,2387.302814271402,288103733496.504,27697173646.83239
ethereum,2026-08-21 14:00:00+00:00,2386.405245477754,287995413379.3516,27828996324.686623
ethereum,2026-08-21 15:00:00+00:00,2391.7831422113154,288644427035.2797,27788539323.880005
ethereum,2026-08-21 16:00:00+00:00,2392.965641509222,288787133046.661,27077757277.990524
ethereum,2026-08-21 17:00:00+00:00,2405.9900686479814,290358942899.5618,26426585857.69889
ethereum,2026-08-21 18:00:00+00:00,2423.067592953584,292419887360.3604,26654116659.530952
ethereum,2026-08-21 19:00:00+00:00,2417.934051506207,291800362912.8513,26376948414.255623
ethereum,2026-08-21 20:00:00+00:00,2413.2849566985474,291239302303.59015,26032893381.574047
ethereum,2026-08-21 21:00:00+00:00,2440.243645264155,294492722347.11804,26467450286.085503
ethereum,2026-08-21 22:00:00+00:00,2513.7222285275143,303360241810.3615,29002907649.03619
ethereum,2026-08-21 23:00:00+00:00,2521.416445669613,304288792923.2408,30520881559.44033
ethereum,2026-08-22 00:00:00+00:00,2514.967577695514,303510532650.1589,31043603228.171097
ethereum,2026-08-22 01:00:00+00:00,2520.951828758932,304232722170.1664,31171804042.98384
ethereum,2026-08-22 02:00:00+00:00,2511.6309066425297,303107570031.29,30889964551.33403
ethereum,2026-08-22 03:00:00+00:00,2513.753401469656,303363716046.9138,30604524519.076923
ethereum,2026-08-22 04:00:00+00:00,2515.9212304497696,303625333059.4565,30803880339.834145
ethereum,2026-08-22 05:00:00+00:00,2515.0196271563004,303516526155.26807,31118827392.475563
ethereum,2026-08-22 06:00:00+00:00,2438.263936746741,294253528656.47723,33825630971.072994
ethereum,2026-08-22 07:00:00+00:00,2437.079707423543,294110613998.2904,33489324274.427982
ethereum,2026-08-22 08:00:00+00:00,2433.029037627205,293621772793.271,32782778119.235424
ethereum,2026-08-22 09:00:00+00:00,2424.4699878711126,292588853200.4737,31060794132.939285
ethereum,2026-08-22 10:00:00+00:00,2421.4501444987072,292224413750.3682,29837391159.749397
ethereum,2026-08-22 11:00:00+00:00,2411.849423968812,291065783689.4505,30272210196.020737
ethereum,2026-08-22 12:00:00+00:00,2422.6079724684987,292364142251.6817,29408936202.254074
ethereum,2026-08-22 13:00:00+00:00,2428.2015032221952,293039178344.8291,28992500717.898315
ethereum,2026-08-22 14:00:00+00:00,2429.647431508026,293213675245.62714,28203916694.219097
ethereum,2026-08-22 15:00:00+00:00,2412.41611207881,291134172502.2864,27382270858.43424
ethereum,2026-08-22 16:00:00+00:00,2410.257804720092,290873704573.9965,26746611526.08688
ethereum,2026-08-22 17:00:00+00:00,2422.417868537942,292341200210.201,26316307508.054222
ethereum,2026-08-22 18:00:00+00:00,2426.1363378741444,292789950940.9518,25451002086.606613
ethereum,2026-08-22 19:00:00+00:00,2426.043461039677,292778742418.4204,24918909445.630554
ethereum,2026-08-22 20:00:00+00:00,2439.651761616276,294421013545.56714,24892842482.697823
ethereum,2026-08-22 21:00:00+00:00,2431.897277946677,293485190254.12604,24131163198.44046
ethereum,2026-08-22 22:00:00+00:00,2407.736602667677,290569441943.03265,22554192708.27568
ethereum,2026-08-22 23:00:00+00:00,2413.305959817387,291241560727.6122,21307966399.02501
ethereum,2026-08-23 00:00:00+00:00,2423.4127407436827,292461262953.4871,20488463662.617588
ethereum,2026-08-23 01:00:00+00:00,2430.874007396018,293361700353.8884,20395481084.199383
ethereum,2026-08-23 02:00:00+00:00,2422.450011675435,292344990644.79285,19612360411.791187
ethereum,2026-08-23 03:00:00+00:00,2416.888131692684,291673774420.0253,19035488856.97117
ethereum,2026-08-23 04:00:00+00:00,2413.403955953047,291253298736.68835,18575189171.7512
ethereum,2026-08-23 05:00:00+00:00,2380.4093753844613,287271462041.9527,18341937859.83302
ethereum,2026-08-23 06:00:00+00:00,2374.119581918642,286512400099.2665,15431928301.162708
ethereum,2026-08-23 07:00:00+00:00,2388.5154060244213,288249710278.3184,15097272982.986786
ethereum,2026-08-23 08:00:00+00:00,2388.0987695385666,288199429946.8472,14632101430.004278
ethereum,2026-08-23 09:00:00+00:00,2411.515262828721,291025368347.5778,14682957057.660238
ethereum,2026-08-23 10:00:00+00:00,2411.354055024182,291005913541.95435,14318150129.796368
ethereum,2026-08-23 11:00:00+00:00,2414.575794350662,291394717995.5944,13344733518.413944
ethereum,2026-08-23 12:00:00+00:00,2431.9867599857757,293495900088.59186,13476655255.420864
ethereum,2026-08-23 13:00:00+00:00,2426.5000264046766,292833752647.0736,13319090273.59357
ethereum,2026-08-23 14:00:00+00:00,2458.6865812926767,296718075560.76404,14353064132.873035
ethereum,2026-08-23 15:00:00+00:00,2438.037408211408,294226101616.13306,15145341791.579365
ethereum,2026-08-23 16:00:00+00:00,2439.651260419835,294420863781.09033,15339482302.165953
ethereum,2026-08-23 17:00:00+00:00,2451.2393283632264,295819329631.02496,15376348835.124378
ethereum,2026-08-23 18:00:00+00:00,2440.222681361692,294489823738.6111,15505433120.806145
ethereum,2026-08-23 19:00:00+00:00,2448.071981639764,295437089360.31696,15621960732.025587
ethereum,2026-08-23 20:00:00+00:00,2444.47835780269,295003405312.36273,15481709959.617214
ethereum,2026-08-23 21:00:00+00:00,2449.862997989226,295653231966.1106,15371435842.294624
ethereum,2026-08-23 22:00:00+00:00,2470.189276737035,298106238526.30035,15853778690.862629
ethereum,2026-08-23 23:00:00+00:00,2454.0542085177303,296159033694.46014,15937498587.174604
ethereum,2026-08-24 00:00:00+00:00,2462.403924751607,297166690282.8374,16424823875.772726
ethereum,2026-08-24 01:00:00+00:00,2463.888102220098,297345803100.87286,16558792372.159252
ethereum,2026-08-24 02:00:00+00:00,2429.816867687301,293233964092.73395,16608308441.816044
ethereum,2026-08-24 03:00:00+00:00,2442.8055336043835,294801455884.31384,16852954667.540571
ethereum,2026-08-24 04:00:00+00:00,2431.252192261294,293407181226.9916,16955851340.222511
ethereum,2026-08-24 05:00:00+00:00,2436.8676254101388,294084860168.2448,16446510553.899532
ethereum,2026-08-24 06:00:00+00:00,2448.5983094477874,295500536809.4038,16132659512.49258
ethereum,2026-08-24 07:00:00+00:00,2456.005588094824,296394458367.72986,16085025015.66891
ethereum,2026-08-24 08:00:00+00:00,2454.0559421325383,296159172152.6652,16333124427.24644
ethereum,2026-08-24 09:00:00+00:00,2453.4917773428856,296091087895.0113,16321498723.530058
ethereum,2026-08-24 10:00:00+00:00,2461.663010098616,297077204587.32306,16569242033.09266
ethereum,2026-08-24 11:00:00+00:00,2463.905860731704,297347875184.2534,17094121025.163412
ethereum,2026-08-24 12:00:00+00:00,2491.539163837602,300682703877.9199,17800958348.170483
ethereum,2026-08-24 13:00:00+00:00,2511.6902444785937,303114566680.29425,18728636372.544327
ethereum,2026-08-24 14:00:00+00:00,2493.2476867943333,300888891005.0274,18762490129.696564
ethereum,2026-08-24 15:00:00+00:00,2514.8845919503774,303500065350.70734,18941976683.446663
ethereum,2026-08-24 16:00:00+00:00,2485.6646773610914,299973761990.3957,19877923178.173744
ethereum,2026-08-24 17:00:00+00:00,2477.49912872046,298988331265.6665,20277869161.76677
ethereum,2026-08-24 18:00:00+00:00,2468.51183776504,297903731439.08746,21002943989.53715
ethereum,2026-08-24 19:00:00+00:00,2474.200032864576,298590191402.2852,21161727112.1976
ethereum,2026-08-24 20:00:00+00:00,2471.312503199322,298241719967.4878,21599356350.99169
ethereum,2026-08-24 21:00:00+00:00,2474.191241391115,298589130434.0092,21529917824.339542
ethereum,2026-08-24 22:00:00+00:00,2482.9574043190187,299647044196.73584,20919808753.533268
ethereum,2026-08-24 23:00:00+00:00,2473.8345261830705,298546081504.7264,20384585834.06906
ethereum,2026-08-25 00:00:00+00:00,2481.879430655568,299516952709.2971,20089039982.50284
ethereum,2026-08-25 01:00:00+00:00,2493.6156999536265,300933303388.1057,20342989962.757904
ethereum,2026-08-25 02:00:00+00:00,2495.15651279273,301118737958.35535,20320091747.727505
ethereum,2026-08-25 03:00:00+00:00,2507.308477021198,302585252829.6392,20728652904.17718
ethereum,2026-08-25 04:00:00+00:00,2498.075620436194,301471019670.96857,21199566453.26536
ethereum,2026-08-25 05:00:00+00:00,2493.5042575220687,300919341640.1943,21263350736.224525
ethereum,2026-08-25 06:00:00+00:00,2507.9389544493606,302661339666.8802,20846910378.551624
ethereum,2026-08-25 07:00:00+00:00,2499.368277651253,301627019227.3954,20871669010.12476
ethereum,2026-08-25 08:00:00+00:00,2479.388357181316,299215816400.8112,20670713053.11002
ethereum,2026-08-25 09:00:00+00:00,2483.981081364858,299770072337.40216,20541349837.643394
ethereum,2026-08-25 10:00:00+00:00,2473.346779382791,298486710922.8014,20545257302.89318
ethereum,2026-08-25 11:00:00+00:00,2481.2220451116978,299437108248.6673,20049165821.597027
ethereum,2026-08-25 12:00:00+00:00,2477.8689698524395,299032454758.92804,19364345032.987087
ethereum,2026-08-25 13:00:00+00:00,2473.3009961228927,298481185739.3632,18665643208.586105
ethereum,2026-08-25 14:00:00+00:00,2459.5258356125046,296818781426.5294,18319194029.859463
ethereum,2026-08-25 15:00:00+00:00,2476.5101828112647,298868474568.94995,17730293214.54332
ethereum,2026-08-25 16:00:00+00:00,2482.285531629381,299565451186.8352,16811521434.467096
ethereum,2026-08-25 17:00:00+00:00,2470.0930423551213,298094045700.2404,16081749718.938484
ethereum,2026-08-25 18:00:00+00:00,2470.6470597206826,298160905237.53577,15418155108.69028
ethereum,2026-08-25 19:00:00+00:00,2467.4419028704983,297774102734.07043,15164146997.739122
ethereum,2026-08-25 20:00:00+00:00,2462.911070143699,297227315939.0941,14744213700.405384
ethereum,2026-08-25 21:00:00+00:00,2436.3901175506903,294026732836.0639,14940551295.953491
ethereum,2026-08-25 22:00:00+00:00,2441.174544344569,294604123693.367,15426680520.432152
ethereum,2026-08-25 23:00:00+00:00,2453.415106463437,296081330673.4651,15449809107.971155
ethereum,2026-08-26 00:00:00+00:00,2442.0111121033965,294705081780.14966,15300244959.64004
ethereum,2026-08-26 01:00:00+00:00,2446.760373105546,295278228783.9028,15035093218.788765
ethereum,2026-08-26 02:00:00+00:00,2455.8423082633126,296374171560.06256,14631460198.766651
ethereum,2026-08-26 03:00:00+00:00,2465.0443189548632,297484681907.66046,14000823523.676111
ethereum,2026-08-26 04:00:00+00:00,2465.0662115144046,297487323929.57513,13322609229.176008
ethereum,2026-08-26 05:00:00+00:00,2456.809846262806,296490935275.74896,13221691376.71682
ethereum,2026-08-26 06:00:00+00:00,2464.16023979018,297377990110.24945,13156460539.309565
ethereum,2026-08-26 07:00:00+00:00,2459.606663558068,296828458742.1779,12953741828.871271
ethereum,2026-08-26 08:00:00+00:00,2461.369131534056,297041155617.92084,12434394254.260887
ethereum,2026-08-26 09:00:00+00:00,2455.345391392622,296314203000.4406,12151959529.344496
ethereum,2026-08-26 10:00:00+00:00,2447.271459539608,295339830641.05994,12005053802.392498
ethereum,2026-08-26 11:00:00+00:00,2468.665355421971,297921673191.4725,12236442427.243649
ethereum,2026-08-26 12:00:00+00:00,2462.616765501286,297191721671.04395,12238569178.685167
ethereum,2026-08-26 13:00:00+00:00,2455.0711178006527,296281103314.7128,12141985846.007517
ethereum,2026-08-26 14:00:00+00:00,2457.0037555839617,296514336499.1182,11943719744.638674
ethereum,2026-08-26 15:00:00+00:00,2438.909355562819,294330681303.4657,11681817678.532597
ethereum,2026-08-26 16:00:00+00:00,2449.8835360891976,295655059359.4639,11627201335.294342
ethereum,2026-08-26 17:00:00+00:00,2444.820030408734,295043989057.3571,11647679217.85328
ethereum,2026-08-26 18:00:00+00:00,2460.2105146237727,296901332256.38605,11651048686.132477
ethereum,2026-08-26 19:00:00+00:00,2472.2560818201227,298355006617.63354,11762954585.139662
ethereum,2026-08-26 20:00:00+00:00,2469.8496182014314,298064591529.09985,11807434490.35549
ethereum,2026-08-26 21:00:00+00:00,2471.7863530895333,298298319157.3199,11465284521.234444
ethereum,2026-08-26 22:00:00+00:00,2495.767025222611,301192337153.9071,11719314030.661486
ethereum,2026-08-26 23:00:00+00:00,2494.511224176319,301040785487.301,11924212212.984194
ethereum,2026-08-27 00:00:00+00:00,2506.3431057180687,302468671992.12006,12215102857.703115
ethereum,2026-08-27 01:00:00+00:00,2492.554684489406,300804667790.7852,12211914405.580084
ethereum,2026-08-27 02:00:00+00:00,2498.8458660905903,301563835749.3957,12588637076.046782
ethereum,2026-08-27 03:00:00+00:00,2494.4094636074287,301028445164.52405,12492703583.303888
ethereum,2026-08-27 04:00:00+00:00,2492.320892749581,300776393828.4757,12435212499.647987
ethereum,2026-08-27 05:00:00+00:00,2487.053283041309,300140692118.97314,12311487401.835764
ethereum,2026-08-27 06:00:00+00:00,2495.284323968388,301134024404.0346,12476092456.517986
ethereum,2026-08-27 07:00:00+00:00,2492.032411200287,300741579515.30475,12421769830.333809
ethereum,2026-08-27 08:00:00+00:00,2497.41376587498,301391008109.2209,12184693815.82712
ethereum,2026-08-27 09:00:00+00:00,2529.774372437996,305296326470.288,13718489716.80327
ethereum,2026-08-27 10:00:00+00:00,2534.775541783108,305899873824.4526,14583757969.17513
ethereum,2026-08-27 11:00:00+00:00,2502.997489283795,302064858814.3707,14998858092.349184
ethereum,2026-08-27 12:00:00+00:00,2501.6261139820235,301899359532.5358,14975962792.375463
ethereum,2026-08-27 13:00:00+00:00,2496.824324127165,301319873543.9265,14981600522.936552
ethereum,2026-08-27 14:00:00+00:00,2496.495559397819,301280197806.3446,14901199466.014557
ethereum,2026-08-27 15:00:00+00:00,2516.5648993877817,303702190787.36847,15459205802.14613
ethereum,2026-08-27 16:00:00+00:00,2522.364262040777,304402065105.4573,15659437412.736889
ethereum,2026-08-27 17:00:00+00:00,2522.384724824004,304404534579.6588,15927063339.57986
ethereum,2026-08-27 18:00:00+00:00,2518.652989841596,303954184147.6588,16023987719.166224
ethereum,2026-08-27 19:00:00+00:00,2505.4655993020406,302362713409.6676,16457154013.346292
ethereum,2026-08-27 20:00:00+00:00,2500.235343771887,301731519648.96954,16496159836.718649
ethereum,2026-08-27 21:00:00+00:00,2507.4190723151764,302598460969.3184,16404609865.381577
ethereum,2026-08-27 22:00:00+00:00,2504.26699587918,302218064453.66547,15910828175.416435
ethereum,2026-08-27 23:00:00+00:00,2515.1258928905213,303528529688.51044,15667918736.437143
ethereum,2026-08-28 00:00:00+00:00,2511.461241063819,303086274935.40906,15416430976.148985
ethereum,2026-08-28 01:00:00+00:00,2516.299008997644,303670102803.4608,15378994921.321404
ethereum,2026-08-28 02:00:00+00:00,2512.589430116372,303222426197.3797,15560284234.954922
ethereum,2026-08-28 03:00:00+00:00,2492.4831189450824,300795868594.24475,15729408501.74937
ethereum,2026-08-28 04:00:00+00:00,2490.152361161818,300514589934.19244,15522404381.752508
ethereum,2026-08-28 05:00:00+00:00,2486.173412612909,300034405624.9132,15633465375.599209
ethereum,2026-08-28 06:00:00+00:00,2493.838995803311,300959497448.61,15747454999.679546
ethereum,2026-08-28 07:00:00+00:00,2503.272843224881,302097985532.1553,15904628881.505
ethereum,2026-08-28 08:00:00+00:00,2496.779029471113,301314304257.16205,15796579638.476862
ethereum,2026-08-28 09:00:00+00:00,2488.1059630988416,300267628148.107,14693481015.175514
ethereum,2026-08-28 10:00:00+00:00,2489.7798998556277,300469640854.59314,14010859702.976202
ethereum,2026-08-28 11:00:00+00:00,2505.883492593681,302413041846.2841,13377628602.452318
ethereum,2026-08-28 12:00:00+00:00,2504.9659705979466,302302314185.35693,13174543917.28596
ethereum,2026-08-28 13:00:00+00:00,2498.5864742179106,301532428868.8863,12957562528.332348
ethereum,2026-08-28 14:00:00+00:00,2513.7935558686554,303367637821.4169,12993028846.07549
ethereum,2026-08-28 15:00:00+00:00,2514.4249840960647,303443839341.36896,13834191143.71704
ethereum,2026-08-28 16:00:00+00:00,2473.4116190968066,298494296993.35657,13765790126.398098
ethereum,2026-08-28 17:00:00+00:00,2442.4320835312305,294755649281.65704,15286126325.450972
ethereum,2026-08-28 18:00:00+00:00,2443.537395262408,294889039634.3218,15287631404.637274
ethereum,2026-08-28 19:00:00+00:00,2427.9204227117457,293004364553.68286,15177153682.026497
ethereum,2026-08-28 20:00:00+00:00,2434.175751264725,293759265147.04456,15108235274.019274
ethereum,2026-08-28 21:00:00+00:00,2427.431365149071,292945344497.2423,15027307910.779833
ethereum,2026-08-28 22:00:00+00:00,2423.884568960301,292517312855.9369,14937342562.229584
ethereum,2026-08-28 23:00:00+00:00,2441.6155089580407,294657104077.4197,14993169367.081806
ethereum,2026-08-29 00:00:00+00:00,2442.407614756763,294752696360.4463,14972903066.684414
ethereum,2026-08-29 01:00:00+00:00,2442.4145032066435,294753527666.88495,14913907283.687157
ethereum,2026-08-29 02:00:00+00:00,2443.4953644159145,294883883142.3697,14350790772.751575
ethereum,2026-08-29 03:00:00+00:00,2438.5873346666976,294291576362.4576,13914112018.70545
ethereum,2026-08-29 04:00:00+00:00,2435.133621293459,293874778186.536,13636882112.031662
ethereum,2026-08-29 05:00:00+00:00,2440.2191795302338,294488509312.30194,13515546907.61946
ethereum,2026-08-29 06:00:00+00:00,2438.688667901949,294303805376.0,13400043413.986462
ethereum,2026-08-29 07:00:00+00:00,2435.002948778389,293859008474.33405,13195731624.36249
ethereum,2026-08-29 08:00:00+00:00,2436.166274527585,293999399988.58777,12973115034.358393
ethereum,2026-08-29 09:00:00+00:00,2434.0027668121816,293738305342.9349,12735227821.660366
ethereum,2026-08-29 10:00:00+00:00,2435.369532756174,293903248258.2277,12529426219.209402
ethereum,2026-08-29 11:00:00+00:00,2434.652783497196,293816750117.9796,12309320245.232515
ethereum,2026-08-29 12:00:00+00:00,2435.7267136492305,293946353266.84064,12039077353.687754
ethereum,2026-08-29 13:00:00+00:00,2434.3945861303464,293785590557.2689,11878577860.682632
ethereum,2026-08-29 14:00:00+00:00,2435.70991057065,293944325451.6327,11482279730.362597
ethereum,2026-08-29 15:00:00+00:00,2448.444625275602,295481165740.9958,10044724934.955778
ethereum,2026-08-29 16:00:00+00:00,2444.6311593607857,295020952206.9051,8870848223.686766
ethereum,2026-08-29 17:00:00+00:00,2450.843486187964,295770663086.17487,7064048262.014224
ethereum,2026-08-29 18:00:00+00:00,2450.1253350256225,295683995762.5865,6740608078.26187
ethereum,2026-08-29 19:00:00+00:00,2452.210695169065,295935659467.70496,6178162334.4843855
ethereum,2026-08-29 20:00:00+00:00,2453.0116395864784,296032318378.30804,5914594962.160946
ethereum,2026-08-29 21:00:00+00:00,2452.6307712615658,295986354742.6688,5760573042.098759
ethereum,2026-08-29 22:00:00+00:00,2451.240648807561,295818593136.3855,5652109620.726475
ethereum,2026-08-29 23:00:00+00:00,2452.4996773197377,295970534172.1919,5367264406.847333
ethereum,2026-08-30 00:00:00+00:00,2457.089335222437,296524419464.6924,5355165833.843594
ethereum,2026-08-30 01:00:00+00:00,2459.023463547877,296757832336.8456,5365371174.838433
ethereum,2026-08-30 02:00:00+00:00,2456.2017961421025,296417284339.3855,5389911447.164837
ethereum,2026-08-30 03:00:00+00:00,2455.13311228918,296288314331.30304,5373407170.965961
ethereum,2026-08-30 04:00:00+00:00,2456.9448043451957,296506951431.9463,5374291494.520666
ethereum,2026-08-30 05:00:00+00:00,2455.1351677284115,296288562384.0958,5478888165.487008
ethereum,2026-08-30 06:00:00+00:00,2455.858644378397,296375872386.1521,5402629017.442621
ethereum,2026-08-30 07:00:00+00:00,2460.61652854286,296950059370.8886,5384999584.022806
ethereum,2026-08-30 08:00:00+00:00,2455.307678698179,296309381208.20776,5365145750.562772
ethereum,2026-08-30 09:00:00+00:00,2456.544144922033,296458599387.6048,5297846199.786729
ethereum,2026-08-30 10:00:00+00:00,2453.3253914380184,296070156480.272,5306089786.642826
ethereum,2026-08-30 11:00:00+00:00,2459.1874943123926,296777601860.88745,5371128788.579451
ethereum,2026-08-30 12:00:00+00:00,2459.206809042763,296779932784.97235,5447080826.390405
ethereum,2026-08-30 13:00:00+00:00,2468.230440981611,297868915163.53455,5847557637.29474
ethereum,2026-08-30 14:00:00+00:00,2475.5549373915374,298752843893.81805,6009873057.680921
ethereum,2026-08-30 15:00:00+00:00,2476.8137204434347,298904755293.9326,6071177054.543609
ethereum,2026-08-30 16:00:00+00:00,2480.3258594678337,299328604308.89136,6214180669.906512
ethereum,2026-08-30 17:00:00+00:00,2527.971138452792,305078491891.6201,7359446248.59341
ethereum,2026-08-30 18:00:00+00:00,2505.004419445966,302306841578.16394,7740382758.46311
ethereum,2026-08-30 19:00:00+00:00,2510.219250866777,302936173488.2995,7883903873.351784
ethereum,2026-08-30 20:00:00+00:00,2502.870324924048,302049296573.6354,7974395555.677261
ethereum,2026-08-30 21:00:00+00:00,2490.272188596065,300528938855.4938,8208892602.86545
ethereum,2026-08-30 22:00:00+00:00,2481.401108658717,299458366629.5811,8694116752.558857
ethereum,2026-08-30 23:00:00+00:00,2469.5722144659694,298030841945.38806,9084865966.238178
ethereum,2026-08-31 00:00:00+00:00,2416.241816517273,291594867605.8527,10762275574.892046
ethereum,2026-08-31 01:00:00+00:00,2427.128912354595,292908734971.11163,11402484162.118826
ethereum,2026-08-31 02:00:00+00:00,2411.9237666469976,291073724663.5821,11754056490.602407
ethereum,2026-08-31 03:00:00+00:00,2407.0610202706875,290486882857.2946,12045332580.028336
ethereum,2026-08-31 04:00:00+00:00,2420.662731804107,292128352995.1904,12201238746.571709
ethereum,2026-08-31 05:00:00+00:00,2417.182579090842,291708364176.86365,12398836917.583635
ethereum,2026-08-31 06:00:00+00:00,2435.315345449785,293896647204.519,12880970746.331575
ethereum,2026-08-31 07:00:00+00:00,2438.328756592188,294260309115.103,13239410429.801191
ethereum,2026-08-31 08:00:00+00:00,2439.957512226387,294456869211.8892,13378275260.081251
ethereum,2026-08-31 09:00:00+00:00,2445.970724632505,295182550577.2979,13803730720.673117
ethereum,2026-08-31 10:00:00+00:00,2446.1976666035894,295209938194.4853,13899872937.676607
ethereum,2026-08-31 11:00:00+00:00,2454.2808035250914,296185420422.9216,14386759058.969822
ethereum,2026-08-31 12:00:00+00:00,2445.0161263993004,295067348568.3711,14397288067.832088
ethereum,2026-08-31 13:00:00+00:00,2450.6500760099525,295747260064.9186,14586621120.29639
ethereum,2026-08-31 14:00:00+00:00,2439.8206494585825,294440352456.20087,14707419263.985682
ethereum,2026-08-31 15:00:00+00:00,2467.220287527495,297746972183.3408,15420739975.761827
ethereum,2026-08-31 16:00:00+00:00,2466.9293798787658,297711865114.8589,15585175417.325005
ethereum,2026-08-31 17:00:00+00:00,2468.793717628236,297936855531.33606,14906852413.9197
ethereum,2026-08-31 18:00:00+00:00,2474.381798906639,298611231584.9743,14620157677.512886
ethereum,2026-08-31 19:00:00+00:00,2478.114372577294,299061682853.7593,14773276681.604725
ethereum,2026-08-31 20:00:00+00:00,2481.9467445988703,299524177901.92053,15074108025.072515
ethereum,2026-08-31 21:00:00+00:00,2472.338942167888,298364697292.2553,14820044551.531128
ethereum,2026-08-31 22:00:00+00:00,2478.3047262831524,299084654957.16235,14568940294.614136
ethereum,2026-08-31 23:00:00+00:00,2468.2377542236177,297869761230.4313,13964314224.7217
ethereum,2026-09-01 00:00:00+00:00,2466.565659094493,297667970873.7225,12336663342.988674
ethereum,2026-09-01 01:00:00+00:00,2470.93760306524,298195582083.15753,11757845078.08591
ethereum,2026-09-01 02:00:00+00:00,2460.8973842933588,296983785759.63324,11472637245.399754
ethereum,2026-09-01 03:00:00+00:00,2464.0407124959743,297363126042.3512,11395948757.24224
ethereum,2026-09-01 04:00:00+00:00,2471.652347368895,298281706457.28754,11563532731.82672
ethereum,2026-09-01 05:00:00+00:00,2468.482832896896,297899205986.9624,11400599560.411558
ethereum,2026-09-01 06:00:00+00:00,2483.255004441946,299681927792.9752,11263661585.62204
ethereum,2026-09-01 07:00:00+00:00,2470.891565103835,298189894422.1096,11143343973.62698
ethereum,2026-09-01 08:00:00+00:00,2471.8924965134697,298310687918.5049,11056756577.701143
ethereum,2026-09-01 09:00:00+00:00,2447.6839534850724,295389174489.2227,11386198358.07358
ethereum,2026-09-01 10:00:00+00:00,2452.0383232564577,295914664591.9621,11417054958.16104
ethereum,2026-09-01 11:00:00+00:00,2456.2507008746325,296423018926.47406,11349536614.21946
ethereum,2026-09-01 12:00:00+00:00,2458.2982106690497,296670114646.1115,11414721998.709433
ethereum,2026-09-01 13:00:00+00:00,2445.958662360472,295180964470.7995,11298440989.224056
ethereum,2026-09-01 14:00:00+00:00,2443.067501283259,294832055992.3592,11633960497.791027
ethereum,2026-09-01 15:00:00+00:00,2443.6601729118365,294903580252.2047,11305067754.858747
ripple,2026-06-03 15:00:00+00:00,1.229101837637245,76177081101.42691,2899214478.142524
ripple,2026-06-03 16:00:00+00:00,1.2240505232830143,75864011531.88602,2660922966.1664624
ripple,2026-06-03 17:00:00+00:00,1.221085673716127,75680256550.00066,2634567018.0626388
ripple,2026-06-03 18:00:00+00:00,1.2202481411745056,75628348089.37152,2618667084.9854927
ripple,2026-06-03 19:00:00+00:00,1.2167899358552468,75414015981.97107,2559696858.767959
ripple,2026-06-03 20:00:00+00:00,1.202192829615782,74509318818.72589,2475151977.0790524
ripple,2026-06-03 21:00:00+00:00,1.1921339177843977,73885889157.40143,2492796452.789413
ripple,2026-06-03 22:00:00+00:00,1.216824801591473,75416176885.10768,2595240900.0505023
ripple,2026-06-03 23:00:00+00:00,1.2047338483339292,74666805678.67937,2447759909.169851
ripple,2026-06-04 00:00:00+00:00,1.1998719776763809,74365477420.88692,2312768031.2975297
ripple,2026-06-04 01:00:00+00:00,1.190848718700916,73806235289.98709,2333865236.8705745
ripple,2026-06-04 02:00:00+00:00,1.1599124685484143,71888873225.52919,2481107851.4255314
ripple,2026-06-04 03:00:00+00:00,1.1812589401709226,73211881498.90633,2796356176.0207534
ripple,2026-06-04 04:00:00+00:00,1.207295415740666,74825566102.03442,2872983594.5611706
ripple,2026-06-04 05:00:00+00:00,1.2004922361845327,74403919705.515,2862264557.502493
ripple,2026-06-04 06:00:00+00:00,1.1865259716744898,73538320752.12746,2818360258.436804
ripple,2026-06-04 07:00:00+00:00,1.1885798299306765,73665614457.30417,2781404333.588711
ripple,2026-06-04 08:00:00+00:00,1.1674842460007724,72358155662.02692,2786536051.85777
ripple,2026-06-04 09:00:00+00:00,1.167050266157822,72331258527.32214,2848294622.0921464
ripple,2026-06-04 10:00:00+00:00,1.1580329266135885,71772383270.00362,2897939100.0471973
ripple,2026-06-04 11:00:00+00:00,1.1474368322646458,71115660194.77866,2981264639.687502
ripple,2026-06-04 12:00:00+00:00,1.1552563560603295,71600297415.32292,3014426092.452955
ripple,2026-06-04 13:00:00+00:00,1.1789958606134272,73071620708.7006,3231186251.3587165
ripple,2026-06-04 14:00:00+00:00,1.178851301292145,73062661233.73761,3307642542.512028
ripple,2026-06-04 15:00:00+00:00,1.1717943740777412,72625288104.6144,3333422706.0242352
ripple,2026-06-04 16:00:00+00:00,1.1682705760201813,72406890700.75743,3321407086.036263
ripple,2026-06-04 17:00:00+00:00,1.1690657393038135,72456173206.15387,3303046947.1435275
ripple,2026-06-04 18:00:00+00:00,1.169202157957288,72464628140.08305,3296460713.0715017
ripple,2026-06-04 19:00:00+00:00,1.178312928264926,73029294034.61592,3345170384.319
ripple,2026-06-04 20:00:00+00:00,1.1752005720779888,72836396910.54634,3317385716.951684
ripple,2026-06-04 21:00:00+00:00,1.1737491740747052,72746442392.52275,3202281196.962254
ripple,2026-06-04 22:00:00+00:00,1.1580933704426726,71776129448.17146,3135281845.403121
ripple,2026-06-04 23:00:00+00:00,1.168334623168683,72410860204.89153,3069576560.736212
ripple,2026-06-05 00:00:00+00:00,1.167661064384813,72369114484.1268,3134853920.025144
ripple,2026-06-05 01:00:00+00:00,1.160762999939676,71941587326.8245,3054817198.545363
ripple,2026-06-05 02:00:00+00:00,1.156975689092431,71706857968.57904,2874846222.100693
ripple,2026-06-05 03:00:00+00:00,1.1347856935326062,70331569900.78918,2608470443.811198
ripple,2026-06-05 04:00:00+00:00,1.1336449528727024,70260869254.91574,2540378250.238996
ripple,2026-06-05 05:00:00+00:00,1.1469015744344997,71082486068.85301,2594647280.396136
ripple,2026-06-05 06:00:00+00:00,1.1213014398906744,69495844941.4577,2578308304.216143
ripple,2026-06-05 07:00:00+00:00,1.1175230410491086,69261667930.10378,2907102034.919941
ripple,2026-06-05 08:00:00+00:00,1.134730687109111,70328160721.29292,3040794987.1161456
ripple,2026-06-05 09:00:00+00:00,1.11796870441966,69289289184.65149,2967322491.238153
ripple,2026-06-05 10:00:00+00:00,1.1363923542578311,70431147267.46469,3022587033.8924003
ripple,2026-06-05 11:00:00+00:00,1.1346573398483113,70323614816.25609,2955973646.674341
ripple,2026-06-05 12:00:00+00:00,1.1187442192730344,69337353922.71617,2950352206.6144886
ripple,2026-06-05 13:00:00+00:00,1.1178449157271548,69281617028.46422,2931158932.257004
ripple,2026-06-05 14:00:00+00:00,1.10200677491588,68300003218.98882,2813578248.870541
ripple,2026-06-05 15:00:00+00:00,1.1053342040924046,68506230103.106606,3127971593.4582634
ripple,2026-06-05 16:00:00+00:00,1.0999985967137658,68175540665.04566,3294071676.662392
ripple,2026-06-05 17:00:00+00:00,1.120678431395959,69457232218.59329,3545850781.552715
ripple,2026-06-05 18:00:00+00:00,1.1083216492590462,68691385511.532974,3540433066.536126
ripple,2026-06-05 19:00:00+00:00,1.0834421511382006,67149407875.44241,3546785095.36769
ripple,2026-06-05 20:00:00+00:00,1.0999897069745463,68174989698.18128,3887735161.351611
ripple,2026-06-05 21:00:00+00:00,1.1152516264298555,69120890550.74649,3951148353.747577
ripple,2026-06-05 22:00:00+00:00,1.1116036307181942,68894795644.14453,3750842888.666087
ripple,2026-06-05 23:00:00+00:00,1.1071577481421244,68703457277.98695,4109276505.168792
ripple,2026-06-06 00:00:00+00:00,1.0972843950512718,68090777202.89725,4157762667.06456
ripple,2026-06-06 01:00:00+00:00,1.1109315114259068,68937634011.13962,4132318843.557279
ripple,2026-06-06 02:00:00+00:00,1.1017203012641417,68366042487.80942,4090526015.490551
ripple,2026-06-06 03:00:00+00:00,1.0957514003751718,67995648903.05601,3933888653.736561
ripple,2026-06-06 04:00:00+00:00,1.0856212773394531,67367035251.23165,3924864806.613713
ripple,2026-06-06 05:00:00+00:00,1.057793677148266,65640224104.31755,3960969921.140075
ripple,2026-06-06 06:00:00+00:00,1.088992119607935,67576209163.59608,4072137228.438088
ripple,2026-06-06 07:00:00+00:00,1.0818115717560035,67130628158.17428,3581222146.1943808
ripple,2026-06-06 08:00:00+00:00,1.0915329103808042,67733875142.639305,3804492047.369369
ripple,2026-06-06 09:00:00+00:00,1.0986809065042444,68177436186.324425,3477012259.04438
ripple,2026-06-06 10:00:00+00:00,1.091110831127269,67707683478.43261,3645797217.792407
ripple,2026-06-06 11:00:00+00:00,1.079324607507539,66976302324.94679,3581715623.6888056
ripple,2026-06-06 12:00:00+00:00,1.0871109708685305,67459476545.98301,3638569570.917692
ripple,2026-06-06 13:00:00+00:00,1.0959397826692785,68007338759.28183,3658232785.095122
ripple,2026-06-06 14:00:00+00:00,1.0978466661368729,68125668317.169846,3492693695.081974
ripple,2026-06-06 15:00:00+00:00,1.1030694392684817,68449761763.94583,3216223544.7466674
ripple,2026-06-06 16:00:00+00:00,1.095947940689966,68007844996.2898,3155802190.825162
ripple,2026-06-06 17:00:00+00:00,1.094657206497086,67927749904.48686,2962531862.6615176
ripple,2026-06-06 18:00:00+00:00,1.0830255397905215,67205959610.3872,2928447423.942699
ripple,2026-06-06 19:00:00+00:00,1.0845371094439953,67299758403.99579,2654079226.426424
ripple,2026-06-06 20:00:00+00:00,1.081510682115718,67111956782.22858,2544810093.3139286
ripple,2026-06-06 21:00:00+00:00,1.0844348114014144,67293410411.39052,2380852252.477734
ripple,2026-06-06 22:00:00+00:00,1.0874908413083395,67483048988.64206,2281272813.94855
ripple,2026-06-06 23:00:00+00:00,1.0873281168379574,67472951300.46912,2175643167.391464
ripple,2026-06-07 00:00:00+00:00,1.0929747313661586,67823345759.30258,2112505694.7093952
ripple,2026-06-07 01:00:00+00:00,1.089272652548669,67593617326.92339,2120122451.809065
ripple,2026-06-07 02:00:00+00:00,1.1158902418824377,69245342579.90048,2226429473.206913
ripple,2026-06-07 03:00:00+00:00,1.1190220441228431,69439683126.03122,2217089738.189257
ripple,2026-06-07 04:00:00+00:00,1.1182857440207012,69393992832.39764,2229226461.060875
ripple,2026-06-07 05:00:00+00:00,1.1209669140345164,69560369890.9589,1966385616.4019015
ripple,2026-06-07 06:00:00+00:00,1.119839398185631,69490403134.11313,1834979863.2410483
ripple,2026-06-07 07:00:00+00:00,1.1256787807729662,69852759603.00117,1882602981.0363495
ripple,2026-06-07 08:00:00+00:00,1.135334555456691,70451938089.1585,1811759609.4311752
ripple,2026-06-07 09:00:00+00:00,1.1526287939051956,71525113049.45297,1863527516.8397732
ripple,2026-06-07 10:00:00+00:00,1.1457895911496667,71100713838.84505,2025063402.70957
ripple,2026-06-07 11:00:00+00:00,1.1351673128041746,70441560030.15877,1877932426.3150067
ripple,2026-06-07 12:00:00+00:00,1.1395472470821812,70713352038.167,1913752682.8966491
ripple,2026-06-07 13:00:00+00:00,1.123040868837515,69689066876.95154,1966378539.5208263
ripple,2026-06-07 14:00:00+00:00,1.122077306110865,69629274050.91917,1877177787.6562755
ripple,2026-06-07 15:00:00+00:00,1.1325470804066995,70278964388.40817,1855044758.2294908
ripple,2026-06-07 16:00:00+00:00,1.132647097522692,70285170840.62077,1728599724.8761742
ripple,2026-06-07 17:00:00+00:00,1.1361427257395986,70502088207.87306,1855716224.9389844
ripple,2026-06-07 18:00:00+00:00,1.1437726367837164,70975553952.3291,1730926279.0218458
ripple,2026-06-07 19:00:00+00:00,1.142658525663693,70906419011.20088,1809403701.807892
ripple,2026-06-07 20:00:00+00:00,1.1243025625230652,69767359891.98805,1846139262.6976836
ripple,2026-06-07 21:00:00+00:00,1.1326835223835794,70287431145.33167,1881240209.1472185
ripple,2026-06-07 22:00:00+00:00,1.1297447627714772,70105069647.34355,1846632305.72994
ripple,2026-06-07 23:00:00+00:00,1.153263221584253,71564481761.83138,2034798737.4927652
ripple,2026-06-08 00:00:00+00:00,1.1548517514448144,71663056236.51035,2010546066.5698695
ripple,2026-06-08 01:00:00+00:00,1.1619600810717816,72104155819.3509,2174673588.8264227
ripple,2026-06-08 02:00:00+00:00,1.1561177144350592,71741614178.55766,2129756263.7885711
ripple,2026-06-08 03:00:00+00:00,1.1556308796756298,71711404182.59998,2130677011.741095
ripple,2026-06-08 04:00:00+00:00,1.150734503267598,71407564925.79068,2114885469.4666
ripple,2026-06-08 05:00:00+00:00,1.1416381691649262,70843101910.057,2067067925.830504
ripple,2026-06-08 06:00:00+00:00,1.135412226849641,70456757902.08598,2130135533.1726515
ripple,2026-06-08 07:00:00+00:00,1.1404348761227874,70768432882.76419,2116217437.6329377
ripple,2026-06-08 08:00:00+00:00,1.1467503292027084,71160331382.86102,2021021327.0278184
ripple,2026-06-08 09:00:00+00:00,1.1390038836694352,70679634218.75359,2020637051.8980207
ripple,2026-06-08 10:00:00+00:00,1.149063323558392,71303861705.58748,1836459928.963054
ripple,2026-06-08 11:00:00+00:00,1.1442256633018209,71003666015.02715,1919919271.749689
ripple,2026-06-08 12:00:00+00:00,1.1573994865167214,71821153136.39847,1959856519.6763031
ripple,2026-06-08 13:00:00+00:00,1.1682223797841176,72492755883.5847,1983770740.7444603
ripple,2026-06-08 14:00:00+00:00,1.1621881863088237,72118310639.14449,2062086874.4357305
ripple,2026-06-08 15:00:00+00:00,1.1728733633035209,72781367554.3806,2127679024.9993813
ripple,2026-06-08 16:00:00+00:00,1.169961805192613,72600694015.65427,2220644513.747198
ripple,2026-06-08 17:00:00+00:00,1.1643682133750524,72253589822.85686,2242586138.666062
ripple,2026-06-08 18:00:00+00:00,1.1723653301290031,72749842114.072,2293241197.149324
ripple,2026-06-08 19:00:00+00:00,1.173990802212656,72850708997.80487,2306205281.8799787
ripple,2026-06-08 20:00:00+00:00,1.1785931807112753,73136304537.45369,2292737851.8304305
ripple,2026-06-08 21:00:00+00:00,1.1756450947621142,72953364303.86917,2175460795.8237896
ripple,2026-06-08 22:00:00+00:00,1.1819204000196069,73342771474.96828,2300717424.3129697
ripple,2026-06-08 23:00:00+00:00,1.1770688347535174,73041712924.3241,2155195909.786127
ripple,2026-06-09 00:00:00+00:00,1.1677525780115696,72463602850.90843,2103882956.1796708
ripple,2026-06-09 01:00:00+00:00,1.152750039366323,71532636803.29266,2082988709.8536568
ripple,2026-06-09 02:00:00+00:00,1.1510073897156994,71424498594.42131,1997006455.9559748
ripple,2026-06-09 03:00:00+00:00,1.1519941761705756,71485732543.38554,2045255872.622664
ripple,2026-06-09 04:00:00+00:00,1.1545313136262545,71643171819.84558,2041472391.794035
ripple,2026-06-09 05:00:00+00:00,1.166602967847445,72392265055.61249,2086491388.777293
ripple,2026-06-09 06:00:00+00:00,1.172635231154278,72766590525.57016,2080094884.3921323
ripple,2026-06-09 07:00:00+00:00,1.171539134947596,72698573480.09068,2097088638.5959556
ripple,2026-06-09 08:00:00+00:00,1.170803435450107,72652920456.31877,2076996281.2386324
ripple,2026-06-09 09:00:00+00:00,1.1672490514031777,72432357060.60797,2084843436.1042736
ripple,2026-06-09 10:00:00+00:00,1.159288171700736,71938353419.79915,2086768834.4732444
ripple,2026-06-09 11:00:00+00:00,1.158680790962341,71900663075.59859,1988347949.1308656
ripple,2026-06-09 12:00:00+00:00,1.1548567485034464,71663366323.49191,2006049261.5437572
ripple,2026-06-09 13:00:00+00:00,1.1613954761561964,72069119881.82355,1972773904.9897268
ripple,2026-06-09 14:00:00+00:00,1.1577534193005816,71843116046.32349,1926846669.1471732
ripple,2026-06-09 15:00:00+00:00,1.1361848163446011,70504700094.1083,1924163974.203048
ripple,2026-06-09 16:00:00+00:00,1.1272939163727105,69952985067.58504,1899470648.485144
ripple,2026-06-09 17:00:00+00:00,1.127535865462841,69967998952.46739,1919656792.4376776
ripple,2026-06-09 18:00:00+00:00,1.1380229631951213,70618764276.76636,1962848319.1772397
ripple,2026-06-09 19:00:00+00:00,1.138127105060861,70625226685.79137,1952957428.839138
ripple,2026-06-09 20:00:00+00:00,1.1407857769647187,70790207648.86494,1944520166.6244085
ripple,2026-06-09 21:00:00+00:00,1.1430883168280883,70933089229.5605,1917054038.4289289
ripple,2026-06-09 22:00:00+00:00,1.1358546402168308,70484211377.36801,1888952039.320668
ripple,2026-06-09 23:00:00+00:00,1.134843674601439,70421477017.17125,1872189128.9448872
ripple,2026-06-10 00:00:00+00:00,1.1368684224292722,70547120518.39922,1862270482.14028
ripple,2026-06-10 01:00:00+00:00,1.1357489522882669,70477653029.1136,1808434687.636552
ripple,2026-06-10 02:00:00+00:00,1.1284491663322782,70024672834.18898,1776765468.4416156
ripple,2026-06-10 03:00:00+00:00,1.1171527596587951,69323686732.98637,1772708437.0956886
ripple,2026-06-10 04:00:00+00:00,1.1186764851396096,69418239843.10115,1780561597.3004775
ripple,2026-06-10 05:00:00+00:00,1.1149592123709742,69187568566.78201,1695014253.4523282
ripple,2026-06-10 06:00:00+00:00,1.1111993748213462,68954255979.75772,1600218213.1192994
ripple,2026-06-10 07:00:00+00:00,1.111171705596553,68952538996.42207,1698588187.4707768
ripple,2026-06-10 08:00:00+00:00,1.116273965061654,69269154100.06923,1633503430.4669197
ripple,2026-06-10 09:00:00+00:00,1.1070574388344523,68697232694.14081,1697853040.611226
ripple,2026-06-10 10:00:00+00:00,1.1088651763341555,68809409857.95427,1710322085.6664274
ripple,2026-06-10 11:00:00+00:00,1.110249121014288,68895289024.10391,1705261124.671445
ripple,2026-06-10 12:00:00+00:00,1.10379113697551,68494545921.99887,1701123079.2311618
ripple,2026-06-10 13:00:00+00:00,1.1176573553772178,69354998865.73483,1800729153.9994714
ripple,2026-06-10 14:00:00+00:00,1.1295037950814015,70090116662.16302,1854118405.315356
ripple,2026-06-10 15:00:00+00:00,1.1237367416641104,69732248500.43123,1798090059.5297108
ripple,2026-06-10 16:00:00+00:00,1.1272719477076587,69951621826.21915,1735307259.9742577
ripple,2026-06-10 17:00:00+00:00,1.1131870380176556,69077598234.93303,1773969599.7425728
ripple,2026-06-10 18:00:00+00:00,1.1092704720097084,68834560035.67465,1765404618.4103265
ripple,2026-06-10 19:00:00+00:00,1.1062126239646173,68644808635.8574,1791941101.7115662
ripple,2026-06-10 20:00:00+00:00,1.0982537666207126,68150930490.285,1810072821.147496
ripple,2026-06-10 21:00:00+00:00,1.0982434442807076,68150289948.8204,1827873387.3469217
ripple,2026-06-10 22:00:00+00:00,1.09204685005785,67765767104.47096,1840541758.8042276
ripple,2026-06-10 23:00:00+00:00,1.0945104767845326,67918644753.432526,1873373885.1931384
ripple,2026-06-11 00:00:00+00:00,1.096886405735991,68066080413.333725,1909699727.0101116
ripple,2026-06-11 01:00:00+00:00,1.1019990062508604,68383337219.45929,1907249097.978143
ripple,2026-06-11 02:00:00+00:00,1.11570563855928,69233887223.56377,1955987290.859105
ripple,2026-06-11 03:00:00+00:00,1.1088518871551023,68808585212.55312,1939006729.11502
ripple,2026-06-11 04:00:00+00:00,1.1194204450616652,69464405458.44121,1946393466.0889063
ripple,2026-06-11 05:00:00+00:00,1.1186681183576932,69417720651.64456,1999673933.2213645
ripple,2026-06-11 06:00:00+00:00,1.1138536064670863,69118961407.49373,1966828510.2275343
ripple,2026-06-11 07:00:00+00:00,1.1139398642866218,69124314041.68637,1961003084.15444
ripple,2026-06-11 08:00:00+00:00,1.1143228094145012,69148077280.73448,1934705062.26582
ripple,2026-06-11 09:00:00+00:00,1.120356414030883,69522485984.18208,1947082256.9552784
ripple,2026-06-11 10:00:00+00:00,1.1165756530648243,69287875017.54633,1901226722.38082
ripple,2026-06-11 11:00:00+00:00,1.1211274492732255,69570331728.76634,1939951417.8785467
ripple,2026-06-11 12:00:00+00:00,1.1217616332119855,69609685316.10844,1904233605.214245
ripple,2026-06-11 13:00:00+00:00,1.1130265643996298,69067640220.92935,1858710848.896033
ripple,2026-06-11 14:00:00+00:00,1.1156891682611576,69232865177.31488,1803870776.3337395
ripple,2026-06-11 15:00:00+00:00,1.1124414504585038,69031331618.36179,1742766659.1798697
ripple,2026-06-11 16:00:00+00:00,1.1107029942835347,68923453631.01349,1716332825.7626383
ripple,2026-06-11 17:00:00+00:00,1.107417004532544,68719545148.36778,1661808038.0714896
ripple,2026-06-11 18:00:00+00:00,1.1370463172003298,70558159582.90817,1768496438.0318804
ripple,2026-06-11 19:00:00+00:00,1.1370295332021645,70557118070.34789,1795617723.3110611
ripple,2026-06-11 20:00:00+00:00,1.1421314152759212,70873709755.38994,1794787718.3048224
ripple,2026-06-11 21:00:00+00:00,1.1350639057773324,70435143220.75395,1797207489.3668242
ripple,2026-06-11 22:00:00+00:00,1.139168359977088,70689840615.26306,1767765294.3997622
ripple,2026-06-11 23:00:00+00:00,1.1424588987116109,70894031380.08244,1763038345.6640072
ripple,2026-06-12 00:00:00+00:00,1.1411231049622073,70811140167.02057,1719096680.843338
ripple,2026-06-12 01:00:00+00:00,1.1413245483070829,70823640512.39757,1707993040.0367606
ripple,2026-06-12 02:00:00+00:00,1.138179101157588,70628453246.42926,1654189913.8475945
ripple,2026-06-12 03:00:00+00:00,1.1451137961634266,71058778123.68274,1643585481.6563046
ripple,2026-06-12 04:00:00+00:00,1.1427436399100497,70911700682.21672,1624798854.5508182
ripple,2026-06-12 05:00:00+00:00,1.145343164033531,71073011294.78334,1603003834.950796
ripple,2026-06-12 06:00:00+00:00,1.1386021959614856,70654707929.49759,1604642024.5676937
ripple,2026-06-12 07:00:00+00:00,1.1292310871307316,70073194069.99432,1591965188.1216528
ripple,2026-06-12 08:00:00+00:00,1.132581392615446,70281093594.8123,1605584694.9540496
ripple,2026-06-12 09:00:00+00:00,1.1415609827982731,70838312194.90334,1608183926.1364446
ripple,2026-06-12 10:00:00+00:00,1.145847862987002,71104329833.66928,1654393848.2522316
ripple,2026-06-12 11:00:00+00:00,1.1426017140058458,70902893626.21004,1637635209.0396743
ripple,2026-06-12 12:00:00+00:00,1.1403759557571551,70764776644.22926,1635633291.0389676
ripple,2026-06-12 13:00:00+00:00,1.1348873746463914,70424188775.43378,1592410228.3098016
ripple,2026-06-12 14:00:00+00:00,1.1290932089331631,70064638189.97444,1602806473.3814025
ripple,2026-06-12 15:00:00+00:00,1.1477513475229493,71222448474.58942,1666500908.4086664
ripple,2026-06-12 16:00:00+00:00,1.127773672274588,69982755792.81714,1729864198.8881104
ripple,2026-06-12 17:00:00+00:00,1.1348763239906798,70423503039.13843,1777678637.5068705
ripple,2026-06-12 18:00:00+00:00,1.131690748124309,70225825629.74644,1668271905.9570663
ripple,2026-06-12 19:00:00+00:00,1.1302333691276478,70135389577.79001,1621605307.3826602
ripple,2026-06-12 20:00:00+00:00,1.1312151242835335,70196311315.02486,1511258874.4819114
ripple,2026-06-12 21:00:00+00:00,1.1325986635031446,70282165320.76747,1554031736.9135554
ripple,2026-06-12 22:00:00+00:00,1.1297700542967186,70106639085.14665,1510327792.9839392
ripple,2026-06-12 23:00:00+00:00,1.1305240575719693,70153427929.73141,1454620977.0738847
ripple,2026-06-13 00:00:00+00:00,1.131721918290297,70227759860.14035,1489339884.4178605
ripple,2026-06-13 01:00:00+00:00,1.1341603426977207,70379073606.87802,1415637768.5347457
ripple,2026-06-13 02:00:00+00:00,1.1391331185007996,70687653744.18289,1481255316.2009995
ripple,2026-06-13 03:00:00+00:00,1.1341412620308258,70377889577.0638,1420292324.3574293
ripple,2026-06-13 04:00:00+00:00,1.133291228657866,70325141690.30421,1445540644.1749618
ripple,2026-06-13 05:00:00+00:00,1.1330256272930996,70308660089.51352,1351373527.3495364
ripple,2026-06-13 06:00:00+00:00,1.131642657148789,70222841397.11325,1341753520.9181042
ripple,2026-06-13 07:00:00+00:00,1.1369396732846295,70551541911.92267,1308494792.6063955
ripple,2026-06-13 08:00:00+00:00,1.140949404399228,70800361369.48442,1332444140.6551318
ripple,2026-06-13 09:00:00+00:00,1.1427820146783063,70914081986.28645,1396994651.0132203
ripple,2026-06-13 10:00:00+00:00,1.1425005895161602,70896618457.13994,1288762147.3508413
ripple,2026-06-13 11:00:00+00:00,1.1439179967743576,70984574106.79553,1346864471.9635
ripple,2026-06-13 12:00:00+00:00,1.148002620208518,71238040924.93994,1270078278.5137253
ripple,2026-06-13 13:00:00+00:00,1.1531207298972068,71555639596.7922,1349359281.5710523
ripple,2026-06-13 14:00:00+00:00,1.1509636212501129,71421782590.39154,1226925462.3254445
ripple,2026-06-13 15:00:00+00:00,1.1542306333812635,71624513437.69476,1223497127.0573936
ripple,2026-06-13 16:00:00+00:00,1.1561280454963596,71742255261.21268,1125588791.6813364
ripple,2026-06-13 17:00:00+00:00,1.146573266697123,71149343963.67126,1005756108.561334
ripple,2026-06-13 18:00:00+00:00,1.1439801378057857,70988430200.20688,1057970966.1221964
ripple,2026-06-13 19:00:00+00:00,1.145432246229802,71078539192.57028,1042839264.4143524
ripple,2026-06-13 20:00:00+00:00,1.1470687193164586,71180088731.45428,1007300140.2382551
ripple,2026-06-13 21:00:00+00:00,1.1464608330239372,71142367015.64801,991868643.198329
ripple,2026-06-13 22:00:00+00:00,1.1521443359206551,71495050541.64893,990789247.921087
ripple,2026-06-13 23:00:00+00:00,1.1498635306672964,71353517678.29092,974836632.8574566
ripple,2026-06-14 00:00:00+00:00,1.1501945676088534,71374059811.88467,986313094.145977
ripple,2026-06-14 01:00:00+00:00,1.1523430946914135,71507384298.72946,985053384.1885492
ripple,2026-06-14 02:00:00+00:00,1.1519096526376449,71480487528.44215,1046647299.9686024
ripple,2026-06-14 03:00:00+00:00,1.1515167841478728,71456108506.07771,960098188.2462972
ripple,2026-06-14 04:00:00+00:00,1.1533239159034967,71568248081.10805,883090676.0244377
ripple,2026-06-14 05:00:00+00:00,1.1482570698994736,71253830520.86816,972986341.1440988
ripple,2026-06-14 06:00:00+00:00,1.147844369796813,71228220869.56116,985606555.5942189
ripple,2026-06-14 07:00:00+00:00,1.14605620222224,71117258095.94402,914043159.6185964
ripple,2026-06-14 08:00:00+00:00,1.1458193833767327,71102562562.75352,938508235.7049974
ripple,2026-06-14 09:00:00+00:00,1.1448951510039744,71045210338.60725,859849597.7072022
ripple,2026-06-14 10:00:00+00:00,1.148001291479534,71237958472.12314,869394774.5441302
ripple,2026-06-14 11:00:00+00:00,1.14241768758304,70891474068.79062,944236303.2389137
ripple,2026-06-14 12:00:00+00:00,1.143839784905366,70979720755.22127,939870126.556442
ripple,2026-06-14 13:00:00+00:00,1.1372259039987025,70569303644.3126,836222827.4995313
ripple,2026-06-14 14:00:00+00:00,1.1344257199262622,70395541299.14162,916279812.7027686
ripple,2026-06-14 15:00:00+00:00,1.1314439829297471,70210512886.79657,938532402.2503144
ripple,2026-06-14 16:00:00+00:00,1.1342751859271984,70386200077.26884,913369718.5580328
ripple,2026-06-14 17:00:00+00:00,1.1364884939155602,70523544472.02794,800870508.263521
ripple,2026-06-14 18:00:00+00:00,1.1323268498906027,70265298225.76842,863124997.1579136
ripple,2026-06-14 19:00:00+00:00,1.131967617322441,70243006443.55315,765591317.3561748
ripple,2026-06-14 20:00:00+00:00,1.132469304133358,70274138067.24326,825953614.187412
ripple,2026-06-14 21:00:00+00:00,1.1370500226877591,70558389522.85822,849105911.311156
ripple,2026-06-14 22:00:00+00:00,1.1685323982590206,72511993739.32985,1003355426.7320328
ripple,2026-06-14 23:00:00+00:00,1.1730571236436729,72792770600.33336,1101749874.3784602
ripple,2026-06-15 00:00:00+00:00,1.1857724963931864,73581809081.91905,1302997963.6227057
ripple,2026-06-15 01:00:00+00:00,1.184276373305134,73488968807.95169,1262472945.883405
ripple,2026-06-15 02:00:00+00:00,1.1822919386366657,73365826895.52335,1334266064.43466
ripple,2026-06-15 03:00:00+00:00,1.181468955898188,73314757606.1575,1367150607.9131958
ripple,2026-06-15 04:00:00+00:00,1.1863297087223033,73616386280.61769,1414166124.3485136
ripple,2026-06-15 05:00:00+00:00,1.183377157140292,73433168937.09447,1337637719.0389085
ripple,2026-06-15 06:00:00+00:00,1.18360142072642,73447085367.4626,1429761711.6348112
ripple,2026-06-15 07:00:00+00:00,1.1825290062970335,73380537868.64658,1457483350.621675
ripple,2026-06-15 08:00:00+00:00,1.1806849768385452,73266108647.21611,1477733470.872885
ripple,2026-06-15 09:00:00+00:00,1.1807100593598705,73267665115.51088,1479419702.6426184
ripple,2026-06-15 10:00:00+00:00,1.1848194782490336,73522670588.36488,1507562615.5197432
ripple,2026-06-15 11:00:00+00:00,1.1979718488217503,74338826489.60228,1583025317.2552967
ripple,2026-06-15 12:00:00+00:00,1.2312422587520486,76403385213.14737,1855091547.6150892
ripple,2026-06-15 13:00:00+00:00,1.2381366859733585,76831211317.28682,2045863018.217486
ripple,2026-06-15 14:00:00+00:00,1.2382097482539591,76835745116.81296,2217598896.2259026
ripple,2026-06-15 15:00:00+00:00,1.243746952877724,77179350264.26974,2290306204.0361385
ripple,2026-06-15 16:00:00+00:00,1.267662095055649,78663378129.0209,2497579669.0175285
ripple,2026-06-15 17:00:00+00:00,1.2798257882637771,79418182742.97,2790365201.1421447
ripple,2026-06-15 18:00:00+00:00,1.2816793827799409,79533205513.54236,2954875368.1506324
ripple,2026-06-15 19:00:00+00:00,1.2812186925904168,79504617890.13687,3066111766.4453278
ripple,2026-06-15 20:00:00+00:00,1.273418267913767,79020571109.6111,3182781631.9941
ripple,2026-06-15 21:00:00+00:00,1.2631220232201887,78381648960.87846,3265317214.1619434
ripple,2026-06-15 22:00:00+00:00,1.2493532349306622,77527241935.67676,3113456312.81955
ripple,2026-06-15 23:00:00+00:00,1.2396318224977452,76923990371.13017,3100999458.812416
ripple,2026-06-16 00:00:00+00:00,1.2376600592814702,76801634771.74158,3097520362.8626714
ripple,2026-06-16 01:00:00+00:00,1.234112040678596,76581466376.66588,3035191648.638134
ripple,2026-06-16 02:00:00+00:00,1.2280255978923582,76203778858.65782,2984187771.0407577
ripple,2026-06-16 03:00:00+00:00,1.216646686791858,75497673035.91026,2902757316.480957
ripple,2026-06-16 04:00:00+00:00,1.226632038526045,76117303063.72389,2901015907.412065
ripple,2026-06-16 05:00:00+00:00,1.222196292634819,75842047727.39516,2941486133.50758
ripple,2026-06-16 06:00:00+00:00,1.225058906736736,76019684099.43378,2972995630.407492
ripple,2026-06-16 07:00:00+00:00,1.2351339029684298,76644876918.01955,3063161889.653749
ripple,2026-06-16 08:00:00+00:00,1.2345758196662675,76610245672.04579,2998489895.345624
ripple,2026-06-16 09:00:00+00:00,1.2470752303320565,77385882863.8715,3416690680.162679
ripple,2026-06-16 10:00:00+00:00,1.238370110396798,76845696213.34644,3416632217.676335
ripple,2026-06-16 11:00:00+00:00,1.2387102714430498,76866804533.22949,3401846656.0946736
ripple,2026-06-16 12:00:00+00:00,1.237052773347937,76763950310.55254,2835228705.502212
ripple,2026-06-16 13:00:00+00:00,1.2436401480324333,77172722606.97536,2876013337.8571534
ripple,2026-06-16 14:00:00+00:00,1.224909509905985,76010413443.29088,2879333371.09872
ripple,2026-06-16 15:00:00+00:00,1.2077434073038953,74945189812.12244,2868241609.601658
ripple,2026-06-16 16:00:00+00:00,1.2094108111171435,75048658723.25177,2761167477.2389064
ripple,2026-06-16 17:00:00+00:00,1.2117474603486456,75193656923.30006,2514993753.3320165
ripple,2026-06-16 18:00:00+00:00,1.220374099523894,75728973536.51425,2193691282.445497
ripple,2026-06-16 19:00:00+00:00,1.2257346806427112,76061618506.4834,2155890068.416446
ripple,2026-06-16 20:00:00+00:00,1.2189240120209708,75638989950.18828,2235067978.0692697
ripple,2026-06-16 21:00:00+00:00,1.2217888576116007,75816764794.80653,1982118620.4457293
ripple,2026-06-16 22:00:00+00:00,1.2187251973005886,75626652721.21532,1914378403.188278
ripple,2026-06-16 23:00:00+00:00,1.2202161555264666,75719172495.33672,1832082519.08609
ripple,2026-06-17 00:00:00+00:00,1.2164421139531405,75484978493.23227,1799365537.549333
ripple,2026-06-17 01:00:00+00:00,1.214484201147546,75363482365.85664,1770796719.302601
ripple,2026-06-17 02:00:00+00:00,1.2205747693277096,75741425880.65091,1704536547.9856763
ripple,2026-06-17 03:00:00+00:00,1.2182686668966989,75598323228.73569,1767367357.7469697
ripple,2026-06-17 04:00:00+00:00,1.2149910672153947,75394935382.64359,1747010670.7373796
ripple,2026-06-17 05:00:00+00:00,1.2164315313469325,75484321801.23445,1741094972.547358
ripple,2026-06-17 06:00:00+00:00,1.2170922300920832,75525320735.74696,1736383014.8647523
ripple,2026-06-17 07:00:00+00:00,1.2108150532997155,75135797428.60806,1727817111.7655418
ripple,2026-06-17 08:00:00+00:00,1.2082376693489878,74975860700.12926,1827643361.934373
ripple,2026-06-17 09:00:00+00:00,1.1957570306842868,74201388384.20035,1725176017.901657
ripple,2026-06-17 10:00:00+00:00,1.1964999414558093,74247488895.65709,1717046156.7094092
ripple,2026-06-17 11:00:00+00:00,1.1952119008336537,74167560950.42517,1678252413.3462365
ripple,2026-06-17 12:00:00+00:00,1.192270872012068,73985058639.13647,1727432644.072489
ripple,2026-06-17 13:00:00+00:00,1.1968039918178657,74266356406.71857,1683703250.9274492
ripple,2026-06-17 14:00:00+00:00,1.2006479520298865,74504889133.10559,1673288179.5229826
ripple,2026-06-17 15:00:00+00:00,1.194730962968072,74137716879.73444,1635508590.5847807
ripple,2026-06-17 16:00:00+00:00,1.2125073903381065,75240813543.6216,1636961373.8453112
ripple,2026-06-17 17:00:00+00:00,1.2119624517283898,75206997977.09134,1661500245.0055254
ripple,2026-06-17 18:00:00+00:00,1.2162632399336848,75473878662.54018,1606850728.4831958
ripple,2026-06-17 19:00:00+00:00,1.209012282362645,75023928459.38043,1764096134.221683
ripple,2026-06-17 20:00:00+00:00,1.1793554530081234,73183606507.0859,1871958685.860087
ripple,2026-06-17 21:00:00+00:00,1.1893990895186508,73806853332.63951,1923868310.398517
ripple,2026-06-17 22:00:00+00:00,1.1811700244551235,73296207743.98827,1932884343.4196897
ripple,2026-06-17 23:00:00+00:00,1.18324933480466,73425237062.53549,1980831552.0102053
ripple,2026-06-18 00:00:00+00:00,1.1858247656054528,73585052590.4416,1988226360.1335871
ripple,2026-06-18 01:00:00+00:00,1.1862659340514206,73612428813.50539,1987424323.8070853
ripple,2026-06-18 02:00:00+00:00,1.1880536743647827,73723365073.89766,1980163796.954796
ripple,2026-06-18 03:00:00+00:00,1.1886198329571858,73758497423.13245,1948821287.900708
ripple,2026-06-18 04:00:00+00:00,1.177583384036768,73073642714.59883,1948154301.6332705
ripple,2026-06-18 05:00:00+00:00,1.169284723066229,72558678428.42494,1942879266.842347
ripple,2026-06-18 06:00:00+00:00,1.1662984211918352,72373366747.59998,1968271831.297093
ripple,2026-06-18 07:00:00+00:00,1.169764617472379,72588457748.3874,1981005868.378064
ripple,2026-06-18 08:00:00+00:00,1.177923422033551,73094743398.78235,1956220950.0614803
ripple,2026-06-18 09:00:00+00:00,1.1772975793182583,73055907416.8954,1965026228.9965467
ripple,2026-06-18 10:00:00+00:00,1.1778931125775798,73092862578.8026,1953458903.8013265
ripple,2026-06-18 11:00:00+00:00,1.1685904071575368,72515593417.77463,1957566861.532214
ripple,2026-06-18 12:00:00+00:00,1.1634663835945735,72197627766.95369,1938947787.3283677
ripple,2026-06-18 13:00:00+00:00,1.1681374719121067,72487487018.90208,1938605675.5179796
ripple,2026-06-18 14:00:00+00:00,1.158380491456596,71882028319.80325,1974947532.015468
ripple,2026-06-18 15:00:00+00:00,1.159189694611226,71932242532.2374,1981363062.335467
ripple,2026-06-18 16:00:00+00:00,1.136604598858605,70530749236.66754,2059961749.9653337
ripple,2026-06-18 17:00:00+00:00,1.146480161341746,71143566413.16754,2103595744.6558511
ripple,2026-06-18 18:00:00+00:00,1.1414280056715835,70830060445.45047,2126391795.2803664
ripple,2026-06-18 19:00:00+00:00,1.1373863981969754,70579262935.4009,2026230554.51786
ripple,2026-06-18 20:00:00+00:00,1.1429085524668354,70921934149.68668,1917031738.9914017
ripple,2026-06-18 21:00:00+00:00,1.1513304990255755,71444548787.54372,1901401612.6746547
ripple,2026-06-18 22:00:00+00:00,1.1437196879538627,70972268270.8841,1895254309.4327607
ripple,2026-06-18 23:00:00+00:00,1.146411433445166,71139301579.07825,1902519692.7353957
ripple,2026-06-19 00:00:00+00:00,1.1457015254597007,71095249019.23973,1902183485.330534
ripple,2026-06-19 01:00:00+00:00,1.147750530843775,71222397796.4608,1907898981.1255453
ripple,2026-06-19 02:00:00+00:00,1.150288226266157,71379871696.93137,1896079700.3283
ripple,2026-06-19 03:00:00+00:00,1.147428038358438,71202385879.70729,1900495987.271927
ripple,2026-06-19 04:00:00+00:00,1.1380033515644443,70617547298.57819,1892384988.868909
ripple,2026-06-19 05:00:00+00:00,1.126294174349456,69890947175.06346,1912947846.43942
ripple,2026-06-19 06:00:00+00:00,1.1323738015337077,70268211758.38072,1814517705.024216
ripple,2026-06-19 07:00:00+00:00,1.1326454299551754,70285067361.55121,1903948155.2878823
ripple,2026-06-19 08:00:00+00:00,1.123806201903499,69736558779.24863,1947977510.3511007
ripple,2026-06-19 09:00:00+00:00,1.1255340511185248,69843778563.35486,1958821212.5157547
ripple,2026-06-19 10:00:00+00:00,1.124276346336914,69765733075.36844,1957412791.1492243
ripple,2026-06-19 11:00:00+00:00,1.1243323898776636,69769210795.69696,1934517066.5518832
ripple,2026-06-19 12:00:00+00:00,1.1263542492631196,69894675057.80763,1931671017.7536511
ripple,2026-06-19 13:00:00+00:00,1.1300154882804012,70121869221.26845,1929537367.4637132
ripple,2026-06-19 14:00:00+00:00,1.1389935265224087,70678991517.37752,1911874393.273066
ripple,2026-06-19 15:00:00+00:00,1.1357751922282109,70479281319.74873,1867271224.9298444
ripple,2026-06-19 16:00:00+00:00,1.1359977051565828,70493089114.97382,1721070627.617664
ripple,2026-06-19 17:00:00+00:00,1.1295254564791646,70091460836.395,1645602482.757518
ripple,2026-06-19 18:00:00+00:00,1.135276162670659,70448314588.9958,1611838843.221938
ripple,2026-06-19 19:00:00+00:00,1.1317110274739304,70227084042.4999,1586399552.5167985
ripple,2026-06-19 20:00:00+00:00,1.1303375863078762,70141856660.37283,1554651594.6121864
ripple,2026-06-19 21:00:00+00:00,1.133625376314222,70345876855.88611,1422579152.3093052
ripple,2026-06-19 22:00:00+00:00,1.129071387588641,70063284090.42207,1461792317.4637876
ripple,2026-06-19 23:00:00+00:00,1.1333199266416776,70326922512.15013,1424770322.299679
ripple,2026-06-20 00:00:00+00:00,1.1352079033331168,70444078830.82268,1418755822.7524796
ripple,2026-06-20 01:00:00+00:00,1.136448460046416,70521060214.27603,1423126737.086843
ripple,2026-06-20 02:00:00+00:00,1.1408570333962926,70794629388.41438,1422068476.1917078
ripple,2026-06-20 03:00:00+00:00,1.1383707518702633,70640345920.77731,1415450297.616709
ripple,2026-06-20 04:00:00+00:00,1.138791293953296,70666442197.55786,1347008939.687567
ripple,2026-06-20 05:00:00+00:00,1.143230087177867,70941886632.80826,1304668304.3002825
ripple,2026-06-20 06:00:00+00:00,1.147080091452969,71180794416.88728,1308779146.022539
ripple,2026-06-20 07:00:00+00:00,1.1486863346777594,71280468074.91626,1273883550.0390368
ripple,2026-06-20 08:00:00+00:00,1.1465149976023197,71145728139.03185,1240586538.8116777
ripple,2026-06-20 09:00:00+00:00,1.1462443674077298,71128934479.73323,1201217313.1932333
ripple,2026-06-20 10:00:00+00:00,1.1512036586955667,71436677850.26443,1177515098.6680777
ripple,2026-06-20 11:00:00+00:00,1.1485068636441087,71269331197.16441,1148097059.4031794
ripple,2026-06-20 12:00:00+00:00,1.146693887365,71156828946.65247,1103937030.648332
ripple,2026-06-20 13:00:00+00:00,1.1452355731720814,71066334862.12006,1062962713.0149604
ripple,2026-06-20 14:00:00+00:00,1.1408393080094734,70793529459.01578,1022358361.2998352
ripple,2026-06-20 15:00:00+00:00,1.1445695735650556,71025006988.44963,1008216845.7741588
ripple,2026-06-20 16:00:00+00:00,1.149761771048478,71347203096.9805,1047104941.2192584
ripple,2026-06-20 17:00:00+00:00,1.147710638291963,71219922308.00063,1058411531.3283168
ripple,2026-06-20 18:00:00+00:00,1.142248694981444,70880987418.624,1048425470.4727244
ripple,2026-06-20 19:00:00+00:00,1.1408741845984862,70795693687.41707,1030233253.981198
ripple,2026-06-20 20:00:00+00:00,1.1429914119288522,70927075902.53835,1018366959.9399376
ripple,2026-06-20 21:00:00+00:00,1.1442388262011616,71004482824.27951,1004985925.1096632
ripple,2026-06-20 22:00:00+00:00,1.1465087342149705,71145339471.41345,1001883071.3217038
ripple,2026-06-20 23:00:00+00:00,1.151781620289534,71472542621.78961,1027236102.461512
ripple,2026-06-21 00:00:00+00:00,1.1491349570468194,71308306842.98557,1019972928.7837104
ripple,2026-06-21 01:00:00+00:00,1.1479038443420162,71231911497.10033,997236396.4257928
ripple,2026-06-21 02:00:00+00:00,1.1485704291806582,71273275686.67552,979827315.9304768
ripple,2026-06-21 03:00:00+00:00,1.146211134537398,71126872250.4882,961715800.0809492
ripple,2026-06-21 04:00:00+00:00,1.1485630500350943,71272817781.90735,962710275.8642116
ripple,2026-06-21 05:00:00+00:00,1.1444546007638,71017872477.62454,922407408.588456
ripple,2026-06-21 06:00:00+00:00,1.1432104958813976,70940670916.437,907537472.2913193
ripple,2026-06-21 07:00:00+00:00,1.1458486531177798,71104378864.36632,894072169.2831562
ripple,2026-06-21 08:00:00+00:00,1.1464908075617763,71144227052.65115,882014029.2222562
ripple,2026-06-21 09:00:00+00:00,1.1435944864330825,70964499028.11041,870717172.6350906
ripple,2026-06-21 10:00:00+00:00,1.1478155113666335,71226430091.39223,876922609.2361736
ripple,2026-06-21 11:00:00+00:00,1.147089267895809,71181363850.96266,886042680.1254618
ripple,2026-06-21 12:00:00+00:00,1.141577775145866,70839354225.57816,896246961.1680377
ripple,2026-06-21 13:00:00+00:00,1.143378413114979,70951090835.82332,911829537.5063
ripple,2026-06-21 14:00:00+00:00,1.1437594067650876,70974732978.06308,904130699.8365904
ripple,2026-06-21 15:00:00+00:00,1.1459942764670863,71113415361.2653,865913853.6042802
ripple,2026-06-21 16:00:00+00:00,1.148862902685464,71291424808.58347,831276241.7900164
ripple,2026-06-21 17:00:00+00:00,1.1443700897436777,71012628239.14973,819204113.949071
ripple,2026-06-21 18:00:00+00:00,1.141776849898867,70851707590.5895,818222233.8775955
ripple,2026-06-21 19:00:00+00:00,1.1439387494912998,70985861893.83784,832266912.0209941
ripple,2026-06-21 20:00:00+00:00,1.144788724738668,71038606173.67773,825376481.097927
ripple,2026-06-21 21:00:00+00:00,1.138008594319135,70617872631.95863,842054197.8697456
ripple,2026-06-21 22:00:00+00:00,1.1333735848584152,70330252213.81859,951064497.6473924
ripple,2026-06-21 23:00:00+00:00,1.1307017501343817,70164454446.40512,955944496.8070164
ripple,2026-06-22 00:00:00+00:00,1.1240573531728624,69752143695.24998,983637216.1864166
ripple,2026-06-22 01:00:00+00:00,1.1382482492399002,70632744154.68237,1022984860.97667
ripple,2026-06-22 02:00:00+00:00,1.144873637339618,71043875331.80945,1095796773.2025788
ripple,2026-06-22 03:00:00+00:00,1.1355338324235478,70464304002.32841,1115899694.2053204
ripple,2026-06-22 04:00:00+00:00,1.1292960338907096,70077224269.8073,1143835731.8574429
ripple,2026-06-22 05:00:00+00:00,1.1332058318522824,70319842485.3861,1165496570.430665
ripple,2026-06-22 06:00:00+00:00,1.134067114014355,70373288403.3915,1178559531.7203789
ripple,2026-06-22 07:00:00+00:00,1.1301886035919968,70132611701.67319,1199434584.703539
ripple,2026-06-22 08:00:00+00:00,1.1363621217782212,70515702587.93025,1263891441.55843
ripple,2026-06-22 09:00:00+00:00,1.1335895308352548,70343652504.08351,1286052940.4998462
ripple,2026-06-22 10:00:00+00:00,1.1338115485519995,70357429569.4953,1295081133.1153226
ripple,2026-06-22 11:00:00+00:00,1.1365194023776457,70525462462.67378,1295195871.1096733
ripple,2026-06-22 12:00:00+00:00,1.1469984235931896,71175726607.60287,1323232270.563761
ripple,2026-06-22 13:00:00+00:00,1.15667612250819,71776265577.83694,1346911398.46222
ripple,2026-06-22 14:00:00+00:00,1.1623204842084167,72126520239.90634,1423192298.8813426
ripple,2026-06-22 15:00:00+00:00,1.1422184226607746,70879108903.03459,1491938693.2944255
ripple,2026-06-22 16:00:00+00:00,1.1387919912212356,70666485465.75354,1530077042.3919673
ripple,2026-06-22 17:00:00+00:00,1.1378607268443128,70608696878.31712,1565048488.853248
ripple,2026-06-22 18:00:00+00:00,1.1383854273882332,70641256593.91634,1555201542.940162
ripple,2026-06-22 19:00:00+00:00,1.1321428675739702,70253881405.30911,1560134526.1366658
ripple,2026-06-22 20:00:00+00:00,1.1333247423333617,70327221344.60506,1596516454.5960429
ripple,2026-06-22 21:00:00+00:00,1.1304529013555689,70149012408.92444,1591377309.2892196
ripple,2026-06-22 22:00:00+00:00,1.1299130540034088,70115512774.78648,1524740721.371726
ripple,2026-06-22 23:00:00+00:00,1.1263130741024134,69892119978.46213,1512197686.8500226
ripple,2026-06-23 00:00:00+00:00,1.1278455886946306,69987218487.22565,1484508576.7450202
ripple,2026-06-23 01:00:00+00:00,1.1300743128204955,70125519513.45494,1472235453.082526
ripple,2026-06-23 02:00:00+00:00,1.1278106870049125,69985052701.22765,1431449536.3103664
ripple,2026-06-23 03:00:00+00:00,1.1286461693207577,70036897638.12984,1417579594.960075
ripple,2026-06-23 04:00:00+00:00,1.1261992393279856,69885056086.64114,1402466337.789293
ripple,2026-06-23 05:00:00+00:00,1.1168826818867192,69306927353.65973,1403133718.9703908
ripple,2026-06-23 06:00:00+00:00,1.1144743400624093,69157480348.55597,1417351505.8122523
ripple,2026-06-23 07:00:00+00:00,1.1124840303402466,69033973866.1274,1485515545.521205
ripple,2026-06-23 08:00:00+00:00,1.1119805418743962,69002730442.72043,1452036352.418882
ripple,2026-06-23 09:00:00+00:00,1.0988616624254646,68188652796.362274,1529500458.3281865
ripple,2026-06-23 10:00:00+00:00,1.1027365179736237,68429102698.87892,1548354025.270789
ripple,2026-06-23 11:00:00+00:00,1.1030748055741462,68450094764.146194,1572687862.1866598
ripple,2026-06-23 12:00:00+00:00,1.1079600481745344,68753243124.75839,1565840432.3303163
ripple,2026-06-23 13:00:00+00:00,1.100083649268949,68264481846.95283,1536147506.9327495
ripple,2026-06-23 14:00:00+00:00,1.101292274377406,68339481749.76101,1527899942.0790925
ripple,2026-06-23 15:00:00+00:00,1.1004126189328425,68284895697.903145,1506710296.1736553
ripple,2026-06-23 16:00:00+00:00,1.097323288682205,68093190704.42013,1495848180.4589667
ripple,2026-06-23 17:00:00+00:00,1.1001933444114325,68271288858.46304,1508272279.6058323
ripple,2026-06-23 18:00:00+00:00,1.0968018434781102,68060832995.35612,1498212127.6647298
ripple,2026-06-23 19:00:00+00:00,1.0974727469934138,68102465175.66525,1493510717.7974756
ripple,2026-06-23 20:00:00+00:00,1.1011554864880904,68330993527.62147,1485914877.9822602
ripple,2026-06-23 21:00:00+00:00,1.1028118395924558,68433776699.15595,1491349073.9158645
ripple,2026-06-23 22:00:00+00:00,1.1036622709328183,68486549281.34537,1477599371.1062489
ripple,2026-06-23 23:00:00+00:00,1.1078760469095257,68748030518.57692,1448693513.9622967
ripple,2026-06-24 00:00:00+00:00,1.1090597219669764,68821482173.39038,1455232730.4323268
ripple,2026-06-24 01:00:00+00:00,1.1101515842387562,68889236486.69266,1396223994.3808162
ripple,2026-06-24 02:00:00+00:00,1.1081306224301752,68763827922.72852,1473339385.288165
ripple,2026-06-24 03:00:00+00:00,1.1046644966494217,68548741296.72807,1487338960.8388357
ripple,2026-06-24 04:00:00+00:00,1.1025354585334892,68416626176.28871,1479813546.0976322
ripple,2026-06-24 05:00:00+00:00,1.1010503251934536,68324467859.05662,1475885990.4216511
ripple,2026-06-24 06:00:00+00:00,1.1038379703318704,68497452114.45725,1464198897.4530954
ripple,2026-06-24 07:00:00+00:00,1.1012537485609672,68337091072.56235,1380120651.7859912
ripple,2026-06-24 08:00:00+00:00,1.0973822032271203,68096846581.75689,1362782516.556892
ripple,2026-06-24 09:00:00+00:00,1.101083581159865,68326531521.50347,1276145853.1007109
ripple,2026-06-24 10:00:00+00:00,1.0975566601383495,68107672313.65245,1263986292.3456357
ripple,2026-06-24 11:00:00+00:00,1.0852807530656374,67345904391.6613,1336842076.8474782
ripple,2026-06-24 12:00:00+00:00,1.0944667651634212,67915932276.82419,1383244254.0816317
ripple,2026-06-24 13:00:00+00:00,1.0889505311007626,67573628434.48988,1384931697.326718
ripple,2026-06-24 14:00:00+00:00,1.075170715540014,66718537124.09162,1441447133.1413238
ripple,2026-06-24 15:00:00+00:00,1.073895606007112,66639411603.39189,1480962933.003166
ripple,2026-06-24 16:00:00+00:00,1.0571329460498111,65599223162.15634,1527352894.896556
ripple,2026-06-24 17:00:00+00:00,1.0558532543934762,65519813302.82279,1633339742.3261333
ripple,2026-06-24 18:00:00+00:00,1.0502438547443542,65171728172.41088,1759424672.3278344
ripple,2026-06-24 19:00:00+00:00,1.058931477336157,65710829044.51765,1859734305.373276
ripple,2026-06-24 20:00:00+00:00,1.0563404765005877,65550047335.21519,1937894729.534865
ripple,2026-06-24 21:00:00+00:00,1.073099802449832,66590028888.24493,2028683961.0964727
ripple,2026-06-24 22:00:00+00:00,1.0756970894206317,66751200676.76056,2076678862.3092744
ripple,2026-06-24 23:00:00+00:00,1.069864716502983,66389279185.22121,2092992056.056773
ripple,2026-06-25 00:00:00+00:00,1.072805994012306,66571796928.55414,2113909082.801796
ripple,2026-06-25 01:00:00+00:00,1.072625665821158,66560606860.835846,2109858497.8459735
ripple,2026-06-25 02:00:00+00:00,1.074248155973623,66661288704.10604,2127133561.349363
ripple,2026-06-25 03:00:00+00:00,1.0700851497589134,66402957928.65851,2144731265.2042768
ripple,2026-06-25 04:00:00+00:00,1.0707434004834897,66443804953.94467,2152378556.298202
ripple,2026-06-25 05:00:00+00:00,1.0783991491369749,66918874022.85409,2154518075.452146
ripple,2026-06-25 06:00:00+00:00,1.083164399386444,67214576390.00339,2218756338.583841
ripple,2026-06-25 07:00:00+00:00,1.086789512815593,67439528819.79522,2256728537.5615263
ripple,2026-06-25 08:00:00+00:00,1.0855962433051063,67365481791.74305,2248352537.9900703
ripple,2026-06-25 09:00:00+00:00,1.0814564880681046,67108593830.164,2249933204.1118503
ripple,2026-06-25 10:00:00+00:00,1.080019336155445,67019412947.67542,2238867110.5199337
ripple,2026-06-25 11:00:00+00:00,1.0723806100211728,66545400192.48776,2156653496.3383408
ripple,2026-06-25 12:00:00+00:00,1.0707744425197545,66445731233.38942,2112420803.004184
ripple,2026-06-25 13:00:00+00:00,1.073863670700906,66637429893.06266,2144874060.227106
ripple,2026-06-25 14:00:00+00:00,1.0161376010177707,63055302080.69218,2305811996.3502064
ripple,2026-06-25 15:00:00+00:00,1.0326088184038291,64077405373.469055,2423479003.8268585
ripple,2026-06-25 16:00:00+00:00,1.0340018502175456,64163848431.706375,2425913492.9605207
ripple,2026-06-25 17:00:00+00:00,1.0294399829954133,63880766774.79746,2381353704.223874
ripple,2026-06-25 18:00:00+00:00,1.0445015548793573,64815396065.16218,2338429389.5306826
ripple,2026-06-25 19:00:00+00:00,1.0330506254390244,64104821223.48554,2271310855.0915976
ripple,2026-06-25 20:00:00+00:00,1.0330473334071362,64104616940.06471,2244021072.193834
ripple,2026-06-25 21:00:00+00:00,1.0318425028001117,64029852500.8727,2175580168.857843
ripple,2026-06-25 22:00:00+00:00,1.0421684127895603,64670615496.938,2186619913.145971
ripple,2026-06-25 23:00:00+00:00,1.0395605110244166,64703814700.25652,2180602924.413248
ripple,2026-06-26 00:00:00+00:00,1.0424278885912308,64882284606.32865,2204766060.374263
ripple,2026-06-26 01:00:00+00:00,1.0400389352228967,64733592544.21875,2195725795.712461
ripple,2026-06-26 02:00:00+00:00,1.030748470720772,64155340016.10721,2183912269.6970534
ripple,2026-06-26 03:00:00+00:00,1.0133759016476112,63074045105.17461,2268189471.6529803
ripple,2026-06-26 04:00:00+00:00,1.0328683368329263,64287283681.39229,2398461124.253633
ripple,2026-06-26 05:00:00+00:00,1.0269648113526777,63919839348.23284,2428127932.2198305
ripple,2026-06-26 06:00:00+00:00,1.0321605486169982,64243229874.918526,2426028408.28296
ripple,2026-06-26 07:00:00+00:00,1.0432610797674344,64934143682.258575,2470706502.410252
ripple,2026-06-26 08:00:00+00:00,1.0488153634612625,65279850679.69344,2535142273.4215646
ripple,2026-06-26 09:00:00+00:00,1.0377871878753613,64593440391.86049,2570926243.7364154
ripple,2026-06-26 10:00:00+00:00,1.030369050795021,64131724347.45779,2563729703.0127997
ripple,2026-06-26 11:00:00+00:00,1.0262791234174065,63877161096.57219,2581391407.903252
ripple,2026-06-26 12:00:00+00:00,1.0211707517016035,63559208333.44383,2586319781.581546
ripple,2026-06-26 13:00:00+00:00,1.0186958739405054,63405168207.48514,2616896739.0930886
ripple,2026-06-26 14:00:00+00:00,1.0369371539425123,64540532997.344536,2476393145.973348
ripple,2026-06-26 15:00:00+00:00,1.0361468147521342,64491341093.66766,2480557189.3082094
ripple,2026-06-26 16:00:00+00:00,1.0438189673368767,64968867446.32422,2505272843.7280493
ripple,2026-06-26 17:00:00+00:00,1.0434248447483585,64944336661.7607,2506643444.963955
ripple,2026-06-26 18:00:00+00:00,1.0464371756605175,65131828682.75343,2493241470.110768
ripple,2026-06-26 19:00:00+00:00,1.039397388239698,64693661692.01517,2442340395.299063
ripple,2026-06-26 20:00:00+00:00,1.0501008986532316,65359864329.66353,2475184669.418304
ripple,2026-06-26 21:00:00+00:00,1.0432517183744612,64933561015.03541,2483818249.6544056
ripple,2026-06-26 22:00:00+00:00,1.0414408705646103,64820851115.13407,2468447135.6151166
ripple,2026-06-26 23:00:00+00:00,1.0468868186466391,65159815140.63322,2476550528.68896
ripple,2026-06-27 00:00:00+00:00,1.0466477618660692,65144935885.920494,1167448630.4842312
ripple,2026-06-27 01:00:00+00:00,1.046512855781654,65136539127.67952,2424989559.7383046
ripple,2026-06-27 02:00:00+00:00,1.050912445693684,65410376241.92752,2398393818.458455
ripple,2026-06-27 03:00:00+00:00,1.0608671199826625,66029970189.33588,2324550640.317033
ripple,2026-06-27 04:00:00+00:00,1.057897106491208,65845112068.45654,2229456272.511778
ripple,2026-06-27 05:00:00+00:00,1.058803713743098,65901540671.707726,2186267410.7033486
ripple,2026-06-27 06:00:00+00:00,1.0566255418266524,65765967965.19148,2154235406.001509
ripple,2026-06-27 07:00:00+00:00,1.0584621804524943,65880283124.39343,2121658725.626908
ripple,2026-06-27 08:00:00+00:00,1.0589217239441149,65908885804.67341,2056924336.2509632
ripple,2026-06-27 09:00:00+00:00,1.0559205657255712,65722089188.98872,2011934477.01256
ripple,2026-06-27 10:00:00+00:00,1.0568967703004517,65782849634.631615,1984374993.735317
ripple,2026-06-27 11:00:00+00:00,1.0580358936371552,65853750389.82304,1960101325.7300303
ripple,2026-06-27 12:00:00+00:00,1.05801698763281,65852573651.58712,1932197174.6826208
ripple,2026-06-27 13:00:00+00:00,1.0597183745985448,65958470543.395615,1857011936.558901
ripple,2026-06-27 14:00:00+00:00,1.062950517464914,66159643992.07174,1757787942.8477762
ripple,2026-06-27 15:00:00+00:00,1.067217588599086,66425232937.64088,1500426113.301787
ripple,2026-06-27 16:00:00+00:00,1.0739936275290416,66846983824.36273,1417624909.098147
ripple,2026-06-27 17:00:00+00:00,1.0687113122032177,66518204548.499664,1333949585.4800897
ripple,2026-06-27 18:00:00+00:00,1.059549337674062,65947949430.17204,1328027480.1787052
ripple,2026-06-27 19:00:00+00:00,1.0577394203418762,65835297444.604485,1303648895.7634556
ripple,2026-06-27 20:00:00+00:00,1.0529249367987696,65535636724.76469,1289037761.61492
ripple,2026-06-27 21:00:00+00:00,1.0535907424837314,65577077475.167656,1237476883.3937392
ripple,2026-06-27 22:00:00+00:00,1.0517372770712528,65461714991.37711,1228043902.0462449
ripple,2026-06-27 23:00:00+00:00,1.0522804774347645,65495524601.585495,1230182369.345297
ripple,2026-06-28 00:00:00+00:00,1.0451606232986514,65052374137.682304,352661244.64196867
ripple,2026-06-28 01:00:00+00:00,1.0489026568120434,65285283949.554695,1217984841.5101757
ripple,2026-06-28 02:00:00+00:00,1.0499308382827937,65349279515.61953,1207590863.9727004
ripple,2026-06-28 03:00:00+00:00,1.0454269325189025,65068949625.35941,1164125276.4528463
ripple,2026-06-28 04:00:00+00:00,1.051867727715936,65469834436.326775,442194556.4061953
ripple,2026-06-28 05:00:00+00:00,1.047355963638405,65189015432.76905,1119666779.0744598
ripple,2026-06-28 06:00:00+00:00,1.0465580951747495,65139354895.763214,1107007826.572436
ripple,2026-06-28 07:00:00+00:00,1.0437357727207492,64963689287.89199,1088133346.977315
ripple,2026-06-28 08:00:00+00:00,1.0497507299428213,65338069300.79129,1087189500.5587249
ripple,2026-06-28 09:00:00+00:00,1.053886265087984,65595471247.94232,1103673428.3111234
ripple,2026-06-28 10:00:00+00:00,1.0489976294228027,65291195188.1435,1107963214.627412
ripple,2026-06-28 11:00:00+00:00,1.0473641910260836,65189527517.79168,1108746568.9359744
ripple,2026-06-28 12:00:00+00:00,1.0515655754591495,65451028023.97556,1096874771.377638
ripple,2026-06-28 13:00:00+00:00,1.0510791785790323,65420753948.27902,525438449.5792776
ripple,2026-06-28 14:00:00+00:00,1.048338716198289,65250183434.87818,1095245358.4599688
ripple,2026-06-28 15:00:00+00:00,1.051402086251967,65440852209.04718,1086163284.656641
ripple,2026-06-28 16:00:00+00:00,1.0508329150563305,65405426135.06241,1055127195.405947
ripple,2026-06-28 17:00:00+00:00,1.0461672285162311,65115026765.19546,1043913369.6509122
ripple,2026-06-28 18:00:00+00:00,1.0460756812960337,65109328728.08345,1019067042.8004974
ripple,2026-06-28 19:00:00+00:00,1.045800057624748,65092173494.92027,1015950469.8512136
ripple,2026-06-28 20:00:00+00:00,1.0432230251315529,64931775104.30428,999800582.613403
ripple,2026-06-28 21:00:00+00:00,1.04465640027759,65020990536.077225,315352016.9276117
ripple,2026-06-28 22:00:00+00:00,1.0393910414665095,64693266659.27587,1006302581.0354352
ripple,2026-06-28 23:00:00+00:00,1.036825320307007,64533572303.13552,1046814754.1676348
ripple,2026-06-29 00:00:00+00:00,1.0463154690273346,65124253478.27255,463971922.8435673
ripple,2026-06-29 01:00:00+00:00,1.0456197006736223,65080947806.158745,988019769.3448228
ripple,2026-06-29 02:00:00+00:00,1.0409346497324352,64789343166.75095,489805556.5254597
ripple,2026-06-29 03:00:00+00:00,1.0437121040085868,64962216111.53553,579807507.0564655
ripple,2026-06-29 04:00:00+00:00,1.048104050015913,65235577457.62159,921540456.7351998
ripple,2026-06-29 05:00:00+00:00,1.0408002612312677,64780978623.67223,890155232.7536448
ripple,2026-06-29 06:00:00+00:00,1.0446299234711949,65019342579.69884,437718107.2353529
ripple,2026-06-29 07:00:00+00:00,1.0472180932180022,65180434169.78359,997085349.1178148
ripple,2026-06-29 08:00:00+00:00,1.046044783170324,65107405582.12003,501510021.67162985
ripple,2026-06-29 09:00:00+00:00,1.0409553615547238,64790632301.8203,458239336.82127446
ripple,2026-06-29 10:00:00+00:00,1.0469265969307404,65162291001.05337,843589039.5865442
ripple,2026-06-29 11:00:00+00:00,1.0500058526745648,65353948524.545456,1255281408.1405044
ripple,2026-06-29 12:00:00+00:00,1.0515660058908072,65451054814.69136,1326880025.786921
ripple,2026-06-29 13:00:00+00:00,1.0530412261342874,65542874748.46525,922122566.6959916
ripple,2026-06-29 14:00:00+00:00,1.047949003550413,65225927131.67403,1434412698.9700336
ripple,2026-06-29 15:00:00+00:00,1.046957997985019,65164245450.04973,1426445401.140144
ripple,2026-06-29 16:00:00+00:00,1.0470021145115416,65166991329.22373,814519183.6601013
ripple,2026-06-29 17:00:00+00:00,1.0479958503214604,65228842945.38664,708991767.8716027
ripple,2026-06-29 18:00:00+00:00,1.0625853979794422,66136918404.40188,790761548.8834363
ripple,2026-06-29 19:00:00+00:00,1.061748143055131,66084806394.65833,999119203.556348
ripple,2026-06-29 20:00:00+00:00,1.072227066038838,66737030371.81565,1511929437.3155916
ripple,2026-06-29 21:00:00+00:00,1.0611443860072045,66047227645.04374,815264128.9502022
ripple,2026-06-29 22:00:00+00:00,1.0623825175765762,66124290822.02054,1369864128.9914508
ripple,2026-06-29 23:00:00+00:00,1.0573143371031668,65808839622.459496,1429552221.8715346
ripple,2026-06-30 00:00:00+00:00,1.0547737677266684,65650710751.242455,586001286.0128037
ripple,2026-06-30 01:00:00+00:00,1.0468628020460462,65158320311.17596,1519952990.4003425
ripple,2026-06-30 02:00:00+00:00,1.0507425333055878,65399800638.52775,1472936615.0243237
ripple,2026-06-30 03:00:00+00:00,1.0476385518030509,65206604146.50704,802665421.9307811
ripple,2026-06-30 04:00:00+00:00,1.043257885198582,64933944847.47321,1412518150.899045
ripple,2026-06-30 05:00:00+00:00,1.0436799798609384,64960216656.11682,848682040.2601506
ripple,2026-06-30 06:00:00+00:00,1.0463302437613056,65125173080.007095,708524721.1298505
ripple,2026-06-30 07:00:00+00:00,1.0476046777899637,65204495776.82321,1488800179.4182117
ripple,2026-06-30 08:00:00+00:00,1.0448069688447703,65030362150.87714,1118921149.9408736
ripple,2026-06-30 09:00:00+00:00,1.0426479248616407,64895979995.79079,1493289523.88675
ripple,2026-06-30 10:00:00+00:00,1.0418893895714307,64848767614.84628,1452208513.8946404
ripple,2026-06-30 11:00:00+00:00,1.0401131144521258,64738209571.367966,1326090615.6574562
ripple,2026-06-30 12:00:00+00:00,1.035725504012035,64465118077.52814,638754469.9689738
ripple,2026-06-30 13:00:00+00:00,1.026255119778866,63875667073.892624,943879834.2366323
ripple,2026-06-30 14:00:00+00:00,1.0330997357627598,64301686299.92099,1297863417.5260177
ripple,2026-06-30 15:00:00+00:00,1.0325837510541094,64269570633.13428,1288224127.5654318
ripple,2026-06-30 16:00:00+00:00,1.0319979920875302,64233112111.25833,1279114569.5541513
ripple,2026-06-30 17:00:00+00:00,1.0393641957414272,64691595740.84179,1404324702.913442
ripple,2026-06-30 18:00:00+00:00,1.0369815984197652,64543299288.6668,1221759953.6875424
ripple,2026-06-30 19:00:00+00:00,1.0407985397172443,64780871474.04201,622619408.8223562
ripple,2026-06-30 20:00:00+00:00,1.0441302655417053,64988243116.28104,880851562.7397346
ripple,2026-06-30 21:00:00+00:00,1.03998013885529,64729932969.58666,1255328609.2673986
ripple,2026-06-30 22:00:00+00:00,1.039352880587199,64690891468.57026,1028872047.3637384
ripple,2026-06-30 23:00:00+00:00,1.0382062660972775,64619524452.69988,609769514.5511885
ripple,2026-07-01 00:00:00+00:00,1.0381027722508576,64613082839.54666,1117152886.3904057
ripple,2026-07-01 01:00:00+00:00,1.0350192686039956,64421160920.160255,1122152393.083808
ripple,2026-07-01 02:00:00+00:00,1.0391036993561464,64675382052.78366,1200158612.855078
ripple,2026-07-01 03:00:00+00:00,1.0434876182029853,64948243776.28959,1138174892.951351
ripple,2026-07-01 04:00:00+00:00,1.0472873363932111,65184743969.48305,650617502.8546287
ripple,2026-07-01 05:00:00+00:00,1.0484334916623526,65256082402.75921,680657590.7722834
ripple,2026-07-01 06:00:00+00:00,1.048604390766018,65266719420.82476,1376000979.750758
ripple,2026-07-01 07:00:00+00:00,1.039773318897761,64717060183.37906,1221205978.87408
ripple,2026-07-01 08:00:00+00:00,1.0408674190362497,64785158626.78235,740117246.3871096
ripple,2026-07-01 09:00:00+00:00,1.0451368337106433,65050893437.830826,1285196356.448155
ripple,2026-07-01 10:00:00+00:00,1.0439241199442224,64975412303.26019,1441637965.220923
ripple,2026-07-01 11:00:00+00:00,1.0374930474324904,64575132646.89563,762888165.2664077
ripple,2026-07-01 12:00:00+00:00,1.0366235885563624,64521016214.60152,1353162450.7679691
ripple,2026-07-01 13:00:00+00:00,1.034636205029649,64397318465.32468,740291075.7239553
ripple,2026-07-01 14:00:00+00:00,1.0466648594488692,65146000065.27088,1247767645.8546867
ripple,2026-07-01 15:00:00+00:00,1.049570255023207,65326836269.49306,1227787235.245476
ripple,2026-07-01 16:00:00+00:00,1.0576093004041214,65827198583.35301,705125853.5616747
ripple,2026-07-01 17:00:00+00:00,1.0542640546601034,65618985440.92183,913828270.757666
ripple,2026-07-01 18:00:00+00:00,1.0590598090989358,65917480433.05303,741311627.1976298
ripple,2026-07-01 19:00:00+00:00,1.058090731952508,65857163609.31091,1273770830.8460374
ripple,2026-07-01 20:00:00+00:00,1.0585475279640888,65885595282.28782,637713143.951165
ripple,2026-07-01 21:00:00+00:00,1.05530832409247,65683982345.99127,724068570.7411213
ripple,2026-07-01 22:00:00+00:00,1.0644893485480589,66255423160.48272,1582490436.5710633
ripple,2026-07-01 23:00:00+00:00,1.0585398853741534,65885119595.95906,880700533.9399911
ripple,2026-07-02 00:00:00+00:00,1.0508621926009325,65407248413.61253,1433867706.133708
ripple,2026-07-02 01:00:00+00:00,1.0436859625749015,64960589029.26064,709094013.6421199
ripple,2026-07-02 02:00:00+00:00,1.0530783514710156,65545185485.4381,591058374.9276443
ripple,2026-07-02 03:00:00+00:00,1.0574659839055272,65818278348.24386,1122481393.2793164
ripple,2026-07-02 04:00:00+00:00,1.0651483689076096,66296441581.99437,1328610688.7512066
ripple,2026-07-02 05:00:00+00:00,1.060624377403135,66014861524.93487,601937079.2252202
ripple,2026-07-02 06:00:00+00:00,1.0571556198561725,65798960821.53319,953088620.3561214
ripple,2026-07-02 07:00:00+00:00,1.0528870742052272,65533280099.81534,583303341.348344
ripple,2026-07-02 08:00:00+00:00,1.055676397674018,65706891801.05808,775083808.6341733
ripple,2026-07-02 09:00:00+00:00,1.0611784814464111,66049349796.62333,808308386.6817715
ripple,2026-07-02 10:00:00+00:00,1.0693308937480528,66556768238.67795,644677575.5944654
ripple,2026-07-02 11:00:00+00:00,1.0782709486861035,67113210746.82183,1568271528.9635818
ripple,2026-07-02 12:00:00+00:00,1.0802388436252792,67235695497.00584,840457511.941903
ripple,2026-07-02 13:00:00+00:00,1.0920562783823218,67971230466.488815,1797719704.4928982
ripple,2026-07-02 14:00:00+00:00,1.1032838128955529,68670049154.75251,1890650102.9202795
ripple,2026-07-02 15:00:00+00:00,1.0903827318467485,67867066405.05935,1912356186.3937223
ripple,2026-07-02 16:00:00+00:00,1.0925694259289105,68003169544.02808,1891705885.4841511
ripple,2026-07-02 17:00:00+00:00,1.0905732451638217,67878924241.36144,1883604108.820224
ripple,2026-07-02 18:00:00+00:00,1.087864983138753,67710357926.68187,1795607396.8161817
ripple,2026-07-02 19:00:00+00:00,1.0880571421311185,67722318192.297134,1867496464.2580185
ripple,2026-07-02 20:00:00+00:00,1.0845397663762055,67503391418.27724,1857890218.099176
ripple,2026-07-02 21:00:00+00:00,1.082501127539505,67376503461.17251,1851724877.1341512
ripple,2026-07-02 22:00:00+00:00,1.0802120383785014,67234027098.002495,1822038825.3885615
ripple,2026-07-02 23:00:00+00:00,1.0829554340978451,67404780186.82362,1757069120.6619802
ripple,2026-07-03 00:00:00+00:00,1.0869488576659665,67653336895.00093,1756975101.8633578
ripple,2026-07-03 01:00:00+00:00,1.083214997129699,67420935781.556206,1734575905.249097
ripple,2026-07-03 02:00:00+00:00,1.0930460448319292,68032835023.67695,1749024588.1689887
ripple,2026-07-03 03:00:00+00:00,1.090107257860241,67849920488.5026,1751546700.887658
ripple,2026-07-03 04:00:00+00:00,1.0896067265823397,67818766666.56191,1712071752.4175484
ripple,2026-07-03 05:00:00+00:00,1.091532355498495,67938620715.701965,1705070910.7574186
ripple,2026-07-03 06:00:00+00:00,1.0988423479447744,68393605674.91155,1721763766.2591238
ripple,2026-07-03 07:00:00+00:00,1.1000140818802513,68466536162.97365,1741051507.754593
ripple,2026-07-03 08:00:00+00:00,1.101345872796671,68549428839.02441,1751353264.249087
ripple,2026-07-03 09:00:00+00:00,1.0987227708010092,68386163013.06501,1769011920.343086
ripple,2026-07-03 10:00:00+00:00,1.100338696719952,68486740680.37711,1671499981.0634928
ripple,2026-07-03 11:00:00+00:00,1.108030094799098,68965464901.64304,1673799905.7870326
ripple,2026-07-03 12:00:00+00:00,1.109395018862545,69050419834.75624,1650531576.8879926
ripple,2026-07-03 13:00:00+00:00,1.1063088131090333,68858329732.17499,1559930136.4326603
ripple,2026-07-03 14:00:00+00:00,1.1103120910442237,69107499791.027,1422308019.3637471
ripple,2026-07-03 15:00:00+00:00,1.1109807223167854,69149116410.26546,1373654387.9563482
ripple,2026-07-03 16:00:00+00:00,1.1191760542931364,69659206237.63141,1414929522.8619535
ripple,2026-07-03 17:00:00+00:00,1.1139927333252482,69336588519.96945,1432752433.4839573
ripple,2026-07-03 18:00:00+00:00,1.1219095007750763,69829340070.90508,1456034377.839934
ripple,2026-07-03 19:00:00+00:00,1.1260909364785212,70089598938.05858,1490036209.2031405
ripple,2026-07-03 20:00:00+00:00,1.1309315278728262,70390884649.94862,1580830992.3863547
ripple,2026-07-03 21:00:00+00:00,1.1383592072878848,70853194623.6617,1668181014.9069562
ripple,2026-07-03 22:00:00+00:00,1.1324610272285378,70486082997.56438,1691342382.394714
ripple,2026-07-03 23:00:00+00:00,1.1295508936593552,70304951893.39438,1683024981.426882
ripple,2026-07-04 00:00:00+00:00,1.1341333307169983,70590169689.86604,1710327059.70597
ripple,2026-07-04 01:00:00+00:00,1.1405861613495447,70991803604.49884,1735246127.9353044
ripple,2026-07-04 02:00:00+00:00,1.1325756056342648,70493214530.4133,1742157259.2385757
ripple,2026-07-04 03:00:00+00:00,1.13480194360889,70631785165.06383,1734335858.1300917
ripple,2026-07-04 04:00:00+00:00,1.1369614074144934,70766193450.53438,1733431588.2105997
ripple,2026-07-04 05:00:00+00:00,1.1468187250724555,71379727774.33612,1777512726.0772305
ripple,2026-07-04 06:00:00+00:00,1.1383623171338273,70853388185.16531,1790962911.3228564
ripple,2026-07-04 07:00:00+00:00,1.1371330451332304,70776876441.11642,1789133953.102577
ripple,2026-07-04 08:00:00+00:00,1.1388676565782438,70884841274.64449,1771593794.924057
ripple,2026-07-04 09:00:00+00:00,1.1410578698188285,71021163451.34315,1789473184.665262
ripple,2026-07-04 10:00:00+00:00,1.1362540431191863,70722166029.51968,1849510759.3777063
ripple,2026-07-04 11:00:00+00:00,1.1411617818857167,71027631095.16933,1824100277.6980183
ripple,2026-07-04 12:00:00+00:00,1.1397671191682508,70940825183.36017,1807694859.8604543
ripple,2026-07-04 13:00:00+00:00,1.1469183592690677,71385929157.06183,1773938512.1782994
ripple,2026-07-04 14:00:00+00:00,1.1524331707804845,71729179346.30759,1840977438.373248
ripple,2026-07-04 15:00:00+00:00,1.1724815555961905,72977021066.3404,1955116727.3389883
ripple,2026-07-04 16:00:00+00:00,1.1714783722137383,72914581419.00845,1966553692.4224503
ripple,2026-07-04 17:00:00+00:00,1.1731945971492246,73021401848.4419,1951338973.8582463
ripple,2026-07-04 18:00:00+00:00,1.1804548977248124,73473293910.64429,1969485475.4623663
ripple,2026-07-04 19:00:00+00:00,1.1746251509298788,73110441674.17651,1982070849.7443085
ripple,2026-07-04 20:00:00+00:00,1.167703323094945,72679616666.04178,1884926499.3473048
ripple,2026-07-04 21:00:00+00:00,1.1617509018001315,72309128983.60957,1817071100.0692284
ripple,2026-07-04 22:00:00+00:00,1.1661920738926947,72585554235.51337,1799239614.1921303
ripple,2026-07-04 23:00:00+00:00,1.1610839484812885,72267616802.74228,1796778354.519956
ripple,2026-07-05 00:00:00+00:00,1.15642721313132,71977774568.45467,1785424567.159435
ripple,2026-07-05 01:00:00+00:00,1.148493550203639,71483971417.4855,1793294005.5528057
ripple,2026-07-05 02:00:00+00:00,1.144275628890672,71221441630.94568,1783216472.0400002
ripple,2026-07-05 03:00:00+00:00,1.136199842215065,70718792483.46858,1803260217.8390589
ripple,2026-07-05 04:00:00+00:00,1.1371982104535363,70780932428.97403,1777678264.7477975
ripple,2026-07-05 05:00:00+00:00,1.1373823897327433,70792396025.20248,1784489702.7214816
ripple,2026-07-05 06:00:00+00:00,1.1356114767134209,70682171726.91743,1642919831.518461
ripple,2026-07-05 07:00:00+00:00,1.1374949706344202,70799403230.38548,1720069877.8454857
ripple,2026-07-05 08:00:00+00:00,1.139558925864178,70927866917.99158,1695779868.4609032
ripple,2026-07-05 09:00:00+00:00,1.138145135310346,70839870460.78682,1662749391.5029595
ripple,2026-07-05 10:00:00+00:00,1.1272340502664466,70160748064.95485,1670820825.3773675
ripple,2026-07-05 11:00:00+00:00,1.128442561211564,70235967609.58632,1653165801.2814257
ripple,2026-07-05 12:00:00+00:00,1.1313868394642268,70419223930.3738,1582568921.8018062
ripple,2026-07-05 13:00:00+00:00,1.1350110122479249,70644797912.60118,1633362456.2232697
ripple,2026-07-05 14:00:00+00:00,1.1346577998909573,70622813442.57495,1566977313.7836626
ripple,2026-07-05 15:00:00+00:00,1.1358941013321016,70699762709.60956,1433811076.5461695
ripple,2026-07-05 16:00:00+00:00,1.1362997632427263,70725011718.99158,1344148708.9245472
ripple,2026-07-05 17:00:00+00:00,1.1339803874966552,70580650273.07037,1289974962.4830265
ripple,2026-07-05 18:00:00+00:00,1.1342035630205365,70594541054.40508,1230567315.373356
ripple,2026-07-05 19:00:00+00:00,1.1355807555934,70680259598.05516,1194487441.142128
ripple,2026-07-05 20:00:00+00:00,1.134571100044086,70617417113.29251,1163667531.1998577
ripple,2026-07-05 21:00:00+00:00,1.1364800992846986,70736236106.33585,1135896515.6421776
ripple,2026-07-05 22:00:00+00:00,1.1440546170598267,71207685521.13011,1158926715.412409
ripple,2026-07-05 23:00:00+00:00,1.1565707239566865,71986706898.75531,1236559437.2275317
ripple,2026-07-06 00:00:00+00:00,1.1564208702117225,71977379775.56868,1270570254.583816
ripple,2026-07-06 01:00:00+00:00,1.155121419037383,71896499973.85938,1266235271.9865758
ripple,2026-07-06 02:00:00+00:00,1.1516772361500662,71682128834.35242,1233890388.824474
ripple,2026-07-06 03:00:00+00:00,1.1479708171108671,71451435721.08908,1217077871.2384875
ripple,2026-07-06 04:00:00+00:00,1.145985520324539,71327867853.6823,1223695494.6035366
ripple,2026-07-06 05:00:00+00:00,1.144979502491788,71265251785.88715,1217626537.174262
ripple,2026-07-06 06:00:00+00:00,1.140284199188495,70973009023.9931,1217798289.9389305
ripple,2026-07-06 07:00:00+00:00,1.1369741235819348,70766984923.98216,1225703675.72499
ripple,2026-07-06 08:00:00+00:00,1.1451897876738746,71278340252.89955,1217452542.041576
ripple,2026-07-06 09:00:00+00:00,1.1412922452737728,71035751333.28575,1252737689.6425543
ripple,2026-07-06 10:00:00+00:00,1.135258984409392,70660232074.07254,1217143134.1617634
ripple,2026-07-06 11:00:00+00:00,1.141311674070192,71036960610.88913,1216082051.8457427
ripple,2026-07-06 12:00:00+00:00,1.1349996597485814,70644091315.91333,1209166900.7843914
ripple,2026-07-06 13:00:00+00:00,1.1146648869602531,69378424376.36093,1286979418.8510864
ripple,2026-07-06 14:00:00+00:00,1.1154302108716756,69426059291.3324,1359858552.8807049
ripple,2026-07-06 15:00:00+00:00,1.1223507041382976,69856801233.9218,1456383554.8375976
ripple,2026-07-06 16:00:00+00:00,1.143857273912942,71195402585.91568,1513939283.500913
ripple,2026-07-06 17:00:00+00:00,1.152565210658055,71737397707.51001,1626158912.3870623
ripple,2026-07-06 18:00:00+00:00,1.1457286317897846,71311878723.68448,1699838407.6908078
ripple,2026-07-06 19:00:00+00:00,1.147478436125635,71420789185.66133,1645636727.1084464
ripple,2026-07-06 20:00:00+00:00,1.1477043952243575,71434853220.89404,1751098112.7570724
ripple,2026-07-06 21:00:00+00:00,1.143652347964507,71182647685.6918,1694761024.356317
ripple,2026-07-06 22:00:00+00:00,1.152798780568884,71751935451.17145,1840319150.8802297
ripple,2026-07-06 23:00:00+00:00,1.146880657220518,71383582524.67505,1776201838.5116725
ripple,2026-07-07 00:00:00+00:00,1.1441118072110117,71211245122.42865,1709872551.241296
ripple,2026-07-07 01:00:00+00:00,1.147783407281732,71439771050.55882,1690314022.8497653
ripple,2026-07-07 02:00:00+00:00,1.140364814356894,70978026633.70682,1689049203.17826
ripple,2026-07-07 03:00:00+00:00,1.1299684226680624,70330939528.86617,1668527787.5760615
ripple,2026-07-07 04:00:00+00:00,1.1284007200248969,70233363350.99796,1694871516.6016386
ripple,2026-07-07 05:00:00+00:00,1.1246039748313357,69997048201.60257,1707291021.1132956
ripple,2026-07-07 06:00:00+00:00,1.1267058469674536,70127871894.66974,1708999237.0736346
ripple,2026-07-07 07:00:00+00:00,1.1313265004793849,70415468340.91747,1733387671.2860122
ripple,2026-07-07 08:00:00+00:00,1.125995102258167,70083634071.58858,1725283559.421692
ripple,2026-07-07 09:00:00+00:00,1.1239136082180814,69954078741.96503,1711141614.058689
ripple,2026-07-07 10:00:00+00:00,1.1261498276580393,70093264413.92708,1711263648.2249506
ripple,2026-07-07 11:00:00+00:00,1.122819960228011,69886008440.96149,1714120713.337037
ripple,2026-07-07 12:00:00+00:00,1.124253540659527,69975236650.01237,1729309500.4699233
ripple,2026-07-07 13:00:00+00:00,1.1257670722076898,70069441137.194,1603410433.449865
ripple,2026-07-07 14:00:00+00:00,1.1193854393770142,69672238681.17322,1549377358.1986327
ripple,2026-07-07 15:00:00+00:00,1.1240885211632905,69964965587.58437,1470918969.1437433
ripple,2026-07-07 16:00:00+00:00,1.1296731538932532,70312561554.81903,1491767264.2586958
ripple,2026-07-07 17:00:00+00:00,1.1285301441523858,70241418903.96864,1448816794.640941
ripple,2026-07-07 18:00:00+00:00,1.131450125354016,70423162939.64034,1415455355.9322135
ripple,2026-07-07 19:00:00+00:00,1.1187620070803224,69633435314.38936,1386412107.9168875
ripple,2026-07-07 20:00:00+00:00,1.121726306315562,69817937771.34018,1394375812.1609244
ripple,2026-07-07 21:00:00+00:00,1.1180890682465332,69591550586.04085,1461234699.6181378
ripple,2026-07-07 22:00:00+00:00,1.1125635906135092,69247636521.29315,1386672496.2511768
ripple,2026-07-07 23:00:00+00:00,1.1146563238542542,69628683381.61414,1319708748.188725
ripple,2026-07-08 00:00:00+00:00,1.1120051240230528,69463072197.541,1348002962.005787
ripple,2026-07-08 01:00:00+00:00,1.1132819095149658,69542828523.19952,1318738717.019939
ripple,2026-07-08 02:00:00+00:00,1.0982501979339587,68603850056.06212,1322885031.980195
ripple,2026-07-08 03:00:00+00:00,1.09977338514801,68698998235.80901,1416942979.643479
ripple,2026-07-08 04:00:00+00:00,1.094534006051578,68371712542.08032,1400967718.5994277
ripple,2026-07-08 05:00:00+00:00,1.0940196806155655,68339584430.3271,1400855978.4885695
ripple,2026-07-08 06:00:00+00:00,1.0904777912387202,68118334984.45278,1383322494.9027443
ripple,2026-07-08 07:00:00+00:00,1.0904526371799084,68116763698.344864,1383256705.6775658
ripple,2026-07-08 08:00:00+00:00,1.0928360922351348,68265649802.3781,1394270497.3199122
ripple,2026-07-08 09:00:00+00:00,1.0790738105027442,67405968179.58,1483633927.9267783
ripple,2026-07-08 10:00:00+00:00,1.078353283009081,67360959346.228966,1513879242.188704
ripple,2026-07-08 11:00:00+00:00,1.08241473567961,67614664094.51212,1498639528.999275
ripple,2026-07-08 12:00:00+00:00,1.0857386593905145,67822297987.307816,1547122608.249937
ripple,2026-07-08 13:00:00+00:00,1.081210725407361,67539453782.38224,1537912877.3912642
ripple,2026-07-08 14:00:00+00:00,1.0804952411737845,67494759983.85607,1590005087.3570297
ripple,2026-07-08 15:00:00+00:00,1.0771173665572382,67283755966.61333,1575157123.972095
ripple,2026-07-08 16:00:00+00:00,1.0728902517271115,67019702882.42423,1552462118.3864465
ripple,2026-07-08 17:00:00+00:00,1.0832395154955017,67666185205.93568,1560002624.2611582
ripple,2026-07-08 18:00:00+00:00,1.085539821882323,67809877303.36608,1582891548.504451
ripple,2026-07-08 19:00:00+00:00,1.0870149446895845,67902023067.66827,1588000200.289904
ripple,2026-07-08 20:00:00+00:00,1.0898963126037688,68082012047.149376,1650971591.1213143
ripple,2026-07-08 21:00:00+00:00,1.0882750796520215,67980739292.96562,1577832584.2133174
ripple,2026-07-08 22:00:00+00:00,1.0903168831419527,68108283618.23021,1561989770.2801418
ripple,2026-07-08 23:00:00+00:00,1.0921566214702283,68223205639.32599,1546088153.067043
ripple,2026-07-09 00:00:00+00:00,1.0901740623941096,68099362105.4562,1523820196.186068
ripple,2026-07-09 01:00:00+00:00,1.087217657396626,67914685821.73333,1473716505.9179482
ripple,2026-07-09 02:00:00+00:00,1.0828099462946177,67639351519.85796,1447138038.4551508
ripple,2026-07-09 03:00:00+00:00,1.083820554226279,67702480663.96339,1380256390.0634344
ripple,2026-07-09 04:00:00+00:00,1.0870796397284723,67906064340.55452,1389503740.7623243
ripple,2026-07-09 05:00:00+00:00,1.0935275081489453,68308840137.11845,1372463415.3559225
ripple,2026-07-09 06:00:00+00:00,1.0985093656613767,68620039357.86657,1394800323.9573474
ripple,2026-07-09 07:00:00+00:00,1.0992076196423857,68663656842.7569,1390678513.2543948
ripple,2026-07-09 08:00:00+00:00,1.0970782536215768,68530642792.333,1356480864.0350444
ripple,2026-07-09 09:00:00+00:00,1.09475502460701,68385518798.49165,1309205830.106897
ripple,2026-07-09 10:00:00+00:00,1.09215533170445,68223125072.16721,38547.263171546845
ripple,2026-07-09 11:00:00+00:00,1.091227154655653,68165145097.11148,1056939405.0287728
ripple,2026-07-09 12:00:00+00:00,1.09266335472066,68254859493.7905,1041759680.058963
ripple,2026-07-09 13:00:00+00:00,1.0931247494080534,68283681206.73911,1071276701.2686778
ripple,2026-07-09 14:00:00+00:00,1.098260218983666,68604476036.00077,1026329740.5398512
ripple,2026-07-09 15:00:00+00:00,1.0931126663114823,68282926417.94241,988924246.7049928
ripple,2026-07-09 16:00:00+00:00,1.0894037627007456,68051244176.80826,985874557.1765808
ripple,2026-07-09 17:00:00+00:00,1.0880277915177028,67965292067.807495,961194481.652658
ripple,2026-07-09 18:00:00+00:00,1.0957559908262464,68448045658.53216,925508020.881379
ripple,2026-07-09 19:00:00+00:00,1.0939001573101823,68332118227.32879,925570111.6886826
ripple,2026-07-09 20:00:00+00:00,1.0965692098762092,68498844609.328,892222529.1690209
ripple,2026-07-09 21:00:00+00:00,1.0967719429227685,68511508633.93162,900281998.5263349
ripple,2026-07-09 22:00:00+00:00,1.0971166933739396,68533043989.26631,885737443.45778
ripple,2026-07-09 23:00:00+00:00,1.095487019475676,68431243958.66575,880345282.9962898
ripple,2026-07-10 00:00:00+00:00,1.0927141951064323,68258035314.93663,873960769.6370426
ripple,2026-07-10 01:00:00+00:00,1.0913844459801707,68174970536.21693,878215850.5535895
ripple,2026-07-10 02:00:00+00:00,1.1043002866952698,68981777948.07404,897885988.9216924
ripple,2026-07-10 03:00:00+00:00,1.1069647840551478,69148219782.27148,902832593.7564096
ripple,2026-07-10 04:00:00+00:00,1.1060413901607098,69090538594.14525,905771331.3770916
ripple,2026-07-10 05:00:00+00:00,1.1088365351124805,69265141526.62546,905891034.2004251
ripple,2026-07-10 06:00:00+00:00,1.1089607798185552,69272902659.01755,885381429.0928124
ripple,2026-07-10 07:00:00+00:00,1.1048873707942377,69018451039.11618,881524900.1859999
ripple,2026-07-10 08:00:00+00:00,1.1049514987902724,69022456890.81795,849402393.4125335
ripple,2026-07-10 09:00:00+00:00,1.1114610602496315,69429086435.82391,883385057.7746631
ripple,2026-07-10 10:00:00+00:00,1.114958569922258,69647563636.74031,895658927.7197407
ripple,2026-07-10 11:00:00+00:00,1.1134420026419551,69552828981.10942,918345561.1112584
ripple,2026-07-10 12:00:00+00:00,1.1116478403245558,69440753934.06581,932590828.670742
ripple,2026-07-10 13:00:00+00:00,1.106836585697192,69140211679.06952,922274429.3068916
ripple,2026-07-10 14:00:00+00:00,1.1097917302790012,69324809229.03201,926226237.980706
ripple,2026-07-10 15:00:00+00:00,1.100559883131187,68748128014.98753,958479282.7758389
ripple,2026-07-10 16:00:00+00:00,1.10242572771385,68864680802.51968,979883760.9679672
ripple,2026-07-10 17:00:00+00:00,1.1044171666883014,68989079032.59155,983856464.9105198
ripple,2026-07-10 18:00:00+00:00,1.1003758052666723,68736629314.38219,995137362.8331538
ripple,2026-07-10 19:00:00+00:00,1.0986738387850017,68630313418.85253,986638911.7358098
ripple,2026-07-10 20:00:00+00:00,1.1044864156828114,68993404775.16353,998562525.0284454
ripple,2026-07-10 21:00:00+00:00,1.103275784371723,68917780869.88646,997774582.8036394
ripple,2026-07-10 22:00:00+00:00,1.1040192437087322,68964222175.31477,1013625373.7276548
ripple,2026-07-10 23:00:00+00:00,1.1049427306852848,69021909177.95528,1007979299.6012512
ripple,2026-07-11 00:00:00+00:00,1.104005366846566,68963355336.25288,992775180.4444014
ripple,2026-07-11 01:00:00+00:00,1.1047276482690018,69008473731.40208,999273030.0941
ripple,2026-07-11 02:00:00+00:00,1.1025479081590974,68872312987.75516,969039487.7876022
ripple,2026-07-11 03:00:00+00:00,1.105846464408563,69078362263.92696,939741184.4242116
ripple,2026-07-11 04:00:00+00:00,1.1072305113828176,69164818839.36935,935259931.9897518
ripple,2026-07-11 05:00:00+00:00,1.103808753002817,68951073556.85426,919785865.5276252
ripple,2026-07-11 06:00:00+00:00,1.1056502120289249,69066103063.92755,909364254.1380965
ripple,2026-07-11 07:00:00+00:00,1.1067700538628094,69136055667.99069,898271650.6298178
ripple,2026-07-11 08:00:00+00:00,1.1070877501679262,69155901045.4107,897281162.7835019
ripple,2026-07-11 09:00:00+00:00,1.1078441114372302,69203148289.44048,870074411.1879193
ripple,2026-07-11 10:00:00+00:00,1.1057457742627184,69072072502.5587,842957562.5768533
ripple,2026-07-11 11:00:00+00:00,1.1081007828964171,69219181658.09624,819977816.9741323
ripple,2026-07-11 12:00:00+00:00,1.10775746188371,69197735594.78465,801998488.8833045
ripple,2026-07-11 13:00:00+00:00,1.1081885175469828,69224662134.97067,755703170.2175882
ripple,2026-07-11 14:00:00+00:00,1.1082015606487403,69225476891.93492,711402458.7890556
ripple,2026-07-11 15:00:00+00:00,1.1133980846533222,69550085577.90987,653486346.1079602
ripple,2026-07-11 16:00:00+00:00,1.112759999315564,69510226617.79596,666741982.7313514
ripple,2026-07-11 17:00:00+00:00,1.112012414047784,69463527579.89787,650069465.0332358
ripple,2026-07-11 18:00:00+00:00,1.1142263757237565,69601826025.1283,633036912.3817347
ripple,2026-07-11 19:00:00+00:00,1.1165569309037413,69747407658.90887,617888622.3814013
ripple,2026-07-11 20:00:00+00:00,1.114930175094105,69645789911.10234,608452749.1482178
ripple,2026-07-11 21:00:00+00:00,1.1140524927410949,69590964163.14798,589747798.0574588
ripple,2026-07-11 22:00:00+00:00,1.114414405607128,69613571594.5342,585571825.1316484
ripple,2026-07-11 23:00:00+00:00,1.1086629890322304,69254300709.76086,597736113.9715865
ripple,2026-07-12 00:00:00+00:00,1.096197339470673,68475615165.26354,633226329.9235072
ripple,2026-07-12 01:00:00+00:00,1.092529136547722,68246475353.79366,716670038.9284523
ripple,2026-07-12 02:00:00+00:00,1.0982626129008302,68604625575.63616,676585550.9847974
ripple,2026-07-12 03:00:00+00:00,1.0955939786884534,68437925326.726776,689301662.197522
ripple,2026-07-12 04:00:00+00:00,1.0990460678516571,68653565267.22313,700871755.2008572
ripple,2026-07-12 05:00:00+00:00,1.0948174934840662,68389421010.8316,727909593.1503763
ripple,2026-07-12 06:00:00+00:00,1.0938863717796596,68331257093.43534,714200801.4381177
ripple,2026-07-12 07:00:00+00:00,1.0910217785838765,68152315971.96336,770669439.7061493
ripple,2026-07-12 08:00:00+00:00,1.090669090401048,68130284774.2847,731198851.3422585
ripple,2026-07-12 09:00:00+00:00,1.0931293513811562,68283968675.90898,742088609.6067067
ripple,2026-07-12 10:00:00+00:00,1.0941857593446347,68349958787.87149,742149186.7100053
ripple,2026-07-12 11:00:00+00:00,1.0940500518930334,68341481617.84351,740314813.0825049
ripple,2026-07-12 12:00:00+00:00,1.0958478358949648,68453782898.85735,744582021.1251153
ripple,2026-07-12 13:00:00+00:00,1.0984059432212847,68613578919.62959,729145688.0800794
ripple,2026-07-12 14:00:00+00:00,1.097617726641088,68564341785.703964,750243889.2283727
ripple,2026-07-12 15:00:00+00:00,1.1011545080798977,68785272156.54807,739146465.6886475
ripple,2026-07-12 16:00:00+00:00,1.1014877656801054,68806089593.6655,704927599.4979513
ripple,2026-07-12 17:00:00+00:00,1.1011779858112924,68786738728.34319,700062727.805449
ripple,2026-07-12 18:00:00+00:00,1.097952776895211,68585271203.64385,699698833.9789277
ripple,2026-07-12 19:00:00+00:00,1.100240549890925,68728180383.95221,696205237.9529616
ripple,2026-07-12 20:00:00+00:00,1.099869502142779,68705002328.41866,694139962.7000728
ripple,2026-07-12 21:00:00+00:00,1.098617742233719,68626809263.42411,678347487.5594418
ripple,2026-07-12 22:00:00+00:00,1.0916024303167,68188587255.58194,745810554.4207399
ripple,2026-07-12 23:00:00+00:00,1.0858863968507078,67831526629.91206,704762612.2325875
ripple,2026-07-13 00:00:00+00:00,1.085493391629503,67806976967.8064,690066150.4337656
ripple,2026-07-13 01:00:00+00:00,1.0916513345275634,68191642130.650925,699164627.2266872
ripple,2026-07-13 02:00:00+00:00,1.0805975052670147,67501148064.21454,706488442.9950355
ripple,2026-07-13 03:00:00+00:00,1.0792000284379115,67413852572.6945,734491751.906223
ripple,2026-07-13 04:00:00+00:00,1.071411905197535,66927355743.460106,783690801.0302994
ripple,2026-07-13 05:00:00+00:00,1.072110376949554,66970986831.74405,797039520.3320512
ripple,2026-07-13 06:00:00+00:00,1.0757553925434593,67198678211.83822,827720372.1474086
ripple,2026-07-13 07:00:00+00:00,1.0773094400059529,67295754123.40871,816607339.6891384
ripple,2026-07-13 08:00:00+00:00,1.078996089727255,67401113234.47009,827130028.6115663
ripple,2026-07-13 09:00:00+00:00,1.0791168264400874,67408655234.78933,836666975.6275712
ripple,2026-07-13 10:00:00+00:00,1.077950760166794,67335815151.61071,836838206.4699087
ripple,2026-07-13 11:00:00+00:00,1.0769315535785322,67272148879.49093,850451892.8809472
ripple,2026-07-13 12:00:00+00:00,1.0768087047532195,67264474942.889626,854133887.2160318
ripple,2026-07-13 13:00:00+00:00,1.0729329548848698,67022370399.38645,881210754.2800225
ripple,2026-07-13 14:00:00+00:00,1.0682021161009796,66726851440.97428,927428497.8580172
ripple,2026-07-13 15:00:00+00:00,1.077032443621157,67278451127.712135,977135993.600095
ripple,2026-07-13 16:00:00+00:00,1.071918279279911,66958987161.95193,988963672.4022684
ripple,2026-07-13 17:00:00+00:00,1.0677103038183433,66696129647.1998,1002980465.4789037
ripple,2026-07-13 18:00:00+00:00,1.0583200152298486,66109551150.314354,1117598633.7146163
ripple,2026-07-13 19:00:00+00:00,1.060447841977335,66242469047.71556,1075670922.986067
ripple,2026-07-13 20:00:00+00:00,1.0669648773981502,66649565464.96249,1111414727.7357807
ripple,2026-07-13 21:00:00+00:00,1.061585632393523,66313542836.96162,1124163063.8479118
ripple,2026-07-13 22:00:00+00:00,1.0587623454092838,66137181970.106,1131420077.9428773
ripple,2026-07-13 23:00:00+00:00,1.0577514817609184,66074036852.27215,1191282014.3605993
ripple,2026-07-14 00:00:00+00:00,1.0664910722139291,66619968511.66785,1119722818.7992048
ripple,2026-07-14 01:00:00+00:00,1.068319618831593,66734191425.73127,1081331408.8423195
ripple,2026-07-14 02:00:00+00:00,1.0642715412783126,66481322174.25923,1046422788.2469122
ripple,2026-07-14 03:00:00+00:00,1.0650243415131295,66528346972.91504,1010266491.9855042
ripple,2026-07-14 04:00:00+00:00,1.06513689785307,66535377973.94073,966831141.4037092
ripple,2026-07-14 05:00:00+00:00,1.0671331173210843,66660074824.73146,960736385.5693666
ripple,2026-07-14 06:00:00+00:00,1.070444222541214,66866907991.22569,964429441.6969012
ripple,2026-07-14 07:00:00+00:00,1.0685955615200746,66751428600.7031,958074509.9282938
ripple,2026-07-14 08:00:00+00:00,1.067846596804276,66704643393.51026,959140439.1818752
ripple,2026-07-14 09:00:00+00:00,1.066598151321695,66626657369.14962,437453495.59038174
ripple,2026-07-14 10:00:00+00:00,1.0673869768462458,66675932541.69999,950760762.7036716
ripple,2026-07-14 11:00:00+00:00,1.0700926465966212,66844946271.18091,952338926.3050244
ripple,2026-07-14 12:00:00+00:00,1.071523025437758,66934297036.35748,956620827.0930424
ripple,2026-07-14 13:00:00+00:00,1.0882714300293088,67980511313.79492,1032631694.1358151
ripple,2026-07-14 14:00:00+00:00,1.0983110604152524,68607651922.47522,1110794622.278165
ripple,2026-07-14 15:00:00+00:00,1.102070400734168,68842484768.4276,1132653458.9895136
ripple,2026-07-14 16:00:00+00:00,1.1041603284921389,68973035248.45988,1173127390.9455185
ripple,2026-07-14 17:00:00+00:00,1.104233107681343,68977581509.95181,1193004257.8719296
ripple,2026-07-14 18:00:00+00:00,1.1038645558341844,68954559364.62653,1179510626.5257516
ripple,2026-07-14 19:00:00+00:00,1.111422821866051,69426697817.69437,1175347845.744585
ripple,2026-07-14 20:00:00+00:00,1.1146616055742071,69629013312.19315,1235002323.0775928
ripple,2026-07-14 21:00:00+00:00,1.1097050799159485,69319396483.80751,1236395775.184507
ripple,2026-07-14 22:00:00+00:00,1.1075192719471048,69182856702.22768,1242275185.012632
ripple,2026-07-14 23:00:00+00:00,1.109573087951113,69311151407.24734,1252743575.9961758
ripple,2026-07-15 00:00:00+00:00,1.111116761569743,69407579301.06172,1250577906.30019
ripple,2026-07-15 01:00:00+00:00,1.1075419268560254,69184271875.17966,1249719781.7152667
ripple,2026-07-15 02:00:00+00:00,1.1025316143496418,68871295170.44646,1252556869.5818472
ripple,2026-07-15 03:00:00+00:00,1.09891690477406,68645496901.35812,1253337475.576709
ripple,2026-07-15 04:00:00+00:00,1.1038573574007386,68954109703.65703,1276467416.82418
ripple,2026-07-15 05:00:00+00:00,1.1027536231326556,68885163282.91269,1269365720.5702033
ripple,2026-07-15 06:00:00+00:00,1.1060104396243955,69088605222.35397,1267043867.532044
ripple,2026-07-15 07:00:00+00:00,1.1066102530686683,69126073471.09174,1299445602.8566046
ripple,2026-07-15 08:00:00+00:00,1.1034698678733852,68929904587.66174,1292597120.9236836
ripple,2026-07-15 09:00:00+00:00,1.1071653664469188,69160749462.9898,1304957476.301952
ripple,2026-07-15 10:00:00+00:00,1.107898423831102,69206540994.7934,1310596831.845585
ripple,2026-07-15 11:00:00+00:00,1.1075941748742038,69187535626.20068,1314367275.113029
ripple,2026-07-15 12:00:00+00:00,1.1075954733390936,69187616736.76253,1302095071.3006108
ripple,2026-07-15 13:00:00+00:00,1.1200338102052307,69964596152.67024,1272419457.4009645
ripple,2026-07-15 14:00:00+00:00,1.1213534899234006,70047031930.67207,1266003476.3761363
ripple,2026-07-15 15:00:00+00:00,1.124509730080959,70244191218.16176,1272488750.7761884
ripple,2026-07-15 16:00:00+00:00,1.1256776828489652,70317149144.06934,1249367346.4446
ripple,2026-07-15 17:00:00+00:00,1.1131806556821522,69536503550.27713,1268451785.0287828
ripple,2026-07-15 18:00:00+00:00,1.1177164952007483,69819841586.36172,1262440052.2480986
ripple,2026-07-15 19:00:00+00:00,1.1114508641192025,69428449519.20471,940483511.125678
ripple,2026-07-15 20:00:00+00:00,1.109294937153432,69293776299.41402,1177696613.8546846
ripple,2026-07-15 21:00:00+00:00,1.11092148892529,69395381301.69391,1182357577.420269
ripple,2026-07-15 22:00:00+00:00,1.1148880939426649,69643161248.70009,1150605678.805163
ripple,2026-07-15 23:00:00+00:00,1.11551628865611,69682402376.09372,1149984618.8037426
ripple,2026-07-16 00:00:00+00:00,1.1127284157422908,69508253702.39912,1146435196.149918
ripple,2026-07-16 01:00:00+00:00,1.110015139985558,69338764852.29393,1147823115.014118
ripple,2026-07-16 02:00:00+00:00,1.1132944237920814,69543610246.33731,1120279255.422268
ripple,2026-07-16 03:00:00+00:00,1.116344217643939,69734120205.27776,1140669996.045473
ripple,2026-07-16 04:00:00+00:00,1.1120577318361329,69466358423.69156,1134304401.7582407
ripple,2026-07-16 05:00:00+00:00,1.1127234389042473,69507942816.72705,1124556061.6131065
ripple,2026-07-16 06:00:00+00:00,1.1154662113956086,69679274224.71516,1128251079.420243
ripple,2026-07-16 07:00:00+00:00,1.1137166773168798,69569986947.70773,1112792584.1862926
ripple,2026-07-16 08:00:00+00:00,1.105384835537367,69049525922.33498,1122247855.485325
ripple,2026-07-16 09:00:00+00:00,1.1060884705930696,69093479544.14758,1158087855.879112
ripple,2026-07-16 10:00:00+00:00,1.104502704701144,68994422293.18753,1157475871.340686
ripple,2026-07-16 11:00:00+00:00,1.1077076840508386,69194626147.60327,1168604404.8659654
ripple,2026-07-16 12:00:00+00:00,1.1076805775142906,69192932897.03761,1177937224.0562782
ripple,2026-07-16 13:00:00+00:00,1.101193595247242,68787713795.23172,1147002418.4430492
ripple,2026-07-16 14:00:00+00:00,1.1094056479269814,69300692014.3599,1117096932.1379523
ripple,2026-07-16 15:00:00+00:00,1.1108013253653934,69387875104.23466,1078509666.3150425
ripple,2026-07-16 16:00:00+00:00,1.114149032699393,69596994676.8105,1044303239.4419086
ripple,2026-07-16 17:00:00+00:00,1.1086158984451977,69251359125.43161,1015599622.9988816
ripple,2026-07-16 18:00:00+00:00,1.09345442719553,68304275025.47132,988823695.4588772
ripple,2026-07-16 19:00:00+00:00,1.0927492812056752,68260227020.884895,1043191372.0756648
ripple,2026-07-16 20:00:00+00:00,1.096769464594452,68511353821.42666,1044810019.772558
ripple,2026-07-16 21:00:00+00:00,1.0969354231591453,68521720672.72262,1038308043.191466
ripple,2026-07-16 22:00:00+00:00,1.0974090482927703,68551306378.88604,1031343449.6073494
ripple,2026-07-16 23:00:00+00:00,1.0896314731804086,68065468454.32935,1020689851.6615528
ripple,2026-07-17 00:00:00+00:00,1.0863798740753594,67862352426.79311,1033182124.7603062
ripple,2026-07-17 01:00:00+00:00,1.0909369777565452,68147018760.76886,1105795842.792755
ripple,2026-07-17 02:00:00+00:00,1.0870535658505356,67904435596.56184,1045653920.3611386
ripple,2026-07-17 03:00:00+00:00,1.0874662194622184,67930212624.92408,1058844052.971374
ripple,2026-07-17 04:00:00+00:00,1.0916031989473791,68188635269.25311,1057017709.6465484
ripple,2026-07-17 05:00:00+00:00,1.0897172352324105,68070825709.86829,1049128522.3671912
ripple,2026-07-17 06:00:00+00:00,1.0796532163598695,67442161637.69965,1127765163.3178897
ripple,2026-07-17 07:00:00+00:00,1.0860298325332198,67840486555.504845,1137739427.1613338
ripple,2026-07-17 08:00:00+00:00,1.0829873160799608,67650431190.2109,1049474297.9943328
ripple,2026-07-17 09:00:00+00:00,1.0840806796346478,67718729788.74848,1023381195.5754768
ripple,2026-07-17 10:00:00+00:00,1.0844867205992834,67744093748.16946,1020352951.4250436
ripple,2026-07-17 11:00:00+00:00,1.085862478476676,67830032532.71204,1026739651.2372316
ripple,2026-07-17 12:00:00+00:00,1.083919993423619,67708692282.95223,1024131714.4082756
ripple,2026-07-17 13:00:00+00:00,1.0775557576203088,67311140723.57799,1010881824.3903136
ripple,2026-07-17 14:00:00+00:00,1.0795744072060087,67437238705.39817,1106864261.4753432
ripple,2026-07-17 15:00:00+00:00,1.0818219955759691,67577637692.633125,1058381628.1688702
ripple,2026-07-17 16:00:00+00:00,1.0824851324854128,67619061536.84248,1072443402.7788552
ripple,2026-07-17 17:00:00+00:00,1.086192631940269,67850656065.268135,1095058941.7471418
ripple,2026-07-17 18:00:00+00:00,1.0911383437683844,68159597391.49307,1060417522.4465138
ripple,2026-07-17 19:00:00+00:00,1.091751312237146,68197887388.61679,1040438437.720448
ripple,2026-07-17 20:00:00+00:00,1.0901866819222186,68100150403.25555,1043074219.9434648
ripple,2026-07-17 21:00:00+00:00,1.0881361241296896,67972059227.31532,1038445805.7682986
ripple,2026-07-17 22:00:00+00:00,1.0881177344680075,67970910489.44576,1035153645.3762188
ripple,2026-07-17 23:00:00+00:00,1.0878973278016228,67957142455.60388,1022746017.2209146
ripple,2026-07-18 00:00:00+00:00,1.0885135568085882,67995636127.149376,1008788777.7315316
ripple,2026-07-18 01:00:00+00:00,1.0877911248937735,67950508331.26744,975174291.5087012
ripple,2026-07-18 02:00:00+00:00,1.0880622076916664,67967441925.86584,931361370.49017
ripple,2026-07-18 03:00:00+00:00,1.0896146914970444,68064420161.243324,920855169.414712
ripple,2026-07-18 04:00:00+00:00,1.089553076294092,68060571274.93993,904167502.2810816
ripple,2026-07-18 05:00:00+00:00,1.0874335010043912,67928168817.25706,899396657.3096799
ripple,2026-07-18 06:00:00+00:00,1.0873389328432796,67922261474.8708,890434190.160677
ripple,2026-07-18 07:00:00+00:00,1.0886797667626151,68006018681.85808,865228135.6438564
ripple,2026-07-18 08:00:00+00:00,1.0884426839521892,67991208947.60269,858497846.6917514
ripple,2026-07-18 09:00:00+00:00,1.088722545942017,68008690947.62657,833530048.019968
ripple,2026-07-18 10:00:00+00:00,1.0855943672079564,67813284559.15175,846886157.942471
ripple,2026-07-18 11:00:00+00:00,1.086455753697087,67867092361.46474,805598246.1785614
ripple,2026-07-18 12:00:00+00:00,1.0881389863849835,67972238022.39624,778522710.9083204
ripple,2026-07-18 13:00:00+00:00,1.0887198675015788,68008523634.81704,777431486.9075134
ripple,2026-07-18 14:00:00+00:00,1.085363705174515,67798875908.38564,724700630.8156065
ripple,2026-07-18 15:00:00+00:00,1.0881241992161932,67971314319.66224,686042669.802103
ripple,2026-07-18 16:00:00+00:00,1.086340946056856,67859920729.58112,639818867.2739434
ripple,2026-07-18 17:00:00+00:00,1.0891504709822424,68035421928.73644,611583570.4673532
ripple,2026-07-18 18:00:00+00:00,1.092872460334262,68267921590.37689,601436702.3966938
ripple,2026-07-18 19:00:00+00:00,1.0902570732364976,68104547502.549614,606211214.8776793
ripple,2026-07-18 20:00:00+00:00,1.092959262700807,68273343830.7281,604667477.3675267
ripple,2026-07-18 21:00:00+00:00,1.0930008420254986,68275941145.76793,605016212.634345
ripple,2026-07-18 22:00:00+00:00,1.0935158507699592,68308111941.41085,615754939.9352119
ripple,2026-07-18 23:00:00+00:00,1.0928380952356236,68265774922.81554,624400582.3070604
ripple,2026-07-19 00:00:00+00:00,1.0922463620697758,68228811420.81992,628234919.0261549
ripple,2026-07-19 01:00:00+00:00,1.0936672731471406,68317570767.895775,637498529.7418593
ripple,2026-07-19 02:00:00+00:00,1.093408711372022,68301419317.81287,639100553.0868361
ripple,2026-07-19 03:00:00+00:00,1.096982158800078,68524640084.81,653447423.6650913
ripple,2026-07-19 04:00:00+00:00,1.0943168593850134,68358148149.02928,658936708.96246
ripple,2026-07-19 05:00:00+00:00,1.0959588634231283,68460718400.35653,672024879.6947554
ripple,2026-07-19 06:00:00+00:00,1.0959995386448038,68463259239.24193,679262528.4269006
ripple,2026-07-19 07:00:00+00:00,1.095844979548184,68453604472.86059,679726691.19079
ripple,2026-07-19 08:00:00+00:00,1.094814364423322,68389225549.34703,686625234.6168454
ripple,2026-07-19 09:00:00+00:00,1.097714374210265,68570379021.44185,695111985.6729002
ripple,2026-07-19 10:00:00+00:00,1.0948733277264362,68392908780.73936,679135458.7464501
ripple,2026-07-19 11:00:00+00:00,1.0969663586754286,68523653106.26508,682486647.379912
ripple,2026-07-19 12:00:00+00:00,1.0961534801678736,68472875427.962814,685032490.2473805
ripple,2026-07-19 13:00:00+00:00,1.0949507547348842,68397745375.24929,686431719.027234
ripple,2026-07-19 14:00:00+00:00,1.0935299161830356,68308990558.58888,680463312.508487
ripple,2026-07-19 15:00:00+00:00,1.098083715565506,68593450484.57668,693087139.1158862
ripple,2026-07-19 16:00:00+00:00,1.0971810718900752,68537065490.08289,694843341.5861005
ripple,2026-07-19 17:00:00+00:00,1.0935436649779529,68309849397.73748,692321975.7780422
ripple,2026-07-19 18:00:00+00:00,1.0938211931263595,68327185610.847626,694169882.4940246
ripple,2026-07-19 19:00:00+00:00,1.091759935988312,68198426084.20093,665261841.6964111
ripple,2026-07-19 20:00:00+00:00,1.094201248022574,68350926311.429344,663320633.1984062
ripple,2026-07-19 21:00:00+00:00,1.0963332194939106,68484103115.23828,643221655.9426693
ripple,2026-07-19 22:00:00+00:00,1.0921955220985764,68225635625.57074,645427222.4614062
ripple,2026-07-19 23:00:00+00:00,1.0965467181367128,68497439628.999466,662511862.8235085
ripple,2026-07-20 00:00:00+00:00,1.0968034898967796,68513479263.1005,661262984.2836158
ripple,2026-07-20 01:00:00+00:00,1.0956481045329378,68441306378.99169,699527347.689742
ripple,2026-07-20 02:00:00+00:00,1.095948111241024,68460046749.133286,729140264.1740918
ripple,2026-07-20 03:00:00+00:00,1.1006605087509262,68754413745.6356,738573872.6487317
ripple,2026-07-20 04:00:00+00:00,1.0991932264821642,68662757752.36063,742450025.3303534
ripple,2026-07-20 05:00:00+00:00,1.095249446458081,68416403602.88242,740930492.2720464
ripple,2026-07-20 06:00:00+00:00,1.0873366636228454,67922119724.60414,759397198.5560467
ripple,2026-07-20 07:00:00+00:00,1.084801961133412,67763785722.161934,775470117.8031123
ripple,2026-07-20 08:00:00+00:00,1.0892650216618702,68042577509.18959,782442152.7360028
ripple,2026-07-20 09:00:00+00:00,1.087304928635792,67920137350.91785,800088671.846276
ripple,2026-07-20 10:00:00+00:00,1.0894487165162094,68054052284.4884,809059686.1561433
ripple,2026-07-20 11:00:00+00:00,1.0920356925141232,68215651630.241646,827573649.7900158
ripple,2026-07-20 12:00:00+00:00,1.1047294023713208,69008583304.04109,871946836.4655498
ripple,2026-07-20 13:00:00+00:00,1.0992406208036134,68665718309.91694,893470063.5174242
ripple,2026-07-20 14:00:00+00:00,1.090142707083306,68097403448.81777,921601554.6389784
ripple,2026-07-20 15:00:00+00:00,1.0923822090278934,68237297305.33222,943775459.1330464
ripple,2026-07-20 16:00:00+00:00,1.1119682648476945,69460769733.72697,1001861774.3771964
ripple,2026-07-20 17:00:00+00:00,1.1131951367122983,69537408129.60037,1073718710.7095884
ripple,2026-07-20 18:00:00+00:00,1.114469579932153,69617018141.71268,1092528578.455345
ripple,2026-07-20 19:00:00+00:00,1.113383929597788,69549201361.0809,1129806533.524076
ripple,2026-07-20 20:00:00+00:00,1.1159349007887642,69708551612.42828,1182691128.452838
ripple,2026-07-20 21:00:00+00:00,1.1140768257068288,69592484158.44211,1176660961.7424834
ripple,2026-07-20 22:00:00+00:00,1.1142151257788082,69601123280.40053,1213826118.9378033
ripple,2026-07-20 23:00:00+00:00,1.109045905356679,69278220153.75998,1203374998.577512
ripple,2026-07-21 00:00:00+00:00,1.1112396193859455,69415253799.2925,1209500140.076105
ripple,2026-07-21 01:00:00+00:00,1.1156483529487542,69690651970.71921,1173952421.402362
ripple,2026-07-21 02:00:00+00:00,1.1132318951721671,69539704302.06989,1156760828.543375
ripple,2026-07-21 03:00:00+00:00,1.118431661554797,69864515528.06516,1152548796.697111
ripple,2026-07-21 04:00:00+00:00,1.1238922821095891,70205621402.17177,1161428983.1409335
ripple,2026-07-21 05:00:00+00:00,1.1259811362734164,70336104818.53151,1198971835.2408228
ripple,2026-07-21 06:00:00+00:00,1.130571208859111,70622830604.70287,1254908578.8868015
ripple,2026-07-21 07:00:00+00:00,1.133336286138491,70795555314.81432,1266315924.562701
ripple,2026-07-21 08:00:00+00:00,1.1353998516675496,70924459038.57664,1286227452.3144526
ripple,2026-07-21 09:00:00+00:00,1.1325093280676828,70743898135.42195,1281556735.5948334
ripple,2026-07-21 10:00:00+00:00,1.1345013920855136,70868335409.76839,1291084062.0604737
ripple,2026-07-21 11:00:00+00:00,1.130591544027366,70624100871.56595,1304864230.083235
ripple,2026-07-21 12:00:00+00:00,1.135650293801851,70940103283.08635,1280212751.0022
ripple,2026-07-21 13:00:00+00:00,1.1408143982216197,71262686830.94652,1289620220.7523944
ripple,2026-07-21 14:00:00+00:00,1.1398497319353953,71202427500.80592,1317912779.5318885
ripple,2026-07-21 15:00:00+00:00,1.148094029080802,71717419918.96811,1363679493.2479608
ripple,2026-07-21 16:00:00+00:00,1.154254277099411,72102229074.63396,1359123673.5627851
ripple,2026-07-21 17:00:00+00:00,1.150223777789015,71850457874.53615,1354705272.689124
ripple,2026-07-21 18:00:00+00:00,1.1568018781563196,72261368805.48909,1403080665.805325
ripple,2026-07-21 19:00:00+00:00,1.1575724698259262,72309504972.87207,1404577558.4404218
ripple,2026-07-21 20:00:00+00:00,1.1562820820444786,72228898959.74397,1373360858.6429698
ripple,2026-07-21 21:00:00+00:00,1.147838746434468,71701473304.59558,1414541783.205346
ripple,2026-07-21 22:00:00+00:00,1.146232546796503,71601139628.96289,1432952384.1353295
ripple,2026-07-21 23:00:00+00:00,1.1413700332322123,71297395407.39322,1443070572.3820667
ripple,2026-07-22 00:00:00+00:00,1.1424327821391576,71363781615.92427,1460696536.4892385
ripple,2026-07-22 01:00:00+00:00,1.145279377784967,71541598493.37418,1474587926.8020868
ripple,2026-07-22 02:00:00+00:00,1.14347899066265,71429134604.53114,1483834129.522488
ripple,2026-07-22 03:00:00+00:00,1.1406680266659075,71253543511.61963,1477729080.6457276
ripple,2026-07-22 04:00:00+00:00,1.1383647232313514,71109664199.09578,1467100598.0011864
ripple,2026-07-22 05:00:00+00:00,1.1413848077118287,71298318317.4789,1450386355.017677
ripple,2026-07-22 06:00:00+00:00,1.1329936417983062,70774151520.86935,1375380470.1551304
ripple,2026-07-22 07:00:00+00:00,1.131423122027689,70676046641.80243,1356690554.6893458
ripple,2026-07-22 08:00:00+00:00,1.1303166524085675,70606929353.24236,1353502987.446849
ripple,2026-07-22 09:00:00+00:00,1.1341512954003792,70846466093.89003,1346871784.823768
ripple,2026-07-22 10:00:00+00:00,1.1343767641843567,70860550340.51927,1349598107.051235
ripple,2026-07-22 11:00:00+00:00,1.1381895506096942,71098721777.87637,1328608725.314711
ripple,2026-07-22 12:00:00+00:00,1.1380641593974083,71090889027.24979,1301257982.859965
ripple,2026-07-22 13:00:00+00:00,1.1358863934760333,70954851604.25795,1331591190.9277596
ripple,2026-07-22 14:00:00+00:00,1.1420719583190169,71341242213.42732,1296111836.3027408
ripple,2026-07-22 15:00:00+00:00,1.141498519537112,71305421497.63403,1284446191.3462856
ripple,2026-07-22 16:00:00+00:00,1.1507316399743388,71882182249.6163,1245577701.1968088
ripple,2026-07-22 17:00:00+00:00,1.1528934565957347,72017223375.60193,1263423880.8456624
ripple,2026-07-22 18:00:00+00:00,1.1471208517893754,71656628936.08954,1195440651.732766
ripple,2026-07-22 19:00:00+00:00,1.1414270238499844,71300955412.02933,1153544894.0186691
ripple,2026-07-22 20:00:00+00:00,1.137277332757429,71041738718.0299,1123157717.9820166
ripple,2026-07-22 21:00:00+00:00,1.1376642863152855,71065910353.88463,1092040606.0035074
ripple,2026-07-22 22:00:00+00:00,1.1417903471082271,71323650945.68573,1079520856.9866126
ripple,2026-07-22 23:00:00+00:00,1.1417902739855317,71323646377.96658,1041771138.6055698
ripple,2026-07-23 00:00:00+00:00,1.141418837576549,71300444044.14946,1037341494.8986784
ripple,2026-07-23 01:00:00+00:00,1.1406355973310882,71251517764.45604,1009459517.3269732
ripple,2026-07-23 02:00:00+00:00,1.1390363330622633,71151617317.0854,1012761127.1764244
ripple,2026-07-23 03:00:00+00:00,1.1376855658336102,71067239610.99486,1005119974.9715036
ripple,2026-07-23 04:00:00+00:00,1.1331151172363838,70781739666.77185,976661748.5313565
ripple,2026-07-23 05:00:00+00:00,1.1353615506273644,70922066506.50809,1000234464.4184494
ripple,2026-07-23 06:00:00+00:00,1.13389338469037,70830355313.5682,966894543.0453856
ripple,2026-07-23 07:00:00+00:00,1.136061596894321,70965795949.2352,966518374.0136251
ripple,2026-07-23 08:00:00+00:00,1.1333226806720618,70794705428.89523,944498918.0632772
ripple,2026-07-23 09:00:00+00:00,1.1354885703729236,70930000985.91441,929703918.6695372
ripple,2026-07-23 10:00:00+00:00,1.13253664654129,70745604624.9547,936428226.9371246
ripple,2026-07-23 11:00:00+00:00,1.1343362041439646,70858016696.60593,929344981.3519484
ripple,2026-07-23 12:00:00+00:00,1.1320504209752462,70715231813.83293,914578220.1547627
ripple,2026-07-23 13:00:00+00:00,1.1214905301362434,70055592353.63509,920179760.0914232
ripple,2026-07-23 14:00:00+00:00,1.1115361527543095,69433777202.04544,986046667.2852224
ripple,2026-07-23 15:00:00+00:00,1.109345685836708,69296946392.22578,983730944.3413992
ripple,2026-07-23 16:00:00+00:00,1.112251640506709,69478471220.38017,997992658.2206776
ripple,2026-07-23 17:00:00+00:00,1.108076977996514,69217694649.2283,984420968.348945
ripple,2026-07-23 18:00:00+00:00,1.1021864401246793,68849733343.44467,976680829.8661188
ripple,2026-07-23 19:00:00+00:00,1.1045949054503532,69000181751.62943,995258093.216906
ripple,2026-07-23 20:00:00+00:00,1.10403517681383,68965217460.68336,997218747.3566828
ripple,2026-07-23 21:00:00+00:00,1.1121059806285567,69469372357.06218,1009893350.8318244
ripple,2026-07-23 22:00:00+00:00,1.1088121106053568,69263615813.06076,1014894083.8676044
ripple,2026-07-23 23:00:00+00:00,1.1110781658955535,69405168364.23705,1009653470.9324536
ripple,2026-07-24 00:00:00+00:00,1.107222681879862,69164329757.694,1014935515.9053532
ripple,2026-07-24 01:00:00+00:00,1.106827188170021,69139624648.40367,1041803772.5858228
ripple,2026-07-24 02:00:00+00:00,1.108629317827256,69252197387.31065,1008957984.210192
ripple,2026-07-24 03:00:00+00:00,1.1056979331558934,69069084035.88206,1013015788.0749272
ripple,2026-07-24 04:00:00+00:00,1.1105151665234223,69369999761.87303,1013511622.6616404
ripple,2026-07-24 05:00:00+00:00,1.1061666695556205,69098364359.93135,1003761383.3112668
ripple,2026-07-24 06:00:00+00:00,1.1092733593419632,69292428408.974,1006103948.209741
ripple,2026-07-24 07:00:00+00:00,1.1130368912459134,69527523088.58846,1010291416.6596282
ripple,2026-07-24 08:00:00+00:00,1.1134113596484696,69550914820.44339,1036228951.6685972
ripple,2026-07-24 09:00:00+00:00,1.1110317634781397,69402269767.45784,1095024622.5770955
ripple,2026-07-24 10:00:00+00:00,1.107768606368681,69198431751.79634,1099923409.7057157
ripple,2026-07-24 11:00:00+00:00,1.1062302129620227,69102333694.36267,1119452113.9928536
ripple,2026-07-24 12:00:00+00:00,1.1025732378969029,68873895247.91559,1136678180.9181368
ripple,2026-07-24 13:00:00+00:00,1.0992145362735932,68664088900.52584,1116517113.720797
ripple,2026-07-24 14:00:00+00:00,1.0917182813938444,68195824067.32138,1093562100.8490305
ripple,2026-07-24 15:00:00+00:00,1.0919721657382138,68211683334.65906,1095854409.5472574
ripple,2026-07-24 16:00:00+00:00,1.090642178804296,68128603700.92654,1080312563.6210878
ripple,2026-07-24 17:00:00+00:00,1.086356989951137,67860922935.56263,1089449783.7362092
ripple,2026-07-24 18:00:00+00:00,1.0883027514438868,67982467853.05464,1084415379.7559755
ripple,2026-07-24 19:00:00+00:00,1.0868121323302953,67889354088.67571,1072765689.4195714
ripple,2026-07-24 20:00:00+00:00,1.0883880756661914,67987797758.90319,1073270313.389888
ripple,2026-07-24 21:00:00+00:00,1.0902787457688123,68105901309.86971,1057459767.9412106
ripple,2026-07-24 22:00:00+00:00,1.0883088030026913,67982845872.77512,1032654357.5565468
ripple,2026-07-24 23:00:00+00:00,1.0912142238277034,68237195819.78202,990219229.0413188
ripple,2026-07-25 00:00:00+00:00,1.091283473311503,68241526216.58522,1001688218.8470392
ripple,2026-07-25 01:00:00+00:00,1.093122081994656,68356500433.38764,1044346120.6191652
ripple,2026-07-25 02:00:00+00:00,1.0924477276858344,68314330852.00007,1035910883.9324228
ripple,2026-07-25 03:00:00+00:00,1.0924798956876034,68316342422.40293,1030891188.1826384
ripple,2026-07-25 04:00:00+00:00,1.0911020632877697,68230182054.23571,1024074977.05029
ripple,2026-07-25 05:00:00+00:00,1.0929416000004375,68345214303.7602,1021904129.2568828
ripple,2026-07-25 06:00:00+00:00,1.0909210416864907,68218862181.21322,1015613637.926256
ripple,2026-07-25 07:00:00+00:00,1.0892028243712115,68111416430.55908,1018464384.2068036
ripple,2026-07-25 08:00:00+00:00,1.0876096288075376,68011788699.09835,932307765.3451132
ripple,2026-07-25 09:00:00+00:00,1.0863250854916784,67931462002.58975,934566365.4028575
ripple,2026-07-25 10:00:00+00:00,1.0879664172456038,68034099847.52634,906313835.4008416
ripple,2026-07-25 11:00:00+00:00,1.0903826158887011,68185192654.37247,951517850.5890702
ripple,2026-07-25 12:00:00+00:00,1.0896003738502125,68136276500.24501,911673041.801932
ripple,2026-07-25 13:00:00+00:00,1.0905137124254245,68193390549.75572,828411050.7532883
ripple,2026-07-25 14:00:00+00:00,1.090675397883062,68203501270.44936,725235630.5727407
ripple,2026-07-25 15:00:00+00:00,1.092996304340351,68348635145.12512,703220505.805418
ripple,2026-07-25 16:00:00+00:00,1.0979900563366076,68660910796.78285,683675954.5153656
ripple,2026-07-25 17:00:00+00:00,1.102049018989872,68914731012.23462,662554694.0094677
ripple,2026-07-25 18:00:00+00:00,1.1027222855206589,68956832571.30252,656271469.4908811
ripple,2026-07-25 19:00:00+00:00,1.1022846499774672,68929465788.86295,645281443.9855524
ripple,2026-07-25 20:00:00+00:00,1.1000421783089562,68789236698.16457,631828114.8858004
ripple,2026-07-25 21:00:00+00:00,1.097943992473683,68658030272.71529,620966628.9596756
ripple,2026-07-25 22:00:00+00:00,1.0992144280844252,68737474768.26315,615308446.5742779
ripple,2026-07-25 23:00:00+00:00,1.100220669497613,68800398336.20642,617683404.5451719
ripple,2026-07-26 00:00:00+00:00,1.0973556934181352,68621242007.88385,610399090.2647156
ripple,2026-07-26 01:00:00+00:00,1.0990757494359984,68728802738.62672,594553079.8279294
ripple,2026-07-26 02:00:00+00:00,1.099223579676598,68738047047.2653,596669104.0617114
ripple,2026-07-26 03:00:00+00:00,1.0999447725652542,68783145598.30367,592388631.9099691
ripple,2026-07-26 04:00:00+00:00,1.1006640336684823,68828123348.47849,590661668.061919
ripple,2026-07-26 05:00:00+00:00,1.1009841242232157,68848139658.18784,593935543.3698608
ripple,2026-07-26 06:00:00+00:00,1.0988502732034442,68714702972.05702,599457512.480053
ripple,2026-07-26 07:00:00+00:00,1.099529187468869,68757157702.45097,596735196.5068603
ripple,2026-07-26 08:00:00+00:00,1.097921178136482,68656603617.56262,595370548.7306828
ripple,2026-07-26 09:00:00+00:00,1.09901517089445,68725014564.21344,581425003.366553
ripple,2026-07-26 10:00:00+00:00,1.0993386461712058,68745242531.66553,577363316.4281037
ripple,2026-07-26 11:00:00+00:00,1.099988334193612,68785869649.45657,580068392.3241152
ripple,2026-07-26 12:00:00+00:00,1.0998250071887528,68775656277.4441,576842441.7729633
ripple,2026-07-26 13:00:00+00:00,1.0981420339680013,68670414455.33787,581094611.6005712
ripple,2026-07-26 14:00:00+00:00,1.0970267226517734,68600670389.4857,575239111.984246
ripple,2026-07-26 15:00:00+00:00,1.0989564824254014,68721344582.2178,580558291.3367631
ripple,2026-07-26 16:00:00+00:00,1.1037397619084388,69020458698.96736,576182362.5974277
ripple,2026-07-26 17:00:00+00:00,1.1024434592569716,68939396652.72717,569797958.9222468
ripple,2026-07-26 18:00:00+00:00,1.1011029741093383,68855571730.43858,553785523.9485807
ripple,2026-07-26 19:00:00+00:00,1.102271326803003,68928632647.17087,545589994.0320854
ripple,2026-07-26 20:00:00+00:00,1.1014578573581284,68877763741.14745,535111787.538936
ripple,2026-07-26 21:00:00+00:00,1.1001201247221306,68794110942.41751,527426943.3703376
ripple,2026-07-26 22:00:00+00:00,1.1032586527372843,68990373368.3275,528356360.1838816
ripple,2026-07-26 23:00:00+00:00,1.111649300336767,69515068016.54453,569858296.5589824
ripple,2026-07-27 00:00:00+00:00,1.1119804109391629,69535773445.89133,597506774.6683857
ripple,2026-07-27 01:00:00+00:00,1.1076394853108016,69264321163.03659,613935930.9671315
ripple,2026-07-27 02:00:00+00:00,1.1069630825511267,69222023485.31473,592534169.6644243
ripple,2026-07-27 03:00:00+00:00,1.1048672832046629,69090966294.81917,597532026.664596
ripple,2026-07-27 04:00:00+00:00,1.106450794142481,69189988414.93748,605656127.9833684
ripple,2026-07-27 05:00:00+00:00,1.105716313642433,69144058946.08234,609798814.9129037
ripple,2026-07-27 06:00:00+00:00,1.1092256486566725,69363509146.90897,614548805.9579703
ripple,2026-07-27 07:00:00+00:00,1.109968758087181,69409978211.0193,631033434.4671799
ripple,2026-07-27 08:00:00+00:00,1.1070085991496592,69224869787.14922,646464764.1105123
ripple,2026-07-27 09:00:00+00:00,1.1058746919017208,69153962856.84215,663618083.3574944
ripple,2026-07-27 10:00:00+00:00,1.107096469882798,69230364631.60147,681559386.8443446
ripple,2026-07-27 11:00:00+00:00,1.107022065816584,69225711901.89435,688974236.317513
ripple,2026-07-27 12:00:00+00:00,1.10485404828998,69090138672.30002,706044336.0450047
ripple,2026-07-27 13:00:00+00:00,1.104091736181274,69042468801.89171,723522031.6572026
ripple,2026-07-27 14:00:00+00:00,1.1066846395342178,69204611532.41438,766386845.5587174
ripple,2026-07-27 15:00:00+00:00,1.0891926480031828,68110780068.96962,849694779.8433437
ripple,2026-07-27 16:00:00+00:00,1.0855066976607168,67880285533.791565,911339835.2315516
ripple,2026-07-27 17:00:00+00:00,1.0922553878792036,68302303214.56425,942356941.976864
ripple,2026-07-27 18:00:00+00:00,1.0928987131307444,68342532447.474365,950255350.49556
ripple,2026-07-27 19:00:00+00:00,1.088680356937317,68078744832.42771,998308848.597852
ripple,2026-07-27 20:00:00+00:00,1.0910944574955874,68229706439.16476,1026250407.0308714
ripple,2026-07-27 21:00:00+00:00,1.0897261652529795,68144142648.24384,1041495713.0717312
ripple,2026-07-27 22:00:00+00:00,1.0858449882462673,67901439950.97761,1046659382.6238176
ripple,2026-07-27 23:00:00+00:00,1.0657568923725904,66645265588.65086,1109557030.025496
ripple,2026-07-28 00:00:00+00:00,1.0651155264803904,66605158880.89126,1156616425.6920612
ripple,2026-07-28 01:00:00+00:00,1.0579674823072125,66158168290.66356,1173370227.1946287
ripple,2026-07-28 02:00:00+00:00,1.0566377121903112,66075013414.30575,1215561707.512478
ripple,2026-07-28 03:00:00+00:00,1.0564173798125345,66061235309.80573,1224205408.3730197
ripple,2026-07-28 04:00:00+00:00,1.0570677461025555,66101904841.89001,1232482577.2964506
ripple,2026-07-28 05:00:00+00:00,1.055279384385084,65990072732.25744,1244013676.2192788
ripple,2026-07-28 06:00:00+00:00,1.0570399736256366,66100168138.03797,1253943280.954568
ripple,2026-07-28 07:00:00+00:00,1.0589459620805064,66219355832.42942,1254957673.486048
ripple,2026-07-28 08:00:00+00:00,1.05507446388855,65977258383.11852,1256752552.9143825
ripple,2026-07-28 09:00:00+00:00,1.0553858616755851,65996731105.62139,1262995492.8268256
ripple,2026-07-28 10:00:00+00:00,1.0556686633866106,66014415621.92627,1263774148.4012668
ripple,2026-07-28 11:00:00+00:00,1.054559664749983,65945066308.58432,1280739276.246191
ripple,2026-07-28 12:00:00+00:00,1.0488854986773208,65590242138.444695,1325733065.4333675
ripple,2026-07-28 13:00:00+00:00,1.05315704702393,65857356032.87214,1343192905.6865385
ripple,2026-07-28 14:00:00+00:00,1.0499890829023608,65659252870.91437,1361630667.6642146
ripple,2026-07-28 15:00:00+00:00,1.05324715829659,65862990985.591606,1316846032.8923235
ripple,2026-07-28 16:00:00+00:00,1.064038725528176,66537822994.10504,1352097322.406791
ripple,2026-07-28 17:00:00+00:00,1.0635877871170254,66509624339.8056,1338974975.4644444
ripple,2026-07-28 18:00:00+00:00,1.0571647558369646,66107971177.99408,1330195638.595585
ripple,2026-07-28 19:00:00+00:00,1.0569148871084917,66092346068.84344,1310091855.218755
ripple,2026-07-28 20:00:00+00:00,1.0599143533014523,66279912504.00767,1310371849.1727664
ripple,2026-07-28 21:00:00+00:00,1.062861098381953,66464182115.50868,1326375309.9889288
ripple,2026-07-28 22:00:00+00:00,1.0680238680750636,66787026996.76899,1341572060.7299232
ripple,2026-07-28 23:00:00+00:00,1.0625457330921229,66444461292.07456,1236240458.341935
ripple,2026-07-29 00:00:00+00:00,1.0680196954265415,66786766067.40419,1201503586.5613673
ripple,2026-07-29 01:00:00+00:00,1.0779583480512072,67408262534.84868,1236527532.1821172
ripple,2026-07-29 02:00:00+00:00,1.0704857556284926,66940976880.6702,1217153120.84648
ripple,2026-07-29 03:00:00+00:00,1.0777296413773354,67393960758.21354,1252562121.727242
ripple,2026-07-29 04:00:00+00:00,1.0701747539366535,66921528927.29596,1195782303.6083047
ripple,2026-07-29 05:00:00+00:00,1.0795796796846744,67509649706.81353,1245542185.8028138
ripple,2026-07-29 06:00:00+00:00,1.0851361800122816,67857115852.91784,1293198683.0413911
ripple,2026-07-29 07:00:00+00:00,1.0867917500639654,67960644065.20034,1298577168.583444
ripple,2026-07-29 08:00:00+00:00,1.0893113702725203,68118204160.92522,1299622950.0635712
ripple,2026-07-29 09:00:00+00:00,1.0862638715301716,67927634093.2874,1306165351.560663
ripple,2026-07-29 10:00:00+00:00,1.087661875010422,68015055825.11193,1315444584.7510283
ripple,2026-07-29 11:00:00+00:00,1.0862719898821596,67928141760.40009,1311720440.4751213
ripple,2026-07-29 12:00:00+00:00,1.0832739602914747,67740665160.67666,1276398785.6062174
ripple,2026-07-29 13:00:00+00:00,1.0770604271405413,67352112602.34793,1268874671.8607123
ripple,2026-07-29 14:00:00+00:00,1.074032927524311,67162793145.50255,1244269050.9491458
ripple,2026-07-29 15:00:00+00:00,1.0717989175774318,67023093193.944176,1235893404.921343
ripple,2026-07-29 16:00:00+00:00,1.0670252825112818,66724582174.138695,1203176955.4573324
ripple,2026-07-29 17:00:00+00:00,1.0687966384924386,66835350859.437485,1221969669.7092228
ripple,2026-07-29 18:00:00+00:00,1.0801501131629856,67545320778.645004,1308185661.6961625
ripple,2026-07-29 19:00:00+00:00,1.0857057113078277,67892730508.30911,1397437750.5343847
ripple,2026-07-29 20:00:00+00:00,1.0683123673749952,66805067801.95045,1419349900.3977158
ripple,2026-07-29 21:00:00+00:00,1.064882896477706,66590611765.668495,1441979803.6746535
ripple,2026-07-29 22:00:00+00:00,1.0736882824631724,67141241362.16641,1413389257.6791835
ripple,2026-07-29 23:00:00+00:00,1.0729580517805315,67095577648.29895,1410332070.2509043
ripple,2026-07-30 00:00:00+00:00,1.0726215890261952,67074537531.37931,1317525505.9457543
ripple,2026-07-30 01:00:00+00:00,1.0691263004920335,66855965702.911385,1341254606.6130428
ripple,2026-07-30 02:00:00+00:00,1.0774381732079583,67375734299.91167,1353507180.853555
ripple,2026-07-30 03:00:00+00:00,1.0742824197197376,67178394708.80981,1317946919.333259
ripple,2026-07-30 04:00:00+00:00,1.0739611684761965,67158305817.43156,1276223570.142306
ripple,2026-07-30 05:00:00+00:00,1.0729344974286106,67094104717.60455,1222603080.910596
ripple,2026-07-30 06:00:00+00:00,1.074793182447619,67210334373.37687,1177116629.983161
ripple,2026-07-30 07:00:00+00:00,1.0720097093780108,67036274694.93566,1221257321.079604
ripple,2026-07-30 08:00:00+00:00,1.0757401737418515,67269552837.51815,1167334281.3947723
ripple,2026-07-30 09:00:00+00:00,1.0773109754464818,67367780207.70117,1153948436.909075
ripple,2026-07-30 10:00:00+00:00,1.079578840069468,67509597202.92751,1145735666.506184
ripple,2026-07-30 11:00:00+00:00,1.0775092776405326,67380180692.73103,1191399821.0951366
ripple,2026-07-30 12:00:00+00:00,1.0825271221561696,67693962928.45526,1182668293.0110686
ripple,2026-07-30 13:00:00+00:00,1.0825772676671594,67697098691.33131,1116252583.3516004
ripple,2026-07-30 14:00:00+00:00,1.0846452962993116,67826419288.19641,1180548750.5365894
ripple,2026-07-30 15:00:00+00:00,1.0866147359320522,67949574792.349525,1131871688.9364555
ripple,2026-07-30 16:00:00+00:00,1.0911699657002134,68234428214.25947,1205509596.8736188
ripple,2026-07-30 17:00:00+00:00,1.089148344965612,68108009655.07276,1174701276.3002925
ripple,2026-07-30 18:00:00+00:00,1.0900319078806286,68163261735.12686,1180654273.4305868
ripple,2026-07-30 19:00:00+00:00,1.084410482131173,67811735589.96131,1088722061.314159
ripple,2026-07-30 20:00:00+00:00,1.0887622935073968,68083868594.24757,1052671542.5067594
ripple,2026-07-30 21:00:00+00:00,1.0844244866966428,67812611341.26244,1013296028.5196712
ripple,2026-07-30 22:00:00+00:00,1.0833681549761975,67746555462.513145,989591392.649211
ripple,2026-07-30 23:00:00+00:00,1.0849654912444286,67846442125.77803,975726945.3164504
ripple,2026-07-31 00:00:00+00:00,1.0821017378210545,67667362254.142105,981721241.1761746
ripple,2026-07-31 01:00:00+00:00,1.0812521178375645,67614232736.65611,923988451.485068
ripple,2026-07-31 02:00:00+00:00,1.0798952031321976,67529380420.36568,916774688.2406251
ripple,2026-07-31 03:00:00+00:00,1.079805110036877,67523746604.33473,917345856.501896
ripple,2026-07-31 04:00:00+00:00,1.0810163434927325,67599488995.43073,922552039.545504
ripple,2026-07-31 05:00:00+00:00,1.0810788085520362,67603395139.97186,924301904.4344808
ripple,2026-07-31 06:00:00+00:00,1.079590720707206,67510340138.07816,923067222.458554
ripple,2026-07-31 07:00:00+00:00,1.0792434459121043,67488623908.87296,972087325.4253218
ripple,2026-07-31 08:00:00+00:00,1.078117668734608,67418225378.47184,970628310.247494
ripple,2026-07-31 09:00:00+00:00,1.0761139563475066,67292926686.84963,988888734.4800313
ripple,2026-07-31 10:00:00+00:00,1.070736765564659,66956673353.27188,999276384.8831484
ripple,2026-07-31 11:00:00+00:00,1.0728176868793011,67086800171.75737,953999659.1512256
ripple,2026-07-31 12:00:00+00:00,1.07126759552506,66989867887.54751,965847668.3717024
ripple,2026-07-31 13:00:00+00:00,1.071168848355324,66983692903.92762,941157753.6796516
ripple,2026-07-31 14:00:00+00:00,1.0652227738268745,66611865408.3754,976752614.9334886
ripple,2026-07-31 15:00:00+00:00,1.06152006027868,66380322615.094696,1066036071.0614988
ripple,2026-07-31 16:00:00+00:00,1.059431254671202,66249702765.98113,1092928160.3695168
ripple,2026-07-31 17:00:00+00:00,1.0627502702226392,66457251668.08204,1104170690.4141746
ripple,2026-07-31 18:00:00+00:00,1.0686894845486576,66828650172.72998,1114890396.0105674
ripple,2026-07-31 19:00:00+00:00,1.0643122563963203,66554927774.2708,1115139167.3180995
ripple,2026-07-31 20:00:00+00:00,1.061848968593521,66400890328.19491,1112413146.5946422
ripple,2026-07-31 21:00:00+00:00,1.0608477429697465,66338280413.9751,1109504770.7281694
ripple,2026-07-31 22:00:00+00:00,1.0595062831657882,66254394543.23747,1087263275.98643
ripple,2026-07-31 23:00:00+00:00,1.061048431240632,66350830108.19656,1090755381.6923614
ripple,2026-08-01 00:00:00+00:00,1.060602597938289,66322950693.05454,1076036179.213201
ripple,2026-08-01 01:00:00+00:00,1.0619643212212868,66408103705.437706,1060654244.4386816
ripple,2026-08-01 02:00:00+00:00,1.06397034508628,66533546941.33555,1023772477.3534008
ripple,2026-08-01 03:00:00+00:00,1.0647197717904926,66580411045.24041,1010495570.5634668
ripple,2026-08-01 04:00:00+00:00,1.0649064599865232,66592085268.97358,993568109.3500664
ripple,2026-08-01 05:00:00+00:00,1.0657707968260075,66646135079.617775,982536153.8010442
ripple,2026-08-01 06:00:00+00:00,1.062916423636057,66467641784.66956,973922256.4689718
ripple,2026-08-01 07:00:00+00:00,1.0630094340376923,66473458029.40966,962093342.142048
ripple,2026-08-01 08:00:00+00:00,1.061110228189883,66354694473.63006,951033638.1103206
ripple,2026-08-01 09:00:00+00:00,1.0615710390108422,66383510482.01691,938659103.4914098
ripple,2026-08-01 10:00:00+00:00,1.0604513180991506,66313490669.7324,920097531.275004
ripple,2026-08-01 11:00:00+00:00,1.0615748333212656,66383747752.6625,905393608.264788
ripple,2026-08-01 12:00:00+00:00,1.0627871742271124,66459559396.22999,892324898.4007536
ripple,2026-08-01 13:00:00+00:00,1.0635675019946969,66508355844.73438,867388730.5051821
ripple,2026-08-01 14:00:00+00:00,1.0626960682425786,66453862240.9224,826341382.6384834
ripple,2026-08-01 15:00:00+00:00,1.0648332865724943,66587509495.97425,683000197.3916216
ripple,2026-08-01 16:00:00+00:00,1.06209622425713,66416352033.849785,601626535.1464729
ripple,2026-08-01 17:00:00+00:00,1.060082278871418,66290413439.34253,572239163.3290367
ripple,2026-08-01 18:00:00+00:00,1.0582740715461052,66177340318.917725,561914816.862328
ripple,2026-08-01 19:00:00+00:00,1.052577836526983,65821136105.34734,597627863.1970348
ripple,2026-08-01 20:00:00+00:00,1.051633824477886,65762103943.15238,587492063.8854406
ripple,2026-08-01 21:00:00+00:00,1.0547767522357134,65958641499.36752,582078712.1993039
ripple,2026-08-01 22:00:00+00:00,1.059675995230648,66265007193.9434,589723069.7277893
ripple,2026-08-01 23:00:00+00:00,1.060078688380437,66290188914.193565,581757035.7579528
ripple,2026-08-02 00:00:00+00:00,1.059904049057053,66279268145.89036,582014062.5285059
ripple,2026-08-02 01:00:00+00:00,1.0615243175715603,66380588837.54818,592076543.8128446
ripple,2026-08-02 02:00:00+00:00,1.0655044756090817,66629481142.53237,619588291.0737475
ripple,2026-08-02 03:00:00+00:00,1.075111696049576,67230252071.06943,662410497.7012529
ripple,2026-08-02 04:00:00+00:00,1.07653706390489,67319384986.8017,681949453.277164
ripple,2026-08-02 05:00:00+00:00,1.0811632238577016,67608673905.2382,709747355.591243
ripple,2026-08-02 06:00:00+00:00,1.082151624350013,67670481822.02438,732576081.5365009
ripple,2026-08-02 07:00:00+00:00,1.0815543636633422,67633133157.07675,749211968.142151
ripple,2026-08-02 08:00:00+00:00,1.0829823621259105,67722430573.28785,755783059.3266895
ripple,2026-08-02 09:00:00+00:00,1.078867375462701,67465106993.18617,778901864.4427519
ripple,2026-08-02 10:00:00+00:00,1.0815891887275262,67635310882.28622,802942043.3746808
ripple,2026-08-02 11:00:00+00:00,1.0796706259383038,67515336873.62502,803792168.0073706
ripple,2026-08-02 12:00:00+00:00,1.0782282113433033,67425137969.484,815882057.2593181
ripple,2026-08-02 13:00:00+00:00,1.0763823421861236,67309709731.48473,826570423.6785252
ripple,2026-08-02 14:00:00+00:00,1.079689170730922,67516496540.18517,835419742.0940708
ripple,2026-08-02 15:00:00+00:00,1.080462376625118,67564847634.64414,838393613.1930275
ripple,2026-08-02 16:00:00+00:00,1.0788225637676965,67462304771.275696,836827204.2250565
ripple,2026-08-02 17:00:00+00:00,1.0796384278730529,67513323423.254265,833937521.5186224
ripple,2026-08-02 18:00:00+00:00,1.0811671575855708,67608919894.11284,790532610.0690663
ripple,2026-08-02 19:00:00+00:00,1.0801234752478932,67543655022.65622,782832337.2699866
ripple,2026-08-02 20:00:00+00:00,1.0810030212750958,67598655913.57222,738620143.2435358
ripple,2026-08-02 21:00:00+00:00,1.0804337782052675,67563059281.87814,753266793.2587746
ripple,2026-08-02 22:00:00+00:00,1.0855904772713112,67885524546.96515,776582840.3187617
ripple,2026-08-02 23:00:00+00:00,1.0846350428925762,67825778109.12456,803147801.6472497
ripple,2026-08-03 00:00:00+00:00,1.0855820463617205,67884997334.60288,812706136.669937
ripple,2026-08-03 01:00:00+00:00,1.0798533236729329,67526761560.75015,818853986.6281444
ripple,2026-08-03 02:00:00+00:00,1.074399909654438,67185741738.8484,808531275.9454768
ripple,2026-08-03 03:00:00+00:00,1.0728076359556995,67086171654.61839,786821143.2846041
ripple,2026-08-03 04:00:00+00:00,1.0704255849363618,66937214210.41546,787032582.306917
ripple,2026-08-03 05:00:00+00:00,1.0693967642667286,66872878687.68836,777506556.5414768
ripple,2026-08-03 06:00:00+00:00,1.07129213836438,66991402631.59327,770950598.4361084
ripple,2026-08-03 07:00:00+00:00,1.0674386721142255,66750432778.602936,774146407.2786913
ripple,2026-08-03 08:00:00+00:00,1.0671487872800056,66732305331.42904,786413899.7236227
ripple,2026-08-03 09:00:00+00:00,1.066508712969921,66692279390.5251,788630332.7480924
ripple,2026-08-03 10:00:00+00:00,1.0705863228854606,66947265680.29995,783655102.6081563
ripple,2026-08-03 11:00:00+00:00,1.0691397161149967,66856804625.71059,786466539.1194509
ripple,2026-08-03 12:00:00+00:00,1.063387899949465,66497124741.19623,810199836.2221835
ripple,2026-08-03 13:00:00+00:00,1.0648672745188146,66589634873.46468,820788060.1032327
ripple,2026-08-03 14:00:00+00:00,1.07487025024178,67215153674.70813,857180686.418999
ripple,2026-08-03 15:00:00+00:00,1.0812904328734425,67616628701.21464,946873006.014318
ripple,2026-08-03 16:00:00+00:00,1.0823490497426742,67682827477.79447,993054596.4422108
ripple,2026-08-03 17:00:00+00:00,1.08048758113769,67566423755.283295,1011812918.4830124
ripple,2026-08-03 18:00:00+00:00,1.079989770709917,67535294040.42134,1034342576.9060622
ripple,2026-08-03 19:00:00+00:00,1.080801612644218,67586061172.883446,1034350257.8137028
ripple,2026-08-03 20:00:00+00:00,1.078877305259851,67465727935.891815,1038857681.355318
ripple,2026-08-03 21:00:00+00:00,1.0822802776360827,67678526932.95007,1055941845.1985248
ripple,2026-08-03 22:00:00+00:00,1.0792003396245091,67485928331.66781,1031564716.7852318
ripple,2026-08-03 23:00:00+00:00,1.074788584455297,67210046845.87257,1021833996.2990464
ripple,2026-08-04 00:00:00+00:00,1.0746193498375003,67199464051.493706,1015375745.766194
ripple,2026-08-04 01:00:00+00:00,1.0694840469946978,66878336762.25344,1007998210.1863304
ripple,2026-08-04 02:00:00+00:00,1.0771673866271203,67358801129.010345,1013484202.713108
ripple,2026-08-04 03:00:00+00:00,1.0769356294352626,67344308593.50438,1012791124.047276
ripple,2026-08-04 04:00:00+00:00,1.0763257003828273,67306167734.19518,1002503141.2951648
ripple,2026-08-04 05:00:00+00:00,1.078660974553085,67452200068.97341,1010996787.214356
ripple,2026-08-04 06:00:00+00:00,1.0751907069845044,67235192883.35073,1005577778.4761568
ripple,2026-08-04 07:00:00+00:00,1.0725139308431415,67067805312.94025,994115616.7370422
ripple,2026-08-04 08:00:00+00:00,1.0773153751292042,67368055334.25737,989553446.8678696
ripple,2026-08-04 09:00:00+00:00,1.0736113191868843,67136428596.67975,969022076.4803696
ripple,2026-08-04 10:00:00+00:00,1.0718410629065207,67025728679.26972,963561106.4548414
ripple,2026-08-04 11:00:00+00:00,1.0742155198276095,67174211239.661606,988213557.7952044
ripple,2026-08-04 12:00:00+00:00,1.0776181808364422,67386990765.89761,981341169.5095484
ripple,2026-08-04 13:00:00+00:00,1.0755317221449603,67256517677.1203,977045841.5590688
ripple,2026-08-04 14:00:00+00:00,1.0712047508235345,66985938002.73608,976110806.3321916
ripple,2026-08-04 15:00:00+00:00,1.0751905927029386,67235185736.9505,938312231.87701
ripple,2026-08-04 16:00:00+00:00,1.076449687726861,67313921068.49863,916758737.0785898
ripple,2026-08-04 17:00:00+00:00,1.0733266178839167,67118625292.67533,906033421.3250772
ripple,2026-08-04 18:00:00+00:00,1.0729091214107729,67092517872.17998,899555404.0587984
ripple,2026-08-04 19:00:00+00:00,1.0761808431918736,67297109340.07864,900620135.3413875
ripple,2026-08-04 20:00:00+00:00,1.0796522742639214,67514189283.38004,923260350.433724
ripple,2026-08-04 21:00:00+00:00,1.0770901352871165,67353970349.956985,927753586.0818546
ripple,2026-08-04 22:00:00+00:00,1.0755746706325509,67259203386.57485,898528201.2580208
ripple,2026-08-04 23:00:00+00:00,1.075160436630792,67233299979.08985,900284924.0014532
ripple,2026-08-05 00:00:00+00:00,1.072998446526268,67098103663.91963,919508794.1132716
ripple,2026-08-05 01:00:00+00:00,1.069327687220501,66868559073.97077,922826272.8918498
ripple,2026-08-05 02:00:00+00:00,1.0722897332343004,67053785502.89491,918900141.3612348
ripple,2026-08-05 03:00:00+00:00,1.0733321033147254,67118968314.61188,927038240.323936
ripple,2026-08-05 04:00:00+00:00,1.0668514911950504,66713714434.497375,950028671.3791586
ripple,2026-08-05 05:00:00+00:00,1.0662307866168423,66674899746.30457,943839949.2479808
ripple,2026-08-05 06:00:00+00:00,1.0689596575451787,66845544974.19633,940948375.3739164
ripple,2026-08-05 07:00:00+00:00,1.0678772869895463,66777860801.88488,932898020.6889454
ripple,2026-08-05 08:00:00+00:00,1.066020596452056,66661755867.56772,930146580.0690736
ripple,2026-08-05 09:00:00+00:00,1.064756121871925,66582684134.76821,925676727.9636931
ripple,2026-08-05 10:00:00+00:00,1.0636121429412246,66511147389.18394,927480757.4741884
ripple,2026-08-05 11:00:00+00:00,1.060991161745941,66347248859.310326,932307673.8034042
ripple,2026-08-05 12:00:00+00:00,1.0602932491554773,66303606101.49004,932159907.104204
ripple,2026-08-05 13:00:00+00:00,1.0631740120075328,66483749628.35549,955968108.0973312
ripple,2026-08-05 14:00:00+00:00,1.0606628117299832,66326716058.466,978430494.4357384
ripple,2026-08-05 15:00:00+00:00,1.064204124994424,66548165963.90912,982507065.2731122
ripple,2026-08-05 16:00:00+00:00,1.060047756025558,66288254612.83372,987440160.7921976
ripple,2026-08-05 17:00:00+00:00,1.0663401602948446,66681739240.255806,1005358148.423708
ripple,2026-08-05 18:00:00+00:00,1.0694595470041324,66876804697.68051,1015927590.639279
ripple,2026-08-05 19:00:00+00:00,1.0684243853934108,66812072655.15989,1019323692.0971904
ripple,2026-08-05 20:00:00+00:00,1.069515389273524,66880296697.49897,1013708325.4108988
ripple,2026-08-05 21:00:00+00:00,1.0690313304743042,66850026916.96514,1000851008.5453032
ripple,2026-08-05 22:00:00+00:00,1.0643890601288044,66559730562.96137,1010726502.25107
ripple,2026-08-05 23:00:00+00:00,1.0613350946434312,66368756108.72335,1015778880.4791796
ripple,2026-08-06 00:00:00+00:00,1.0612634403442796,66364275330.94776,1015313433.8962332
ripple,2026-08-06 01:00:00+00:00,1.0619085335822471,66404615121.83392,996009067.4173598
ripple,2026-08-06 02:00:00+00:00,1.0533472598583538,65869250663.77649,1015760315.0703828
ripple,2026-08-06 03:00:00+00:00,1.0463428920759583,65431244628.36713,1105518791.7465484
ripple,2026-08-06 04:00:00+00:00,1.0422605381313217,65175961678.93057,1113848981.4127502
ripple,2026-08-06 05:00:00+00:00,1.0466482183247434,65450337677.71739,1158114619.6426103
ripple,2026-08-06 06:00:00+00:00,1.0508848097444603,65715265601.12877,1202332658.2628584
ripple,2026-08-06 07:00:00+00:00,1.0503705810384574,65683109197.60922,1214394285.5028744
ripple,2026-08-06 08:00:00+00:00,1.0479892336342902,65534195752.7651,1220556356.9232533
ripple,2026-08-06 09:00:00+00:00,1.0548525881577662,65963383767.70521,1264665661.0815878
ripple,2026-08-06 10:00:00+00:00,1.0441897901541974,65296604120.34681,1309487665.7579498
ripple,2026-08-06 11:00:00+00:00,1.0463184482656205,65429716076.92764,1297060725.5023215
ripple,2026-08-06 12:00:00+00:00,1.0492679694707032,65614159288.58212,1294604593.230924
ripple,2026-08-06 13:00:00+00:00,1.0454967115810834,65378330193.358086,1274277986.4553604
ripple,2026-08-06 14:00:00+00:00,1.0447815047212414,65333605968.28751,1247470622.449154
ripple,2026-08-06 15:00:00+00:00,1.04677055668832,65457987895.87746,1273359955.0354695
ripple,2026-08-06 16:00:00+00:00,1.0489879757645364,65596650366.00871,1289288448.3567402
ripple,2026-08-06 17:00:00+00:00,1.0451724669637346,65358054116.52147,1297762935.26137
ripple,2026-08-06 18:00:00+00:00,1.0407998442346502,65084619710.24703,1305852231.112884
ripple,2026-08-06 19:00:00+00:00,1.034985104540963,64721005011.63415,1348436604.8258822
ripple,2026-08-06 20:00:00+00:00,1.035063564558108,64725911373.22388,1387874400.6428356
ripple,2026-08-06 21:00:00+00:00,1.032585854782219,64570972073.98264,1403814868.766793
ripple,2026-08-06 22:00:00+00:00,1.035239319853558,64736901926.91178,1414186448.4967113
ripple,2026-08-06 23:00:00+00:00,1.0365353405198383,64817946339.6956,1414542222.7600324
ripple,2026-08-07 00:00:00+00:00,1.0338663628577869,64651046433.712685,1428219247.068218
ripple,2026-08-07 01:00:00+00:00,1.035344893933646,64743503819.57332,1446992016.4919698
ripple,2026-08-07 02:00:00+00:00,1.0369631922952949,64844701311.12663,1423554830.5653613
ripple,2026-08-07 03:00:00+00:00,1.029784524520791,64395795726.909,1354732353.1407
ripple,2026-08-07 04:00:00+00:00,1.0199445636764768,63780470779.40494,1378732606.135054
ripple,2026-08-07 05:00:00+00:00,1.019607422329553,63759388227.87048,1394733522.977277
ripple,2026-08-07 06:00:00+00:00,1.020205955358685,63796816456.555244,1423278623.7931118
ripple,2026-08-07 07:00:00+00:00,1.0249129277781317,64091158842.94517,1448341444.461358
ripple,2026-08-07 08:00:00+00:00,1.027559760527374,64256673955.07295,1453843930.4701402
ripple,2026-08-07 09:00:00+00:00,1.0306486875731924,64449834670.07827,1440434727.2094631
ripple,2026-08-07 10:00:00+00:00,1.0349508005160608,64718859868.71578,1435757272.5241334
ripple,2026-08-07 11:00:00+00:00,1.0339122271846892,64653914480.13992,1454506796.80783
ripple,2026-08-07 12:00:00+00:00,1.0327598480790643,64581852444.13262,1475756330.326831
ripple,2026-08-07 13:00:00+00:00,1.0372965168872308,64865545188.48345,1566074855.8502254
ripple,2026-08-07 14:00:00+00:00,1.035779993676714,64770712030.13414,1578683365.3818736
ripple,2026-08-07 15:00:00+00:00,1.026263248677342,64175598826.96202,1593329268.9979126
ripple,2026-08-07 16:00:00+00:00,1.0273468257313227,64243358445.5628,1589656791.9058442
ripple,2026-08-07 17:00:00+00:00,1.015160733215014,63481322208.17168,1601416684.4525392
ripple,2026-08-07 18:00:00+00:00,1.0159819469107725,63532675387.541695,1646753611.019933
ripple,2026-08-07 19:00:00+00:00,1.017487423326014,63626817753.63785,1620421893.1745486
ripple,2026-08-07 20:00:00+00:00,1.0231386213058509,63980205653.78253,1608139893.4525156
ripple,2026-08-07 21:00:00+00:00,1.0249943711117269,64096251761.07381,1593967358.5598626
ripple,2026-08-07 22:00:00+00:00,1.022550969214319,63943457845.72786,1586874946.4364462
ripple,2026-08-07 23:00:00+00:00,1.0199024119047695,63777834891.20138,1586305517.070718
ripple,2026-08-08 00:00:00+00:00,1.0205863784917084,63820605559.790565,1562193664.467323
ripple,2026-08-08 01:00:00+00:00,1.0244607177353284,64062880669.35779,1551434135.0828488
ripple,2026-08-08 02:00:00+00:00,1.0296246863088083,64385800520.53027,1554694788.4186296
ripple,2026-08-08 03:00:00+00:00,1.030700367379104,64453066377.43592,1548931938.369583
ripple,2026-08-08 04:00:00+00:00,1.036951628606321,64843978195.81923,1500590313.3115177
ripple,2026-08-08 05:00:00+00:00,1.0344221646549394,64685802538.64712,1445988485.5590844
ripple,2026-08-08 06:00:00+00:00,1.0325832066330063,64570806476.54775,1384549678.047225
ripple,2026-08-08 07:00:00+00:00,1.0343163499405663,64679185598.3364,1351217815.696154
ripple,2026-08-08 08:00:00+00:00,1.034236416696053,64674187111.01898,1332603613.3789997
ripple,2026-08-08 09:00:00+00:00,1.0353636452390222,64744676400.05192,1315462789.7979252
ripple,2026-08-08 10:00:00+00:00,1.035242695967168,64737113046.34231,1272423523.1794727
ripple,2026-08-08 11:00:00+00:00,1.038835727639428,64961797073.04666,1240964662.1510775
ripple,2026-08-08 12:00:00+00:00,1.0373810199269384,64870829440.04652,1203244106.1702983
ripple,2026-08-08 13:00:00+00:00,1.0405661290036845,65070004732.14902,1114980285.191789
ripple,2026-08-08 14:00:00+00:00,1.0410557023163325,65100619353.25074,1068591953.7583808
ripple,2026-08-08 15:00:00+00:00,1.044232049556283,65299246739.03006,1000920107.0733676
ripple,2026-08-08 16:00:00+00:00,1.0448190956942869,65335956654.828,980866247.0962864
ripple,2026-08-08 17:00:00+00:00,1.0466629255244249,65451257367.03477,926520744.4169744
ripple,2026-08-08 18:00:00+00:00,1.0452985775956107,65365940226.961,857574359.0212301
ripple,2026-08-08 19:00:00+00:00,1.0413943787572997,65121797899.238495,829367962.6029483
ripple,2026-08-08 20:00:00+00:00,1.0417491758633906,65143984523.16252,798494109.4550016
ripple,2026-08-08 21:00:00+00:00,1.0418410047454938,65149726883.62041,778251747.9315038
ripple,2026-08-08 22:00:00+00:00,1.0423985320562172,65184590890.56422,757434740.0687214
ripple,2026-08-08 23:00:00+00:00,1.038182603524484,64920955085.14651,744946304.4161944
ripple,2026-08-09 00:00:00+00:00,1.0389339261257766,64967937745.699066,741306471.896341
ripple,2026-08-09 01:00:00+00:00,1.0387938224318034,64959176603.30194,736078793.6111223
ripple,2026-08-09 02:00:00+00:00,1.035412019740066,64747701415.88138,724782200.8216454
ripple,2026-08-09 03:00:00+00:00,1.034472311742314,64688938400.09966,679402869.8294544
ripple,2026-08-09 04:00:00+00:00,1.0364357477897566,64811718480.42064,658335767.6684862
ripple,2026-08-09 05:00:00+00:00,1.0369707554671257,64845174261.007576,638892783.704039
ripple,2026-08-09 06:00:00+00:00,1.0356988824535238,64765639879.95578,627243170.3538963
ripple,2026-08-09 07:00:00+00:00,1.0403311306624596,65055309516.96823,628569322.3594645
ripple,2026-08-09 08:00:00+00:00,1.03644788652735,64812477555.399765,640962059.432064
ripple,2026-08-09 09:00:00+00:00,1.0328763117265658,64589135297.07469,649070297.0921543
ripple,2026-08-09 10:00:00+00:00,1.0349108692702895,64716362837.26448,636080469.9812007
ripple,2026-08-09 11:00:00+00:00,1.0358385903326732,64774376270.75689,624271381.0175704
ripple,2026-08-09 12:00:00+00:00,1.0361670014425477,64794912892.00372,615781903.2588779
ripple,2026-08-09 13:00:00+00:00,1.0364466533104333,64812400438.31093,599980856.2521716
ripple,2026-08-09 14:00:00+00:00,1.037869354714578,64901366612.12708,592402345.5977803
ripple,2026-08-09 15:00:00+00:00,1.0409686637983262,65095176549.93369,581504974.3266239
ripple,2026-08-09 16:00:00+00:00,1.0426091686823222,65197762687.98813,569386564.6970807
ripple,2026-08-09 17:00:00+00:00,1.0431459917231931,65231331989.19463,556754917.1703948
ripple,2026-08-09 18:00:00+00:00,1.0407639224684069,65082373404.66941,547644420.0721226
ripple,2026-08-09 19:00:00+00:00,1.0394718380337675,65001575137.32931,541813140.9275109
ripple,2026-08-09 20:00:00+00:00,1.0410257888138237,65098748764.06323,534074250.4235474
ripple,2026-08-09 21:00:00+00:00,1.0411610934850977,65107209807.86879,533868712.69220906
ripple,2026-08-09 22:00:00+00:00,1.0422719895837995,65176677775.72268,573231586.1488918
ripple,2026-08-09 23:00:00+00:00,1.0363809243793187,64808290193.18623,571817680.6235322
ripple,2026-08-10 00:00:00+00:00,1.0290585227104907,64350396458.265656,628838812.6930692
ripple,2026-08-10 01:00:00+00:00,1.0305149183204954,64441469641.02015,655815782.9489381
ripple,2026-08-10 02:00:00+00:00,1.036399022863349,64809421950.61007,678020945.6679899
ripple,2026-08-10 03:00:00+00:00,1.034038997729898,64661841857.11934,662157963.0081931
ripple,2026-08-10 04:00:00+00:00,1.030189365022559,64421111728.10445,706818833.6148102
ripple,2026-08-10 05:00:00+00:00,1.0309900569164212,64471181612.0555,675588299.5139139
ripple,2026-08-10 06:00:00+00:00,1.0347909942259443,64708866658.515816,683828331.1700976
ripple,2026-08-10 07:00:00+00:00,1.0376356236354978,64886750642.994606,674398219.5731983
ripple,2026-08-10 08:00:00+00:00,1.0367055253056965,64828588551.19224,670355860.0016111
ripple,2026-08-10 09:00:00+00:00,1.0332271454894877,64611074080.18247,678229076.5901604
ripple,2026-08-10 10:00:00+00:00,1.029826871139962,64398443799.56197,695366552.6968869
ripple,2026-08-10 11:00:00+00:00,1.0313759405028409,64495312175.308044,734977227.6891636
ripple,2026-08-10 12:00:00+00:00,1.033669117945479,64638712063.96963,721716836.0167934
ripple,2026-08-10 13:00:00+00:00,1.0276477307156409,64262175018.77978,775870808.0185274
ripple,2026-08-10 14:00:00+00:00,1.0247769327750562,64082654630.43334,820452957.0508358
ripple,2026-08-10 15:00:00+00:00,1.026034596158946,64161300436.84598,857594428.5071241
ripple,2026-08-10 16:00:00+00:00,1.022305727589784,63928122084.52611,896048357.863116
ripple,2026-08-10 17:00:00+00:00,1.0178807972995916,63651416715.30759,963126791.2839282
ripple,2026-08-10 18:00:00+00:00,1.0189939640986128,63721026677.482056,994876611.8141296
ripple,2026-08-10 19:00:00+00:00,1.016848637805223,63586872404.945305,999393143.4287788
ripple,2026-08-10 20:00:00+00:00,1.0195918648181874,63758415365.78131,1018202649.4057324
ripple,2026-08-10 21:00:00+00:00,1.01869194664443,63702140537.88449,1026049633.7940214
ripple,2026-08-10 22:00:00+00:00,1.016347820959206,63555554688.91368,993302684.2328732
ripple,2026-08-10 23:00:00+00:00,1.0106665234465533,63200284566.4977,1028447839.2221172
ripple,2026-08-11 00:00:00+00:00,1.0112911348316656,63239343560.10912,1020475456.1891596
ripple,2026-08-11 01:00:00+00:00,1.0118388424472349,63273593509.38534,1023278729.107119
ripple,2026-08-11 02:00:00+00:00,1.0148014244631238,63458853456.27391,1017269774.9862514
ripple,2026-08-11 03:00:00+00:00,1.0124401817349389,63311197222.60054,1000786173.7125376
ripple,2026-08-11 04:00:00+00:00,1.0135644481976802,63381501283.06505,992848626.1784708
ripple,2026-08-11 05:00:00+00:00,1.0121336328621648,63292027718.57188,987264936.6588236
ripple,2026-08-11 06:00:00+00:00,1.0092308549248283,63110507516.39144,991424545.4680984
ripple,2026-08-11 07:00:00+00:00,1.0049896701713927,62845292356.79346,1040601822.655356
ripple,2026-08-11 08:00:00+00:00,1.0036605979867976,62762181124.42634,1068592435.5170822
ripple,2026-08-11 09:00:00+00:00,1.00473956040821,62829652174.95375,1063158907.825862
ripple,2026-08-11 10:00:00+00:00,1.005909180910889,62902792371.93194,1059077622.2222962
ripple,2026-08-11 11:00:00+00:00,1.004648864194849,62823980643.97836,1066478625.6486129
ripple,2026-08-11 12:00:00+00:00,1.0073571222061477,62993336878.72319,1088498470.6285272
ripple,2026-08-11 13:00:00+00:00,1.0047797687350082,62832166533.18827,1087614966.5533645
ripple,2026-08-11 14:00:00+00:00,1.007695089462319,63014471077.06524,1076678936.8388934
ripple,2026-08-11 15:00:00+00:00,0.9942478183302242,62173569214.30935,834850302.8262881
ripple,2026-08-11 16:00:00+00:00,1.00262764483916,62697587184.32835,1229782284.7459457
ripple,2026-08-11 17:00:00+00:00,1.0090763847327653,63100847989.86222,1221813296.1142
ripple,2026-08-11 18:00:00+00:00,1.0135220453295792,63378849692.982414,1253178066.4501803
ripple,2026-08-11 19:00:00+00:00,1.011859448124758,63274882049.82171,1278568767.8447597
ripple,2026-08-11 20:00:00+00:00,1.0143838226918167,63432739451.13988,1300633551.0564172
ripple,2026-08-11 21:00:00+00:00,1.0166446278602552,63574114995.57511,1347200992.4627318
ripple,2026-08-11 22:00:00+00:00,1.0233742643903696,63994941186.871056,1393613381.286735
ripple,2026-08-11 23:00:00+00:00,1.0203382168313482,63951676004.29036,1324957143.8268816
ripple,2026-08-12 00:00:00+00:00,1.0217976248782756,64043147233.178566,1325001635.0299733
ripple,2026-08-12 01:00:00+00:00,1.0211792080371431,64004386758.65424,1312060527.1814747
ripple,2026-08-12 02:00:00+00:00,1.0219510804370917,64052765357.8519,1316511832.5088868
ripple,2026-08-12 03:00:00+00:00,1.0199673016294637,63928428174.86999,1328031567.3248312
ripple,2026-08-12 04:00:00+00:00,1.0190840691257157,63873069865.25814,1324469207.9877353
ripple,2026-08-12 05:00:00+00:00,1.0193053828134182,63886941129.72496,1329739562.948289
ripple,2026-08-12 06:00:00+00:00,1.0206319255343768,63970084766.70451,1329768658.8259976
ripple,2026-08-12 07:00:00+00:00,1.0186554162654926,63846203216.157776,1232845964.2648945
ripple,2026-08-12 08:00:00+00:00,1.019196187948095,63880097129.83033,1255923723.1277645
ripple,2026-08-12 09:00:00+00:00,1.0162672840588478,63696522399.91917,1247262319.6271317
ripple,2026-08-12 10:00:00+00:00,1.0231060640068872,64125156192.40794,1270986006.1316743
ripple,2026-08-12 11:00:00+00:00,1.0204198470702202,63956792337.77898,1266189450.350879
ripple,2026-08-12 12:00:00+00:00,1.0213500809256677,64015096548.23633,1247336542.627673
ripple,2026-08-12 13:00:00+00:00,1.0164447526791096,63707645589.775925,1305733410.9664822
ripple,2026-08-12 14:00:00+00:00,1.013979260876442,63553116110.86932,1303768580.4727938
ripple,2026-08-12 15:00:00+00:00,1.0083034160234103,63197371530.19594,1216698250.980426
ripple,2026-08-12 16:00:00+00:00,1.0116415350938832,63406594614.9899,1109847188.573649
ripple,2026-08-12 17:00:00+00:00,1.0078845859758332,63171120544.92294,1062836402.08742
ripple,2026-08-12 18:00:00+00:00,1.0092769841723688,63258391801.51699,1028901651.6825728
ripple,2026-08-12 19:00:00+00:00,1.0081949668876695,63190574270.34874,993206897.7916064
ripple,2026-08-12 20:00:00+00:00,1.0064738986878172,63082702984.06088,970429903.8134294
ripple,2026-08-12 21:00:00+00:00,1.0082789243303762,63195836465.84975,928880234.6728152
ripple,2026-08-12 22:00:00+00:00,1.003858518843854,62918778981.55836,907131400.5616584
ripple,2026-08-12 23:00:00+00:00,1.003394563193818,62889699661.660286,904038170.2952464
ripple,2026-08-13 00:00:00+00:00,1.004539209819031,62961442608.17304,910494773.9408548
ripple,2026-08-13 01:00:00+00:00,1.0035707211837437,62900740705.21961,907195582.9181012
ripple,2026-08-13 02:00:00+00:00,1.0036644956940588,62906618204.46665,901679401.843027
ripple,2026-08-13 03:00:00+00:00,1.0059952378428485,63052701987.55951,907867600.3868564
ripple,2026-08-13 04:00:00+00:00,1.0096701346549255,63283033270.26399,937186250.6708152
ripple,2026-08-13 05:00:00+00:00,1.0098060227618957,63291550320.832535,940607168.7082294
ripple,2026-08-13 06:00:00+00:00,1.0127082353887664,63473452124.12437,951748535.7211604
ripple,2026-08-13 07:00:00+00:00,1.0136823122702103,63534504281.240295,905425341.5570186
ripple,2026-08-13 08:00:00+00:00,1.0123854643222736,63453221821.73306,892480956.3450288
ripple,2026-08-13 09:00:00+00:00,1.0118230777448347,63417973152.61899,877475024.1027648
ripple,2026-08-13 10:00:00+00:00,1.011739424060536,63412729995.76512,858698026.9637959
ripple,2026-08-13 11:00:00+00:00,1.007028875306501,63117487219.64334,871866821.2054237
ripple,2026-08-13 12:00:00+00:00,1.002919320534739,62859912906.58686,910495081.084085
ripple,2026-08-13 13:00:00+00:00,1.00476843588653,62975809796.38436,862633405.8794341
ripple,2026-08-13 14:00:00+00:00,1.0054273464338064,63017108292.45176,852079990.6103703
ripple,2026-08-13 15:00:00+00:00,1.0091407307253235,63249851852.550896,849065397.6850361
ripple,2026-08-13 16:00:00+00:00,1.0027940426852393,62852060874.47674,850066810.006001
ripple,2026-08-13 17:00:00+00:00,1.0035184252757878,62897462957.79552,884382424.4936635
ripple,2026-08-13 18:00:00+00:00,1.0057669363951136,63038392751.68457,878543182.6128042
ripple,2026-08-13 19:00:00+00:00,1.008010052783438,63178984420.34864,885053977.9158028
ripple,2026-08-13 20:00:00+00:00,1.0091267351567477,63248974653.15533,893175511.3723209
ripple,2026-08-13 21:00:00+00:00,1.0079973109244469,63178185799.63204,894798942.6362396
ripple,2026-08-13 22:00:00+00:00,1.007280907064673,63133283798.73399,865656126.5280951
ripple,2026-08-13 23:00:00+00:00,1.0081571199169044,63188202138.0771,857869005.0509601
ripple,2026-08-14 00:00:00+00:00,1.0084078498627047,63203917123.55338,833646703.4277709
ripple,2026-08-14 01:00:00+00:00,1.0110615760512036,63370244557.54681,825837778.2324805
ripple,2026-08-14 02:00:00+00:00,1.0105500746647504,63338185216.43559,820615738.4884831
ripple,2026-08-14 03:00:00+00:00,1.0106817686818044,63346439394.28703,801857474.5995001
ripple,2026-08-14 04:00:00+00:00,1.0090502838060114,63244182916.521614,775037141.5365251
ripple,2026-08-14 05:00:00+00:00,1.0081551123348993,63188076308.982574,758848136.9640231
ripple,2026-08-14 06:00:00+00:00,1.0089045159483685,63235046633.424446,743544846.4818672
ripple,2026-08-14 07:00:00+00:00,1.0054899729623954,63021033531.55339,744196080.2665122
ripple,2026-08-14 08:00:00+00:00,1.00372214472346,62910231469.15614,753392569.4223549
ripple,2026-08-14 09:00:00+00:00,1.005976452375002,63051524571.94037,766074130.189335
ripple,2026-08-14 10:00:00+00:00,1.0026547395186989,62843329778.42837,781831345.6917787
ripple,2026-08-14 11:00:00+00:00,1.0017122162742071,62784255306.68564,777518726.5283774
ripple,2026-08-14 12:00:00+00:00,1.0018340221564992,62791889726.51943,773619574.5174216
ripple,2026-08-14 13:00:00+00:00,1.000095090675843,62682898824.473305,780541124.6236048
ripple,2026-08-14 14:00:00+00:00,1.001442978239777,62767380290.87041,798453986.2162143
ripple,2026-08-14 15:00:00+00:00,1.0006274489814788,62716265413.43235,793439765.565975
ripple,2026-08-14 16:00:00+00:00,1.0060613063600838,63056842959.97298,807333230.5347931
ripple,2026-08-14 17:00:00+00:00,1.001395317355502,62764393052.54204,784932443.8967911
ripple,2026-08-14 18:00:00+00:00,1.0000361591223048,62679205175.09692,797645399.680777
ripple,2026-08-14 19:00:00+00:00,0.9989088429151602,62608548446.1374,813742637.0540706
ripple,2026-08-14 20:00:00+00:00,0.998112551235336,62558639321.22862,831139502.2395211
ripple,2026-08-14 21:00:00+00:00,0.997826017572327,62540680268.3589,853057485.7840619
ripple,2026-08-14 22:00:00+00:00,0.9972977357478496,62507569180.76006,876316791.656128
ripple,2026-08-14 23:00:00+00:00,0.9920289422889108,62177337335.415726,949292983.3482271
ripple,2026-08-15 00:00:00+00:00,0.9986457958160456,62592061459.19626,974435976.6481216
ripple,2026-08-15 01:00:00+00:00,0.9998679340001526,62668661339.40578,982872510.92478
ripple,2026-08-15 02:00:00+00:00,1.001238836415689,62754585306.24899,985092409.1625004
ripple,2026-08-15 03:00:00+00:00,1.0052062342623056,63003249658.40359,998531443.9477936
ripple,2026-08-15 04:00:00+00:00,1.0038560108892935,62918621790.643776,1005933594.182248
ripple,2026-08-15 05:00:00+00:00,1.004264612981413,62944231718.97818,1003733141.885808
ripple,2026-08-15 06:00:00+00:00,1.0035818665840566,62901439264.7933,1004854845.213096
ripple,2026-08-15 07:00:00+00:00,1.0047049949406135,62971833512.09772,996513793.6432196
ripple,2026-08-15 08:00:00+00:00,1.0019553679591686,62799495309.97086,982448812.1378034
ripple,2026-08-15 09:00:00+00:00,1.0006926666153355,62720353055.08037,970935363.4101032
ripple,2026-08-15 10:00:00+00:00,1.0020106440985792,62802959849.17957,941433783.6604393
ripple,2026-08-15 11:00:00+00:00,1.002092340855277,62808080351.80191,921292246.4554478
ripple,2026-08-15 12:00:00+00:00,1.0015524355751102,62774240741.5818,894558254.960166
ripple,2026-08-15 13:00:00+00:00,1.001669436856053,62781574023.71072,860583906.7198975
ripple,2026-08-15 14:00:00+00:00,1.0008447582340911,62729885692.16596,822148018.6960641
ripple,2026-08-15 15:00:00+00:00,1.0009089663259894,62733910058.814384,786362097.5911026
ripple,2026-08-15 16:00:00+00:00,1.0014031733021151,62764885439.22736,747845719.5572613
ripple,2026-08-15 17:00:00+00:00,1.0017590897087882,62787193190.07772,710052884.780992
ripple,2026-08-15 18:00:00+00:00,1.001665501175924,62781327347.32802,680858059.6967715
ripple,2026-08-15 19:00:00+00:00,1.0015158170444065,62771945604.17277,653026725.2765899
ripple,2026-08-15 20:00:00+00:00,1.0031086693083218,62871780708.0866,614196316.5500861
ripple,2026-08-15 21:00:00+00:00,1.0029829182437158,62863899016.30223,577418233.6640619
ripple,2026-08-15 22:00:00+00:00,1.0033633374264004,62887742526.145874,554927107.0861915
ripple,2026-08-15 23:00:00+00:00,1.0035124578869137,62897088940.12807,473677840.74713707
ripple,2026-08-16 00:00:00+00:00,1.001843753853044,62792499679.468506,458599167.0229421
ripple,2026-08-16 01:00:00+00:00,1.0009189286709306,62734534468.098885,444943124.1653224
ripple,2026-08-16 02:00:00+00:00,1.0002113345359172,62690184633.78077,434455710.7791194
ripple,2026-08-16 03:00:00+00:00,1.0016893671429772,62782823193.085175,421081376.7017357
ripple,2026-08-16 04:00:00+00:00,1.001448772990812,62767743488.12659,408318370.3284308
ripple,2026-08-16 05:00:00+00:00,1.000111815495165,62683947084.95092,401040427.43627167
ripple,2026-08-16 06:00:00+00:00,0.9995237843531584,62647091093.03208,393283043.877536
ripple,2026-08-16 07:00:00+00:00,0.9995893167848976,62651198465.24769,392700371.3269941
ripple,2026-08-16 08:00:00+00:00,1.001767504438437,62787720599.57323,384511448.9566179
ripple,2026-08-16 09:00:00+00:00,1.0008928160276085,62732897807.55064,377554455.8391193
ripple,2026-08-16 10:00:00+00:00,0.9996216550686232,62653225329.8787,377176314.8300671
ripple,2026-08-16 11:00:00+00:00,0.999437430709874,62641678711.014015,385548400.15876025
ripple,2026-08-16 12:00:00+00:00,0.9992123922377067,62627573988.45914,384479608.6421077
ripple,2026-08-16 13:00:00+00:00,0.9992871551197748,62632259897.04543,382447580.1682698
ripple,2026-08-16 14:00:00+00:00,0.9994380783198884,62641719301.22728,379632372.699126
ripple,2026-08-16 15:00:00+00:00,1.0002611016684702,62693303885.30364,377814009.01912826
ripple,2026-08-16 16:00:00+00:00,1.001189232184669,62751476264.89554,372255785.6754213
ripple,2026-08-16 17:00:00+00:00,1.001962290877522,62799929217.30104,376553781.7314523
ripple,2026-08-16 18:00:00+00:00,1.000126058431224,62684839788.58308,383675595.0887847
ripple,2026-08-16 19:00:00+00:00,0.9985418158493176,62585544313.18189,402786670.29397273
ripple,2026-08-16 20:00:00+00:00,1.0003144241936368,62696645977.95187,419267480.15482014
ripple,2026-08-16 21:00:00+00:00,0.9985716207247862,62587412391.53853,427734655.4103881
ripple,2026-08-16 22:00:00+00:00,0.9950956522275828,62369549326.65734,450860275.6103454
ripple,2026-08-16 23:00:00+00:00,0.9929867104644904,62237367312.77177,471427444.3214016
ripple,2026-08-17 00:00:00+00:00,0.9927072784932938,62219853372.20536,475452897.1349322
ripple,2026-08-17 01:00:00+00:00,0.9927910664202574,62225104942.97852,512232834.1614166
ripple,2026-08-17 02:00:00+00:00,0.9985175841615878,62584025545.17225,544692268.7733881
ripple,2026-08-17 03:00:00+00:00,1.0016216130950124,62778576576.76527,568457359.8657207
ripple,2026-08-17 04:00:00+00:00,1.0017202645146068,62784759745.75688,583771851.3457822
ripple,2026-08-17 05:00:00+00:00,1.0013343302763873,62760570569.114815,595165899.2013893
ripple,2026-08-17 06:00:00+00:00,1.0005789607444378,62713226319.16525,606445702.5363578
ripple,2026-08-17 07:00:00+00:00,1.0053553842087155,63012597920.47152,639588112.3739809
ripple,2026-08-17 08:00:00+00:00,1.0023026450351682,62821261574.02104,655224293.9001722
ripple,2026-08-17 09:00:00+00:00,0.9974870234224076,62519433152.76,680997534.6083372
ripple,2026-08-17 10:00:00+00:00,0.9961993924433872,62438728384.64973,694461222.6024399
ripple,2026-08-17 11:00:00+00:00,1.0011267373454844,62747559279.682655,702739554.2636846
ripple,2026-08-17 12:00:00+00:00,0.9995561261221172,62649118176.10682,711849774.9108618
ripple,2026-08-17 13:00:00+00:00,0.9971382849675798,62497575293.95839,727892866.7644356
ripple,2026-08-17 14:00:00+00:00,0.9997885604901284,62663686450.7731,757169410.2281044
ripple,2026-08-17 15:00:00+00:00,1.0034309913315551,62891982865.821,791932732.8021857
ripple,2026-08-17 16:00:00+00:00,1.00587365648519,63045081640.24243,836416710.122768
ripple,2026-08-17 17:00:00+00:00,1.0022155444650438,62815802376.91512,847905369.7473375
ripple,2026-08-17 18:00:00+00:00,1.000593503736424,62714137829.38441,857357707.2696576
ripple,2026-08-17 19:00:00+00:00,1.0006606317500228,62718345207.78666,852721019.3608712
ripple,2026-08-17 20:00:00+00:00,1.000355239097168,62699204131.16393,871543943.1914656
ripple,2026-08-17 21:00:00+00:00,1.0028071823133593,62852884426.14469,879541289.714713
ripple,2026-08-17 22:00:00+00:00,1.0012172763419789,62753233986.82785,856010226.2234703
ripple,2026-08-17 23:00:00+00:00,0.9993808233790916,62638130736.80512,836336932.5771905
ripple,2026-08-18 00:00:00+00:00,1.0024131723623284,62828189088.54473,833509753.6714206
ripple,2026-08-18 01:00:00+00:00,1.0018735032854778,62794364282.82544,820135576.5675341
ripple,2026-08-18 02:00:00+00:00,0.9954734195822696,62393226628.03979,806588038.1768731
ripple,2026-08-18 03:00:00+00:00,0.9898999409740572,62043898050.23139,846836485.931379
ripple,2026-08-18 04:00:00+00:00,0.9902806039908432,62067756842.85008,863179181.5052738
ripple,2026-08-18 05:00:00+00:00,0.9939240658162138,62296117876.815575,874629208.7133523
ripple,2026-08-18 06:00:00+00:00,0.9943983380284108,62325843807.24916,891197288.262223
ripple,2026-08-18 07:00:00+00:00,0.9972271402566656,62503144471.47731,881354797.9200902
ripple,2026-08-18 08:00:00+00:00,0.995498714056833,62394812008.27478,879612997.5788709
ripple,2026-08-18 09:00:00+00:00,0.9957702512915408,62411831130.92517,871032756.7724173
ripple,2026-08-18 10:00:00+00:00,0.9949826034368356,62362463774.514656,860990820.3986685
ripple,2026-08-18 11:00:00+00:00,0.9951682791618516,62374101360.57407,850259935.6629018
ripple,2026-08-18 12:00:00+00:00,0.9978160710621732,62540056851.5504,861379406.6168604
ripple,2026-08-18 13:00:00+00:00,0.9968069803648651,62476810135.63928,854246542.3703554
ripple,2026-08-18 14:00:00+00:00,0.9972924269829148,62507236443.62498,848361357.3655747
ripple,2026-08-18 15:00:00+00:00,1.0003678580225086,62699995046.77564,868409846.2771034
ripple,2026-08-18 16:00:00+00:00,1.0031285570232165,62873027209.17656,857206956.0479678
ripple,2026-08-18 17:00:00+00:00,1.0015408081100186,62773511967.66348,846577094.4380479
ripple,2026-08-18 18:00:00+00:00,0.999818622576732,62665570650.33632,836381769.8837487
ripple,2026-08-18 19:00:00+00:00,1.0006241097638588,62716056121.49384,783056840.6526189
ripple,2026-08-18 20:00:00+00:00,1.0018672220925513,62793970596.8806,808911130.6778021
ripple,2026-08-18 21:00:00+00:00,0.99947306313549,62643912042.37477,814541995.3662534
ripple,2026-08-18 22:00:00+00:00,0.999867730961044,62668648613.536,772170809.792672
ripple,2026-08-18 23:00:00+00:00,0.9999297922082,62672538422.52782,774647979.4718584
ripple,2026-08-19 00:00:00+00:00,1.0011429230744608,62748573751.62766,777916324.3318717
ripple,2026-08-19 01:00:00+00:00,0.9959442195800524,62422734930.70292,844443722.7831231
ripple,2026-08-19 02:00:00+00:00,0.9980978966568504,62557720817.10928,844515716.3508724
ripple,2026-08-19 03:00:00+00:00,0.9977722400552907,62537309658.21309,788978031.7138877
ripple,2026-08-19 04:00:00+00:00,0.999445201971822,62642165789.92377,777284536.1928277
ripple,2026-08-19 05:00:00+00:00,0.9992230104213614,62628239503.706566,764388686.8517842
ripple,2026-08-19 06:00:00+00:00,0.9994246034853032,62640874739.8442,755644815.2585572
ripple,2026-08-19 07:00:00+00:00,1.003471278498097,62894507942.09406,767970612.6981572
ripple,2026-08-19 08:00:00+00:00,1.0027701597620335,62850563965.95985,770457096.3975775
ripple,2026-08-19 09:00:00+00:00,1.005993097479633,63052567836.145164,788038571.3623235
ripple,2026-08-19 10:00:00+00:00,1.003563105591648,62900263383.21968,793325611.1266645
ripple,2026-08-19 11:00:00+00:00,1.004617391978183,62966342826.57993,799426605.8475217
ripple,2026-08-19 12:00:00+00:00,1.0049752904006684,62988774804.11413,791478146.3427545
ripple,2026-08-19 13:00:00+00:00,1.0104559208086252,63332283940.95444,833478567.7439129
ripple,2026-08-19 14:00:00+00:00,1.0164864533372395,63710259259.37479,916528107.5825464
ripple,2026-08-19 15:00:00+00:00,1.0327137623265137,64727337312.30348,956638886.7104917
ripple,2026-08-19 16:00:00+00:00,1.0677362542916646,66922439898.94746,1405583010.95831
ripple,2026-08-19 17:00:00+00:00,1.0638501854608384,66678873000.540825,1505415637.5822403
ripple,2026-08-19 18:00:00+00:00,1.0615397167669849,66534059895.54292,1619282936.8861716
ripple,2026-08-19 19:00:00+00:00,1.0687207470965052,66984144894.257,1683906219.1071415
ripple,2026-08-19 20:00:00+00:00,1.0670751755508048,66881005507.143456,1803909121.1480343
ripple,2026-08-19 21:00:00+00:00,1.0992801686158231,68899515887.5646,2055891648.5398011
ripple,2026-08-19 22:00:00+00:00,1.1315426788588538,70921631268.6338,2491125498.434256
ripple,2026-08-19 23:00:00+00:00,1.1020615864365817,69073846642.1825,2741244970.0340247
ripple,2026-08-20 00:00:00+00:00,1.105148559899663,69267328689.10408,2887273875.3716908
ripple,2026-08-20 01:00:00+00:00,1.106656693835483,69361853907.54991,2945201712.6890783
ripple,2026-08-20 02:00:00+00:00,1.111570918342301,69669862456.37047,2990890884.55438
ripple,2026-08-20 03:00:00+00:00,1.0990275022756917,68883679534.81927,3007100104.099233
ripple,2026-08-20 04:00:00+00:00,1.0931593536429431,68515881941.9074,3060498998.603243
ripple,2026-08-20 05:00:00+00:00,1.0993820056595878,68905898721.72746,3106678037.0778475
ripple,2026-08-20 06:00:00+00:00,1.1036682572857506,69174547852.71902,3145711423.092991
ripple,2026-08-20 07:00:00+00:00,1.110893914242158,69627429911.79678,3219161252.7929025
ripple,2026-08-20 08:00:00+00:00,1.111287852136696,69652120733.11636,3249533455.5865626
ripple,2026-08-20 09:00:00+00:00,1.1529063319079946,72260639644.02287,3743773626.18836
ripple,2026-08-20 10:00:00+00:00,1.1485012868786502,71984544906.16644,3742467053.655914
ripple,2026-08-20 11:00:00+00:00,1.1591178362707042,72649957723.01912,3888733166.698708
ripple,2026-08-20 12:00:00+00:00,1.1890704848788185,74527298047.68628,4536214835.223688
ripple,2026-08-20 13:00:00+00:00,1.1918913529962252,74704101426.13412,4447574699.376478
ripple,2026-08-20 14:00:00+00:00,1.2187955963715196,76390377042.4887,4817236585.135602
ripple,2026-08-20 15:00:00+00:00,1.2259454853176242,76838510194.61928,5224291480.858218
ripple,2026-08-20 16:00:00+00:00,1.2607755734613555,79021553498.7171,5330275187.712832
ripple,2026-08-20 17:00:00+00:00,1.3123507055242456,82254124896.27519,5825249303.621446
ripple,2026-08-20 18:00:00+00:00,1.3114241152660469,82196049055.33974,6286268272.857984
ripple,2026-08-20 19:00:00+00:00,1.230114446521177,77099807920.96735,6420539025.637437
ripple,2026-08-20 20:00:00+00:00,1.2317349467044818,77201375911.83359,6567091385.491208
ripple,2026-08-20 21:00:00+00:00,1.2431507465054568,77916883297.67766,6738255522.848707
ripple,2026-08-20 22:00:00+00:00,1.257324585282081,78805256123.69475,6556882264.587223
ripple,2026-08-20 23:00:00+00:00,1.2564228872342718,78748740450.30728,6329969285.140949
ripple,2026-08-21 00:00:00+00:00,1.2681797698816395,79485625864.85136,6369333637.955181
ripple,2026-08-21 01:00:00+00:00,1.264300508757349,79242485652.65082,6964915209.937647
ripple,2026-08-21 02:00:00+00:00,1.2950966521166098,81172693646.24074,7310095891.35669
ripple,2026-08-21 03:00:00+00:00,1.2888510954812769,80781241275.03618,7437102332.376078
ripple,2026-08-21 04:00:00+00:00,1.3088826683154104,82036758940.26993,7767809089.38528
ripple,2026-08-21 05:00:00+00:00,1.3140176119572762,82358601488.81691,7939293236.731981
ripple,2026-08-21 06:00:00+00:00,1.3087333315397585,82027398968.31702,8024318103.380149
ripple,2026-08-21 07:00:00+00:00,1.297673025220791,81334172825.69992,8017075891.896329
ripple,2026-08-21 08:00:00+00:00,1.3131123365365465,82301861596.64572,8290237153.520197
ripple,2026-08-21 09:00:00+00:00,1.3977582627289866,87607209134.98727,9077702742.477083
ripple,2026-08-21 10:00:00+00:00,1.4200386744753073,89003677139.1632,9788392363.745422
ripple,2026-08-21 11:00:00+00:00,1.3839299982939297,86740495850.8385,10002698451.875824
ripple,2026-08-21 12:00:00+00:00,1.353194950811392,84814117159.77686,9877547692.332726
ripple,2026-08-21 13:00:00+00:00,1.3793109555097165,86450988388.78998,9515293446.306454
ripple,2026-08-21 14:00:00+00:00,1.4153801180537398,88711693083.28319,10392679565.120024
ripple,2026-08-21 15:00:00+00:00,1.398658743920794,87663648539.56557,9205839178.9693
ripple,2026-08-21 16:00:00+00:00,1.4018816658197908,87865651418.28929,9915944751.69206
ripple,2026-08-21 17:00:00+00:00,1.3973769930740572,87583312320.14677,9643600097.314947
ripple,2026-08-21 18:00:00+00:00,1.3866732622822988,86912435240.03754,8279157637.272206
ripple,2026-08-21 19:00:00+00:00,1.3775317277446648,86339471838.99164,7756838730.731397
ripple,2026-08-21 20:00:00+00:00,1.3696420700046683,85844972243.41647,8329360853.206769
ripple,2026-08-21 21:00:00+00:00,1.3735380536875963,86089160574.40182,7454452697.274184
ripple,2026-08-21 22:00:00+00:00,1.405279209051754,88078599027.61813,7635604107.266686
ripple,2026-08-21 23:00:00+00:00,1.4451111526982192,90672783732.15273,8180454729.096038
ripple,2026-08-22 00:00:00+00:00,1.4542994943305336,91249301678.28333,8539102819.971826
ripple,2026-08-22 01:00:00+00:00,1.4582023186716089,91494182459.0884,9103358486.00056
ripple,2026-08-22 02:00:00+00:00,1.4767563436435005,92658345568.9614,10101850169.965858
ripple,2026-08-22 03:00:00+00:00,1.547234374528469,97080454719.78268,10892212887.637297
ripple,2026-08-22 04:00:00+00:00,1.5631208033808206,98077240831.99004,11424026879.042166
ripple,2026-08-22 05:00:00+00:00,1.662546717403321,104315670576.78935,12892499879.6076
ripple,2026-08-22 06:00:00+00:00,1.525883972681036,95740834327.4743,13952950552.022194
ripple,2026-08-22 07:00:00+00:00,1.576334282509002,98906314037.26004,15183832001.175402
ripple,2026-08-22 08:00:00+00:00,1.5637336685917405,98115694756.19022,13622537754.974394
ripple,2026-08-22 09:00:00+00:00,1.5281695088678882,95884239163.83966,13378739722.094135
ripple,2026-08-22 10:00:00+00:00,1.5005762507203386,94152913844.11826,12961378989.18152
ripple,2026-08-22 11:00:00+00:00,1.4835433892020329,93084195381.93948,12889118273.237925
ripple,2026-08-22 12:00:00+00:00,1.4864595782471566,93267170219.63058,12731108265.382654
ripple,2026-08-22 13:00:00+00:00,1.5042155612732926,94381260582.766,12793107704.477606
ripple,2026-08-22 14:00:00+00:00,1.5004345292341683,94144021599.64162,12504819173.41806
ripple,2026-08-22 15:00:00+00:00,1.4467261414195995,90774115399.8173,13971675591.924732
ripple,2026-08-22 16:00:00+00:00,1.4382443458606675,90241929337.21625,12162584139.347786
ripple,2026-08-22 17:00:00+00:00,1.4811819700567224,92936029306.91891,12540247270.557312
ripple,2026-08-22 18:00:00+00:00,1.4797446248331143,92845843792.56229,12425919908.0621
ripple,2026-08-22 19:00:00+00:00,1.4866080391074348,93276485322.79865,12426435692.170214
ripple,2026-08-22 20:00:00+00:00,1.50115046676843,94188942745.73384,12477862822.93646
ripple,2026-08-22 21:00:00+00:00,1.501165879046156,94189909781.46838,12441796733.160437
ripple,2026-08-22 22:00:00+00:00,1.4556176422571463,91332008217.26031,13902071935.377274
ripple,2026-08-22 23:00:00+00:00,1.4676004718648978,92083864927.72458,11779243348.64852
ripple,2026-08-23 00:00:00+00:00,1.4637843769045962,91844425938.97224,11336138918.97461
ripple,2026-08-23 01:00:00+00:00,1.5094869352307856,94712010331.61864,13280983078.325235
ripple,2026-08-23 02:00:00+00:00,1.4891016928045488,93432948389.29643,12765090358.196678
ripple,2026-08-23 03:00:00+00:00,1.4832592862964082,93066369485.79904,12249096028.524462
ripple,2026-08-23 04:00:00+00:00,1.474481473858279,92515609990.68488,10128437895.91347
ripple,2026-08-23 05:00:00+00:00,1.454443521899761,91258338616.7995,10912355866.087296
ripple,2026-08-23 06:00:00+00:00,1.4480390286195248,90856491857.10316,7916040111.5037565
ripple,2026-08-23 07:00:00+00:00,1.4418507284037132,90468210024.18652,8322590313.256696
ripple,2026-08-23 08:00:00+00:00,1.4595261252164462,91577244045.26408,6874866534.550433
ripple,2026-08-23 09:00:00+00:00,1.4743411100944688,92506802935.82544,6592796014.338417
ripple,2026-08-23 10:00:00+00:00,1.4772239883045084,92687687701.66302,6375379275.303436
ripple,2026-08-23 11:00:00+00:00,1.4755213599678212,92580857129.7306,5928139376.575069
ripple,2026-08-23 12:00:00+00:00,1.493983363132759,93739246376.89069,5870463499.246867
ripple,2026-08-23 13:00:00+00:00,1.4941955015902146,93752556899.3638,5698609419.637029
ripple,2026-08-23 14:00:00+00:00,1.5205468463704668,95405958979.78503,5829626983.195448
ripple,2026-08-23 15:00:00+00:00,1.5154504312830488,95086186938.60477,5875998003.539522
ripple,2026-08-23 16:00:00+00:00,1.4983418469495644,94012717285.8816,5575832763.767501
ripple,2026-08-23 17:00:00+00:00,1.5079518537531011,94615692404.39384,5413176389.328823
ripple,2026-08-23 18:00:00+00:00,1.50560949998377,94468722576.94894,5369377418.780907
ripple,2026-08-23 19:00:00+00:00,1.508164648738647,94629044120.39693,5307914112.565801
ripple,2026-08-23 20:00:00+00:00,1.4974665596906362,93957797820.21687,5195367731.970405
ripple,2026-08-23 21:00:00+00:00,1.5010281115435906,94181265627.7352,5142151728.873761
ripple,2026-08-23 22:00:00+00:00,1.525657100615829,95726599352.07814,5216565509.623119
ripple,2026-08-23 23:00:00+00:00,1.5162122115825647,95133984466.30388,5228704664.621238
ripple,2026-08-24 00:00:00+00:00,1.52050482788377,95403322550.64264,5320758107.229973
ripple,2026-08-24 01:00:00+00:00,1.502575958561895,94278384522.48537,5794139579.580112
ripple,2026-08-24 02:00:00+00:00,1.4673511619559685,92068222100.9341,5667532254.662172
ripple,2026-08-24 03:00:00+00:00,1.4867136658344684,93283112819.4855,5077329515.520219
ripple,2026-08-24 04:00:00+00:00,1.4656157407865256,91959333958.94772,5637320613.262263
ripple,2026-08-24 05:00:00+00:00,1.4771170665543547,92680978949.39172,5528311051.041282
ripple,2026-08-24 06:00:00+00:00,1.480040220669148,92864390806.93053,4760252089.657841
ripple,2026-08-24 07:00:00+00:00,1.4833411324089198,93071504879.60265,4757716520.50737
ripple,2026-08-24 08:00:00+00:00,1.475055187960358,92551607397.94646,4870818275.89778
ripple,2026-08-24 09:00:00+00:00,1.4592202591629877,91558052631.18877,5419949763.895358
ripple,2026-08-24 10:00:00+00:00,1.4780643126162978,92740413434.52136,4948248549.093988
ripple,2026-08-24 11:00:00+00:00,1.4827135629781028,93032128346.40578,4915617171.901023
ripple,2026-08-24 12:00:00+00:00,1.4940204277358116,93741571977.05676,5595664930.593549
ripple,2026-08-24 13:00:00+00:00,1.5153541894274245,95080148291.02756,5813026355.715811
ripple,2026-08-24 14:00:00+00:00,1.490048498184834,93492355224.07362,5807363042.882764
ripple,2026-08-24 15:00:00+00:00,1.5090641016220738,94685479846.20525,5138470669.695371
ripple,2026-08-24 16:00:00+00:00,1.4999591552713485,94114194495.72491,5717218669.748845
ripple,2026-08-24 17:00:00+00:00,1.4985539765388278,94026027251.92438,5599399214.631045
ripple,2026-08-24 18:00:00+00:00,1.476187721610551,92622667661.05605,5608575437.657611
ripple,2026-08-24 19:00:00+00:00,1.472397916888495,92384878240.28488,6019925991.204504
ripple,2026-08-24 20:00:00+00:00,1.4818779889072542,92979700665.06322,6152698988.702919
ripple,2026-08-24 21:00:00+00:00,1.4782647938465348,92752992530.04468,5927457387.412916
ripple,2026-08-24 22:00:00+00:00,1.4809495387465244,92921445519.44846,6017741753.539991
ripple,2026-08-24 23:00:00+00:00,1.4779908876269865,92735806419.92323,5323828631.81191
ripple,2026-08-25 00:00:00+00:00,1.4804016400422346,92887067886.53874,5800396926.643807
ripple,2026-08-25 01:00:00+00:00,1.5064973712387455,94524431619.2147,5886993303.69456
ripple,2026-08-25 02:00:00+00:00,1.5088188730724883,94670093102.28592,5827882475.167277
ripple,2026-08-25 03:00:00+00:00,1.5208137859114816,95422707969.11143,5756338416.235471
ripple,2026-08-25 04:00:00+00:00,1.5121830931402311,94881179424.6496,6105003841.539095
ripple,2026-08-25 05:00:00+00:00,1.5120959629301485,94875712482.7603,6094183071.266306
ripple,2026-08-25 06:00:00+00:00,1.5183118627924328,95265726041.82896,6058348582.517973
ripple,2026-08-25 07:00:00+00:00,1.5014410157919444,94207173100.34949,5915239335.444823
ripple,2026-08-25 08:00:00+00:00,1.4860081656075974,93238846557.07751,5759986356.841111
ripple,2026-08-25 09:00:00+00:00,1.489894472500107,93482690958.75096,5646727207.954906
ripple,2026-08-25 10:00:00+00:00,1.4796037536515,92837004900.02396,5600211376.36288
ripple,2026-08-25 11:00:00+00:00,1.4840967116090602,93118913322.39192,5567037449.668663
ripple,2026-08-25 12:00:00+00:00,1.480511898331389,92893985988.29756,5414429469.540236
ripple,2026-08-25 13:00:00+00:00,1.4742453446187125,92500794178.46722,5329816223.324006
ripple,2026-08-25 14:00:00+00:00,1.4570483201790687,91421775395.07402,5258185283.988687
ripple,2026-08-25 15:00:00+00:00,1.4723998913272147,92385002125.46468,5209077413.62924
ripple,2026-08-25 16:00:00+00:00,1.47827189767697,92753438256.36787,5034002055.516176
ripple,2026-08-25 17:00:00+00:00,1.4717625911838783,92345015043.52896,4845763151.564095
ripple,2026-08-25 18:00:00+00:00,1.4761936734171606,92623041104.21474,4400729852.881676
ripple,2026-08-25 19:00:00+00:00,1.476848709852179,92664141040.99,4449985827.252633
ripple,2026-08-25 20:00:00+00:00,1.4723598209713271,92382487930.8253,4293653032.182063
ripple,2026-08-25 21:00:00+00:00,1.444223586572222,90617093835.05362,3851029989.931253
ripple,2026-08-25 22:00:00+00:00,1.4384486298840249,90254747037.11092,4090974609.4081006
ripple,2026-08-25 23:00:00+00:00,1.4475721748459247,90827199348.24033,4314225082.102935
ripple,2026-08-26 00:00:00+00:00,1.434049819401547,89978745851.45009,4082824742.7934737
ripple,2026-08-26 01:00:00+00:00,1.4334371543224596,89940304484.42264,4013019083.242373
ripple,2026-08-26 02:00:00+00:00,1.442076193290832,90482356706.89027,3969114986.826548
ripple,2026-08-26 03:00:00+00:00,1.4435542959274728,90575099524.94676,4100347310.459591
ripple,2026-08-26 04:00:00+00:00,1.4397817492616305,90338392952.3674,3910266658.250024
ripple,2026-08-26 05:00:00+00:00,1.4349059948941834,90032466158.80197,3519922416.6549926
ripple,2026-08-26 06:00:00+00:00,1.4424873883743514,90508156938.8033,3442796991.5411696
ripple,2026-08-26 07:00:00+00:00,1.4371783580377158,90175044459.08684,3448136458.4198384
ripple,2026-08-26 08:00:00+00:00,1.4326472657726728,89890743318.478,3362962660.4551573
ripple,2026-08-26 09:00:00+00:00,1.4283548303493538,89621416583.23267,3300539638.283372
ripple,2026-08-26 10:00:00+00:00,1.4101017774895126,88476137819.50455,3293247025.7638597
ripple,2026-08-26 11:00:00+00:00,1.431152672864942,89796965826.52711,3742440433.245417
ripple,2026-08-26 12:00:00+00:00,1.411858701752298,88586375162.43547,3395910105.888079
ripple,2026-08-26 13:00:00+00:00,1.4098555970248707,88460691348.14636,3365912266.961805
ripple,2026-08-26 14:00:00+00:00,1.3948374714173093,87518386493.09477,3674267820.689199
ripple,2026-08-26 15:00:00+00:00,1.3713424329135089,86044201935.69513,3618473174.7838497
ripple,2026-08-26 16:00:00+00:00,1.3737866857684589,86197565370.81207,3855928050.515546
ripple,2026-08-26 17:00:00+00:00,1.374612638064564,86249389338.66255,3668839797.325185
ripple,2026-08-26 18:00:00+00:00,1.3863684756507624,86987003547.1291,4010860243.669984
ripple,2026-08-26 19:00:00+00:00,1.3846394835398226,86878518793.23517,4048779909.5583887
ripple,2026-08-26 20:00:00+00:00,1.379361032546526,86547324999.27522,4041560758.170056
ripple,2026-08-26 21:00:00+00:00,1.37888350623581,86517362847.35556,3532869285.7941794
ripple,2026-08-26 22:00:00+00:00,1.4000205064449631,87843593459.53549,3790990840.363034
ripple,2026-08-26 23:00:00+00:00,1.4036970275182292,88074274953.85551,3407921451.349915
ripple,2026-08-27 00:00:00+00:00,1.422486925574032,89253237803.58641,3766977001.261257
ripple,2026-08-27 01:00:00+00:00,1.404985238040635,88155103085.22897,3679299039.651128
ripple,2026-08-27 02:00:00+00:00,1.4102502685718985,88485454818.94377,3875524082.071247
ripple,2026-08-27 03:00:00+00:00,1.4055629736427997,88191352819.52219,3844625963.483153
ripple,2026-08-27 04:00:00+00:00,1.4069939071002244,88281136030.78447,3881318311.525078
ripple,2026-08-27 05:00:00+00:00,1.4027158072408634,88012708773.40146,3805721391.624867
ripple,2026-08-27 06:00:00+00:00,1.4096020341275837,88444781669.70724,3818920884.460308
ripple,2026-08-27 07:00:00+00:00,1.4053934612680017,88180716849.4992,3766385123.83597
ripple,2026-08-27 08:00:00+00:00,1.4125568055054352,88630177336.7614,3752203502.491013
ripple,2026-08-27 09:00:00+00:00,1.433072940229023,89917452051.46983,4037002446.8972583
ripple,2026-08-27 10:00:00+00:00,1.435725231882108,90083868777.96576,4096328287.358012
ripple,2026-08-27 11:00:00+00:00,1.4232736908667425,89302603002.31226,4050034800.5345817
ripple,2026-08-27 12:00:00+00:00,1.426625542936727,89512913300.7806,3995961489.272056
ripple,2026-08-27 13:00:00+00:00,1.423549967083614,89319937816.74226,3870452388.206377
ripple,2026-08-27 14:00:00+00:00,1.4382006530429905,90239187853.0055,3702143641.853012
ripple,2026-08-27 15:00:00+00:00,1.460262900788574,91623472663.72427,3860295005.2361455
ripple,2026-08-27 16:00:00+00:00,1.4670725258788493,92050739218.24136,3762863029.8798666
ripple,2026-08-27 17:00:00+00:00,1.4658309139966097,91972834895.47188,3799647403.03878
ripple,2026-08-27 18:00:00+00:00,1.4586257832392808,91520752533.70937,3764066912.37984
ripple,2026-08-27 19:00:00+00:00,1.4513659821531493,91065239909.23602,3779136132.61768
ripple,2026-08-27 20:00:00+00:00,1.454853495877275,91284062231.02084,3839158060.6035786
ripple,2026-08-27 21:00:00+00:00,1.4544633904567223,91259585259.5682,3838358864.0065145
ripple,2026-08-27 22:00:00+00:00,1.450838337293047,91032133093.7512,3758580324.812707
ripple,2026-08-27 23:00:00+00:00,1.4532411240200325,91182894757.20088,3680852507.760061
ripple,2026-08-28 00:00:00+00:00,1.453606158145044,91205798642.62878,3578007306.0460496
ripple,2026-08-28 01:00:00+00:00,1.4481454320814922,90863168089.63882,3558790175.586735
ripple,2026-08-28 02:00:00+00:00,1.4497830145964563,90965917393.69452,3600902426.8512607
ripple,2026-08-28 03:00:00+00:00,1.4341437636347971,89984640335.84908,3686712403.731474
ripple,2026-08-28 04:00:00+00:00,1.4310745278950256,89792062659.08305,3276947808.5727005
ripple,2026-08-28 05:00:00+00:00,1.4212613780380692,89176341430.26984,3315348101.93694
ripple,2026-08-28 06:00:00+00:00,1.4222704474720682,89239654992.2674,3288957627.6879773
ripple,2026-08-28 07:00:00+00:00,1.4257859827008346,89460235509.4861,3281356063.850936
ripple,2026-08-28 08:00:00+00:00,1.4207978971177446,89147260549.41573,3265691030.7054014
ripple,2026-08-28 09:00:00+00:00,1.4203034186290784,89116234741.48439,3059354124.511765
ripple,2026-08-28 10:00:00+00:00,1.4103940375396504,88494475531.63847,2919067873.841948
ripple,2026-08-28 11:00:00+00:00,1.4211657933723336,89170344017.74681,2877317556.9216466
ripple,2026-08-28 12:00:00+00:00,1.4196791373038151,89077064518.8424,2861432076.757999
ripple,2026-08-28 13:00:00+00:00,1.4232566171827654,89301531722.46513,2877536571.479967
ripple,2026-08-28 14:00:00+00:00,1.421297104606023,89178583076.08617,2987092378.108524
ripple,2026-08-28 15:00:00+00:00,1.4344774386486685,90005576609.3759,3463140776.250819
ripple,2026-08-28 16:00:00+00:00,1.404205056216866,88106150963.00208,3057329195.143339
ripple,2026-08-28 17:00:00+00:00,1.3931516159238937,87412608324.90839,3105005906.7702017
ripple,2026-08-28 18:00:00+00:00,1.388429228119788,87116304440.42064,3102870126.2540207
ripple,2026-08-28 19:00:00+00:00,1.373303715741964,86167261655.64128,3095645154.0068088
ripple,2026-08-28 20:00:00+00:00,1.378370482370208,86485173418.9311,3065419543.59679
ripple,2026-08-28 21:00:00+00:00,1.3801794353315755,86598675276.79266,3038798928.6764565
ripple,2026-08-28 22:00:00+00:00,1.371610543462941,86061024399.36487,3022745160.856176
ripple,2026-08-28 23:00:00+00:00,1.3825835746721418,86749521809.3117,3037927802.601048
ripple,2026-08-29 00:00:00+00:00,1.3834326975271105,86802799602.40523,3012089060.2480206
ripple,2026-08-29 01:00:00+00:00,1.383285501064208,86793563833.22446,2967137323.07458
ripple,2026-08-29 02:00:00+00:00,1.3849453494528197,86897710198.49728,2882783167.9667478
ripple,2026-08-29 03:00:00+00:00,1.382791134003025,86762545016.75539,2760998628.8990083
ripple,2026-08-29 04:00:00+00:00,1.379261433183156,86541075686.537,2691667993.375856
ripple,2026-08-29 05:00:00+00:00,1.385754223007566,86948462569.1777,2654686497.3282614
ripple,2026-08-29 06:00:00+00:00,1.3889557352915356,87149339872.21298,2643778975.8946204
ripple,2026-08-29 07:00:00+00:00,1.380683509059198,86630303133.24124,2608608782.474388
ripple,2026-08-29 08:00:00+00:00,1.3828467979111905,86766037621.11134,2579053117.88596
ripple,2026-08-29 09:00:00+00:00,1.3830376326791722,86778011454.13692,2547586099.1165733
ripple,2026-08-29 10:00:00+00:00,1.3839559855310275,86835633049.10602,2495758024.5748463
ripple,2026-08-29 11:00:00+00:00,1.3853196340765053,86921194501.88416,2447532310.577611
ripple,2026-08-29 12:00:00+00:00,1.3832090621253934,86788767709.85712,2392664581.6153054
ripple,2026-08-29 13:00:00+00:00,1.384630469951676,86877953240.10999,2337142613.9247828
ripple,2026-08-29 14:00:00+00:00,1.3868836890378538,87019330355.99527,2271710098.742443
ripple,2026-08-29 15:00:00+00:00,1.4004784489350466,87872326834.32646,1815260177.699612
ripple,2026-08-29 16:00:00+00:00,1.3931654409296454,87413475768.04886,1629538460.2000911
ripple,2026-08-29 17:00:00+00:00,1.391933579454787,87336183229.7626,1427046828.8470917
ripple,2026-08-29 18:00:00+00:00,1.3919581591722654,87337725471.9652,1359233652.9872162
ripple,2026-08-29 19:00:00+00:00,1.3942649409302443,87482463351.1712,1242380060.685717
ripple,2026-08-29 20:00:00+00:00,1.3976854077858558,87697078850.38922,1205251266.4287372
ripple,2026-08-29 21:00:00+00:00,1.3975455568399204,87688303972.03343,1162262995.0670044
ripple,2026-08-29 22:00:00+00:00,1.39233914224165,87361630066.01073,1122428091.4079878
ripple,2026-08-29 23:00:00+00:00,1.3934460898647871,87431084946.52156,1087592597.2008183
ripple,2026-08-30 00:00:00+00:00,1.3962919749950886,87609648599.888,1089817502.522499
ripple,2026-08-30 01:00:00+00:00,1.395619725891082,87567468662.7199,1087912211.1939745
ripple,2026-08-30 02:00:00+00:00,1.3915097747250236,87309591811.83968,1076230927.9053023
ripple,2026-08-30 03:00:00+00:00,1.3936913228487036,87446471968.67078,1074262803.9576948
ripple,2026-08-30 04:00:00+00:00,1.392507860547664,87372216212.58104,1054507184.1363568
ripple,2026-08-30 05:00:00+00:00,1.3918982801098552,87333968389.84326,1050335820.124588
ripple,2026-08-30 06:00:00+00:00,1.3954764444276084,87558478538.23979,1038459817.4918926
ripple,2026-08-30 07:00:00+00:00,1.4012627787299372,87921539218.94754,1052889277.1654426
ripple,2026-08-30 08:00:00+00:00,1.3917457481435986,87324397847.1464,1041233235.0430626
ripple,2026-08-30 09:00:00+00:00,1.3916390822782905,87317705150.24303,1035487998.147716
ripple,2026-08-30 10:00:00+00:00,1.3864687085229748,86993292609.06596,1061716452.434921
ripple,2026-08-30 11:00:00+00:00,1.3893258432258493,87172562111.29329,1069808654.9048651
ripple,2026-08-30 12:00:00+00:00,1.3918684027620305,87332093750.4477,1082743615.6925414
ripple,2026-08-30 13:00:00+00:00,1.4024283529352437,87994672595.32777,1137562802.5539832
ripple,2026-08-30 14:00:00+00:00,1.408633161792344,88383990254.76782,1157083314.266651
ripple,2026-08-30 15:00:00+00:00,1.4037086626158686,88075004992.29579,1129978183.3905237
ripple,2026-08-30 16:00:00+00:00,1.3977257309302278,87699608906.11693,1119281051.3236692
ripple,2026-08-30 17:00:00+00:00,1.4218367507149117,89212442903.98369,1178375985.5366445
ripple,2026-08-30 18:00:00+00:00,1.4187841752980164,89020910570.9272,1224089530.4269726
ripple,2026-08-30 19:00:00+00:00,1.425255372372598,89426942627.17154,1411808659.928389
ripple,2026-08-30 20:00:00+00:00,1.4112890232674389,88550630967.97815,1311199648.5128407
ripple,2026-08-30 21:00:00+00:00,1.3956407427179471,87568787353.11511,1359782041.4149888
ripple,2026-08-30 22:00:00+00:00,1.3951082482374328,87535376250.59883,1433233749.8805256
ripple,2026-08-30 23:00:00+00:00,1.3854158367446732,86927230690.66379,1475482777.056826
ripple,2026-08-31 00:00:00+00:00,1.357926693135329,85202437986.08998,1779471162.9979696
ripple,2026-08-31 01:00:00+00:00,1.3647164812048482,85628459876.56197,1756807357.944137
ripple,2026-08-31 02:00:00+00:00,1.3430718782082498,84270379978.82228,1812795082.7797797
ripple,2026-08-31 03:00:00+00:00,1.344675725265719,84371012568.30154,1880094010.8234785
ripple,2026-08-31 04:00:00+00:00,1.354527151922259,84989135455.95192,1933295789.9607096
ripple,2026-08-31 05:00:00+00:00,1.3515112151463196,84799901996.28067,1955913826.090252
ripple,2026-08-31 06:00:00+00:00,1.363537060522825,85554457709.85622,2023687928.554668
ripple,2026-08-31 07:00:00+00:00,1.3642875280251432,85601545421.69669,2067092680.5588095
ripple,2026-08-31 08:00:00+00:00,1.372375326784239,86109010350.17876,2143519250.437691
ripple,2026-08-31 09:00:00+00:00,1.3732151445212464,86161704298.25322,2195417723.55539
ripple,2026-08-31 10:00:00+00:00,1.3724400859637154,86113073632.82964,2206207402.2930326
ripple,2026-08-31 11:00:00+00:00,1.3805895698180966,86624408962.07216,2244889603.869273
ripple,2026-08-31 12:00:00+00:00,1.3706465359532032,86000538225.49275,2243069949.4417253
ripple,2026-08-31 13:00:00+00:00,1.3616005009416865,85432949237.82126,2259534176.860923
ripple,2026-08-31 14:00:00+00:00,1.3622448005513894,85473375497.80843,2293677464.0974083
ripple,2026-08-31 15:00:00+00:00,1.3764846541139266,86366848058.7548,2396372032.4400725
ripple,2026-08-31 16:00:00+00:00,1.3722827700126488,86103202921.37463,2404910722.224703
ripple,2026-08-31 17:00:00+00:00,1.376116307662575,86343736343.05077,2385308203.8634624
ripple,2026-08-31 18:00:00+00:00,1.38453226549899,86871791450.35193,2366711816.482496
ripple,2026-08-31 19:00:00+00:00,1.386122925089657,86971596598.75641,2361236408.153888
ripple,2026-08-31 20:00:00+00:00,1.388024534434016,87090912135.49014,2366717849.2783318
ripple,2026-08-31 21:00:00+00:00,1.3868662078988705,87018233510.58551,2326403874.877148
ripple,2026-08-31 22:00:00+00:00,1.3868885088699474,87019632773.97346,2286214372.228376
ripple,2026-08-31 23:00:00+00:00,1.3798167613019676,86575919474.38223,2218913148.393603
ripple,2026-09-01 00:00:00+00:00,1.3792804733945896,86542270355.17569,1989020218.189916
ripple,2026-09-01 01:00:00+00:00,1.3840489068045152,86841463348.4012,1928390130.2486308
ripple,2026-09-01 02:00:00+00:00,1.3755815108130665,86310180779.53194,1841672599.7720532
ripple,2026-09-01 03:00:00+00:00,1.3749283836812096,86269200641.03818,1792846058.0056105
ripple,2026-09-01 04:00:00+00:00,1.3865758562192718,87000015538.21616,1887398435.889633
ripple,2026-09-01 05:00:00+00:00,1.380144120149856,86596459443.20192,1777684509.2036834
ripple,2026-09-01 06:00:00+00:00,1.393998452761027,87465742682.94475,1787983806.859251
ripple,2026-09-01 07:00:00+00:00,1.3838888898384762,86831423163.09917,1764317309.656176
ripple,2026-09-01 08:00:00+00:00,1.3797441766553935,86571365186.6731,1715764535.700901
ripple,2026-09-01 09:00:00+00:00,1.362911034828261,85515178037.62616,1725523551.4907353
ripple,2026-09-01 10:00:00+00:00,1.3670207230896518,85773038392.68321,1726644526.7953324
ripple,2026-09-01 11:00:00+00:00,1.3774570648758129,86427861490.52211,1745280026.7904768
ripple,2026-09-01 12:00:00+00:00,1.3818076164207318,86700834693.04117,1764473135.0174918
ripple,2026-09-01 13:00:00+00:00,1.3693932347521256,85921900462.20071,1732084109.263376
ripple,2026-09-01 14:00:00+00:00,1.3748974494246338,86267259686.42636,1803224867.0370088
ripple,2026-09-01 15:00:00+00:00,1.3727219031830724,86130756114.71696,1760743981.0826426
solana,2026-06-03 15:00:00+00:00,74.32917838117821,42995154208.27608,4045591964.1862206
solana,2026-06-03 16:00:00+00:00,73.20996620193019,42347751582.95344,3786178797.212736
solana,2026-06-03 17:00:00+00:00,72.90002137712692,42168464238.49712,3819374051.819094
solana,2026-06-03 18:00:00+00:00,73.11324993431313,42291802235.42751,3841390583.471974
solana,2026-06-03 19:00:00+00:00,73.00478338557217,42229057949.25012,3863036264.866945
solana,2026-06-03 20:00:00+00:00,71.85857571405829,41566040859.40756,3737765308.902639
solana,2026-06-03 21:00:00+00:00,71.10896739554344,41132433262.01013,3875148890.097699
solana,2026-06-03 22:00:00+00:00,72.71425637926497,42060998341.370544,4040011777.029612
solana,2026-06-03 23:00:00+00:00,72.06286409937995,41684203019.56132,3894047921.533617
solana,2026-06-04 00:00:00+00:00,71.5436851656655,41383885800.11384,3696685803.943988
solana,2026-06-04 01:00:00+00:00,70.53268732379948,40799079697.26408,3725711214.600756
solana,2026-06-04 02:00:00+00:00,68.53677357455659,39644556685.77343,3969559718.278047
solana,2026-06-04 03:00:00+00:00,70.05309957923848,40521660748.80774,4513778608.751202
solana,2026-06-04 04:00:00+00:00,71.4073960325434,41305040389.67169,4668580264.714724
solana,2026-06-04 05:00:00+00:00,70.81716186747205,40963622512.705376,4629315653.280887
solana,2026-06-04 06:00:00+00:00,70.22101098702548,40618781767.7156,4594904775.451187
solana,2026-06-04 07:00:00+00:00,70.33251534630081,40683278250.95459,4586297096.20384
solana,2026-06-04 08:00:00+00:00,69.19329753005695,40024304930.64799,4588868223.743748
solana,2026-06-04 09:00:00+00:00,69.17588694126768,40014232096.93519,4728174577.243155
solana,2026-06-04 10:00:00+00:00,68.60309150569684,39682901079.07155,4801926618.723822
solana,2026-06-04 11:00:00+00:00,67.84580048580263,39252919796.2347,4902199859.469507
solana,2026-06-04 12:00:00+00:00,68.63905223699139,39711862231.13826,5095419160.574412
solana,2026-06-04 13:00:00+00:00,70.00381252432763,40501455535.49398,5370806206.802364
solana,2026-06-04 14:00:00+00:00,70.32095805448427,40684941495.31907,5452835371.99371
solana,2026-06-04 15:00:00+00:00,69.69913411731581,40325176091.59395,5505658223.701815
solana,2026-06-04 16:00:00+00:00,69.58671941711007,40260134867.8213,5594332730.500281
solana,2026-06-04 17:00:00+00:00,69.35477831304877,40125940709.89278,5461478534.920881
solana,2026-06-04 18:00:00+00:00,69.21567660594609,40045459586.374176,5420576903.120044
solana,2026-06-04 19:00:00+00:00,69.43548588370255,40172627867.83969,5463058439.326915
solana,2026-06-04 20:00:00+00:00,69.10284422308095,39980168318.87649,5354724951.523025
solana,2026-06-04 21:00:00+00:00,68.66732845591943,39728190679.62617,5134221329.649464
solana,2026-06-04 22:00:00+00:00,67.77784113682615,39213564854.35474,5001125779.615887
solana,2026-06-04 23:00:00+00:00,68.4230295744574,39586842911.11283,5040782769.59281
solana,2026-06-05 00:00:00+00:00,68.81086787182636,39811227259.98783,5064102121.535027
solana,2026-06-05 01:00:00+00:00,68.27095445647088,39498855334.2839,4921981968.458855
solana,2026-06-05 02:00:00+00:00,68.49840794015209,39630448763.39076,4661865169.941774
solana,2026-06-05 03:00:00+00:00,67.27426423687196,38922206074.87308,4221967483.270223
solana,2026-06-05 04:00:00+00:00,66.97661726203975,38749997223.51751,4166943016.441759
solana,2026-06-05 05:00:00+00:00,67.91432376891692,39292514732.91183,4320513424.607267
solana,2026-06-05 06:00:00+00:00,66.1775680781469,38287695639.52218,4325186402.797068
solana,2026-06-05 07:00:00+00:00,65.05610055705834,37638856720.41413,4767448316.042909
solana,2026-06-05 08:00:00+00:00,66.06547156430338,38222835707.02579,5036779912.310298
solana,2026-06-05 09:00:00+00:00,65.23640655394694,37743170052.96478,4984147574.856618
solana,2026-06-05 10:00:00+00:00,66.43654566433645,38437520283.620125,5040465373.386527
solana,2026-06-05 11:00:00+00:00,66.30328184945745,38360417357.76792,4931207480.293304
solana,2026-06-05 12:00:00+00:00,66.07188711722652,38226539825.78822,4890848859.561453
solana,2026-06-05 13:00:00+00:00,65.68432853776474,38002311744.53492,4849710051.028922
solana,2026-06-05 14:00:00+00:00,64.37158058933016,37242806461.7928,4694812779.517619
solana,2026-06-05 15:00:00+00:00,65.17175385836079,37705752062.55643,5127636196.320134
solana,2026-06-05 16:00:00+00:00,64.25309866234487,37174251950.37131,5265078712.495198
solana,2026-06-05 17:00:00+00:00,65.8484201486154,38097238252.2808,5753321733.5848255
solana,2026-06-05 18:00:00+00:00,65.0433604070476,37631461254.76194,5832442264.750642
solana,2026-06-05 19:00:00+00:00,62.91451276659352,36399794000.68659,5821380148.391554
solana,2026-06-05 20:00:00+00:00,63.50907762605565,36743782750.33685,6235670289.288527
solana,2026-06-05 21:00:00+00:00,64.63689388993738,37396288842.70525,6547069141.360833
solana,2026-06-05 22:00:00+00:00,64.89434126634643,37545235264.58613,6643611789.656016
solana,2026-06-05 23:00:00+00:00,64.40142805862813,37260053871.698006,6661671779.998093
solana,2026-06-06 00:00:00+00:00,63.63313109112329,36815546115.86572,6676438823.787654
solana,2026-06-06 01:00:00+00:00,64.67202311063902,37416605671.32434,6805662270.346265
solana,2026-06-06 02:00:00+00:00,63.90244712212254,36971357781.87459,6645087427.053954
solana,2026-06-06 03:00:00+00:00,63.53557774742807,36759100293.72205,6539257787.59726
solana,2026-06-06 04:00:00+00:00,62.8281499474908,36349809676.65346,6436099469.458568
solana,2026-06-06 05:00:00+00:00,60.84694187874821,35203561364.599495,6328710286.405964
solana,2026-06-06 06:00:00+00:00,62.58645511741047,36209970969.28459,6513944733.105069
solana,2026-06-06 07:00:00+00:00,62.1280967082697,35944781490.69088,6064915170.190314
solana,2026-06-06 08:00:00+00:00,62.724075745650254,36289588632.59313,5848795627.192928
solana,2026-06-06 09:00:00+00:00,63.147793730632166,36534732731.4854,5867436431.597966
solana,2026-06-06 10:00:00+00:00,62.64836579747804,36245782399.27309,5712741219.870276
solana,2026-06-06 11:00:00+00:00,61.767408031985504,35743434994.9066,5742830949.886418
solana,2026-06-06 12:00:00+00:00,62.41842463987384,36120162046.06729,5767167687.552728
solana,2026-06-06 13:00:00+00:00,62.88793691763927,36391851837.51999,5743098784.678101
solana,2026-06-06 14:00:00+00:00,62.39156848778824,36104608646.440414,5482230932.458394
solana,2026-06-06 15:00:00+00:00,62.33805192171128,36073634162.952,5213369186.574723
solana,2026-06-06 16:00:00+00:00,62.06245429079725,35914147750.56334,5018282164.629376
solana,2026-06-06 17:00:00+00:00,62.02738192235968,35893850011.9268,4715097582.54668
solana,2026-06-06 18:00:00+00:00,61.59940216284302,35646184197.33402,4598223786.936906
solana,2026-06-06 19:00:00+00:00,61.742581237367,35729036551.576294,4393384834.520326
solana,2026-06-06 20:00:00+00:00,61.7235768714713,35718037256.69319,4064687925.09874
solana,2026-06-06 21:00:00+00:00,61.82946123956944,35779308401.02821,3877891825.6458135
solana,2026-06-06 22:00:00+00:00,61.889002667713896,35813762133.481514,3807858884.778741
solana,2026-06-06 23:00:00+00:00,61.79109863248071,35757105148.32796,3660756689.260152
solana,2026-06-07 00:00:00+00:00,62.17918349826299,35981679210.05437,3577863213.6780424
solana,2026-06-07 01:00:00+00:00,62.10631214371096,35978492201.1146,3523979007.264867
solana,2026-06-07 02:00:00+00:00,63.66148043409107,36879406955.44409,3712759282.067269
solana,2026-06-07 03:00:00+00:00,63.51998634091829,36797436940.01369,3702130970.742704
solana,2026-06-07 04:00:00+00:00,63.78404899080099,36950408145.00744,3693431709.5240426
solana,2026-06-07 05:00:00+00:00,64.06461856922465,37112941761.63799,3439625968.634895
solana,2026-06-07 06:00:00+00:00,64.24708907502189,37218645744.135086,3313079585.899505
solana,2026-06-07 07:00:00+00:00,64.8266355236687,37554377932.93584,3277340074.401157
solana,2026-06-07 08:00:00+00:00,64.87163503274456,37580444694.80463,3254569122.533653
solana,2026-06-07 09:00:00+00:00,65.86829073212171,38157810243.42401,3356928633.1260147
solana,2026-06-07 10:00:00+00:00,65.00293834566558,37656505767.99373,3328917825.064246
solana,2026-06-07 11:00:00+00:00,64.649631287357,37451831674.11462,3235058135.4706674
solana,2026-06-07 12:00:00+00:00,65.02680049922186,37670325467.68732,3184648325.076884
solana,2026-06-07 13:00:00+00:00,64.27081724632713,37232379370.07454,3173129728.3901424
solana,2026-06-07 14:00:00+00:00,64.3280283577886,37265519719.15061,3150319190.4816136
solana,2026-06-07 15:00:00+00:00,64.88333327216999,37587208933.41864,3152798376.644107
solana,2026-06-07 16:00:00+00:00,64.89658054438426,37594880680.02807,3014865518.677113
solana,2026-06-07 17:00:00+00:00,65.05940438241076,37689203691.9847,2907585015.015272
solana,2026-06-07 18:00:00+00:00,65.29762352726857,37827202887.78962,2853443274.8999367
solana,2026-06-07 19:00:00+00:00,65.00552079848265,37657984285.563095,2766970433.095528
solana,2026-06-07 20:00:00+00:00,63.90747796812936,37021881743.346085,2810584044.1687145
solana,2026-06-07 21:00:00+00:00,64.70425096014863,37483453857.18114,2811090252.934473
solana,2026-06-07 22:00:00+00:00,64.59145877305004,37418110812.50784,2784866168.583308
solana,2026-06-07 23:00:00+00:00,65.84919208018812,38146719020.85395,3052804790.6671176
solana,2026-06-08 00:00:00+00:00,66.42475751544987,38480144220.633545,3136535778.934595
solana,2026-06-08 01:00:00+00:00,66.65946145272237,38616107635.00354,3202726201.6136622
solana,2026-06-08 02:00:00+00:00,66.10705378465745,38296093588.807785,3200351040.5496407
solana,2026-06-08 03:00:00+00:00,66.41684811218224,38475556857.69759,3174666320.489526
solana,2026-06-08 04:00:00+00:00,66.29122456179485,38402780567.74311,3132647315.0150065
solana,2026-06-08 05:00:00+00:00,65.56434062811277,37981691879.68243,3130662051.872109
solana,2026-06-08 06:00:00+00:00,65.24427187788739,37796272953.41494,3056877843.023189
solana,2026-06-08 07:00:00+00:00,65.64266969808338,38027064804.99559,3067289650.064609
solana,2026-06-08 08:00:00+00:00,66.03674584421317,38255352920.549484,3046840127.700235
solana,2026-06-08 09:00:00+00:00,65.59304541283818,37998313549.6021,2920381777.20347
solana,2026-06-08 10:00:00+00:00,66.32126951179885,38420174908.946266,2965604248.407662
solana,2026-06-08 11:00:00+00:00,66.14440582443683,38325574943.74129,2929542080.463195
solana,2026-06-08 12:00:00+00:00,66.6472743510536,38616945987.761765,3075314070.95452
solana,2026-06-08 13:00:00+00:00,67.20702465162252,38941270658.60742,3091619399.690841
solana,2026-06-08 14:00:00+00:00,66.77041066574937,38688282139.43722,3143763494.268923
solana,2026-06-08 15:00:00+00:00,67.23929682402571,38959962770.420494,3287012881.9344525
solana,2026-06-08 16:00:00+00:00,67.10376228318798,38881428794.10417,3399960335.0965858
solana,2026-06-08 17:00:00+00:00,66.92661113907401,38778781476.38826,3427413837.265464
solana,2026-06-08 18:00:00+00:00,67.33879037951729,39017605168.05626,3489566849.820425
solana,2026-06-08 19:00:00+00:00,67.39541518876537,39050412368.79953,3509814403.239271
solana,2026-06-08 20:00:00+00:00,67.41809821724479,39063553439.03382,3495347853.409622
solana,2026-06-08 21:00:00+00:00,67.40519252610814,39056073635.21654,3478540627.413171
solana,2026-06-08 22:00:00+00:00,67.55062347831911,39140337374.72606,3526835334.954425
solana,2026-06-08 23:00:00+00:00,67.1464851834949,38906168847.07777,3288163967.5424685
solana,2026-06-09 00:00:00+00:00,66.80256146212376,38706889898.17908,3165296761.7515407
solana,2026-06-09 01:00:00+00:00,65.40929160621762,37899596522.0885,3163709005.507077
solana,2026-06-09 02:00:00+00:00,65.98906010544556,38235525301.8492,3158850638.8007154
solana,2026-06-09 03:00:00+00:00,65.8681927290452,38165490099.73622,3109583597.8028474
solana,2026-06-09 04:00:00+00:00,65.99248572189036,38237506448.20127,3066256210.068296
solana,2026-06-09 05:00:00+00:00,67.00540498121184,38824413345.70026,3218494430.049652
solana,2026-06-09 06:00:00+00:00,67.1635752186474,38916060678.910286,3287016923.2147665
solana,2026-06-09 07:00:00+00:00,67.02731187082583,38837106681.97263,3255112276.260699
solana,2026-06-09 08:00:00+00:00,66.85695532421512,38736251962.659904,3263726855.3000984
solana,2026-06-09 09:00:00+00:00,66.5742010907823,38572425408.42024,3263515369.8533545
solana,2026-06-09 10:00:00+00:00,66.13428377164693,38317540082.05494,3222924886.409065
solana,2026-06-09 11:00:00+00:00,66.3808905959646,38460419647.71639,3181118405.377425
solana,2026-06-09 12:00:00+00:00,66.10165006248145,38298628919.13236,3085133181.8487096
solana,2026-06-09 13:00:00+00:00,66.11496123969854,38306339161.05061,3020376341.5349207
solana,2026-06-09 14:00:00+00:00,65.86891689380863,38163781940.54437,2994505398.308804
solana,2026-06-09 15:00:00+00:00,64.94458798316195,37628232950.814384,2974354525.971281
solana,2026-06-09 16:00:00+00:00,64.3290428645344,37271590331.26147,2912603953.807087
solana,2026-06-09 17:00:00+00:00,64.11949524009341,37150178202.03469,3008592027.495868
solana,2026-06-09 18:00:00+00:00,64.77442113623508,37529633217.3931,3044248889.566853
solana,2026-06-09 19:00:00+00:00,65.24742692200361,37803685941.887535,3076671385.9113398
solana,2026-06-09 20:00:00+00:00,65.4262388586802,37907285478.72593,3132584921.8162985
solana,2026-06-09 21:00:00+00:00,65.57806026648734,37995247313.09256,3088024892.4292965
solana,2026-06-09 22:00:00+00:00,64.97312638931513,37644752802.74268,3054574568.3046765
solana,2026-06-09 23:00:00+00:00,64.8459779759854,37571082634.56228,2995033540.832813
solana,2026-06-10 00:00:00+00:00,64.9237603504689,37616147035.943245,2984743786.127204
solana,2026-06-10 01:00:00+00:00,65.09232844649159,37713811618.39587,2884109563.4267206
solana,2026-06-10 02:00:00+00:00,65.07050205535822,37701163878.38469,2832197107.317647
solana,2026-06-10 03:00:00+00:00,64.30380624213947,37256946488.34822,2813538067.8705063
solana,2026-06-10 04:00:00+00:00,64.48387167438516,37361272658.56077,2837652704.641704
solana,2026-06-10 05:00:00+00:00,64.2310984957313,37214816849.37096,2715845637.760042
solana,2026-06-10 06:00:00+00:00,64.07551310100051,37124670627.6089,2575475362.4915752
solana,2026-06-10 07:00:00+00:00,64.16975508130024,37179271536.50009,2562335246.959311
solana,2026-06-10 08:00:00+00:00,64.46254230444657,37348907629.97389,2577224259.441451
solana,2026-06-10 09:00:00+00:00,63.57288210365014,36833447080.16794,2527967938.529266
solana,2026-06-10 10:00:00+00:00,63.57847652226159,36836685737.02982,2553582587.15291
solana,2026-06-10 11:00:00+00:00,63.63113775906474,36874742686.06315,2566134367.632989
solana,2026-06-10 12:00:00+00:00,63.47072966693659,36781780390.53465,2663550072.571636
solana,2026-06-10 13:00:00+00:00,64.1566709779673,37179280873.321686,2837003092.4993315
solana,2026-06-10 14:00:00+00:00,65.0168453683971,37677754776.20224,2930537485.639734
solana,2026-06-10 15:00:00+00:00,64.97683592325934,37654566540.37377,2838307275.548106
solana,2026-06-10 16:00:00+00:00,65.36775059393163,37881102279.69532,2907510904.875537
solana,2026-06-10 17:00:00+00:00,64.57897264765221,37423997051.60159,2811960335.6063704
solana,2026-06-10 18:00:00+00:00,63.99989912254625,37088417572.93338,2805338381.757212
solana,2026-06-10 19:00:00+00:00,63.77967618164188,36960794309.81644,2788689527.480493
solana,2026-06-10 20:00:00+00:00,63.553391622834845,36829658511.00235,2782786048.6797314
solana,2026-06-10 21:00:00+00:00,63.28209874443879,36672440620.03569,2830104697.532953
solana,2026-06-10 22:00:00+00:00,62.50597446204922,36222668856.0566,2839865149.403636
solana,2026-06-10 23:00:00+00:00,62.74863956936724,36363293028.106346,2908848328.7607107
solana,2026-06-11 00:00:00+00:00,63.18212175433404,36614496967.74654,2915668831.8778567
solana,2026-06-11 01:00:00+00:00,63.664853134808695,36906989715.66288,2946953499.916537
solana,2026-06-11 02:00:00+00:00,64.8732468848016,37607502703.78167,3134665038.18226
solana,2026-06-11 03:00:00+00:00,64.47558323426102,37376972073.65924,3139807623.8858857
solana,2026-06-11 04:00:00+00:00,65.22269958788296,37810079213.93674,3274459372.9955845
solana,2026-06-11 05:00:00+00:00,65.14314340723777,37763958220.521095,3255074151.6542497
solana,2026-06-11 06:00:00+00:00,64.90600882267356,37626487630.12737,3255355223.5046544
solana,2026-06-11 07:00:00+00:00,65.06843466885961,37720645301.82625,3268002081.5624123
solana,2026-06-11 08:00:00+00:00,64.96522646797825,37660812897.64728,3291688094.68337
solana,2026-06-11 09:00:00+00:00,65.2490835840482,37825365167.90137,3273392089.2116275
solana,2026-06-11 10:00:00+00:00,65.35494537019201,37886732145.23837,3289271927.1214066
solana,2026-06-11 11:00:00+00:00,65.46030637235691,37947809067.174194,3260021254.0570984
solana,2026-06-11 12:00:00+00:00,65.82221700894259,38157609261.11459,3218237713.416775
solana,2026-06-11 13:00:00+00:00,65.21132291205669,37803467788.67568,3125529813.278605
solana,2026-06-11 14:00:00+00:00,65.45929888035089,37947219299.82959,3053267353.997159
solana,2026-06-11 15:00:00+00:00,65.30103393662857,37855470004.3216,2997667027.7501245
solana,2026-06-11 16:00:00+00:00,65.46765477305978,37952059007.05305,2897240912.35221
solana,2026-06-11 17:00:00+00:00,65.33527625691264,37875316155.6222,2819847352.0655203
solana,2026-06-11 18:00:00+00:00,66.98667100844942,38832639081.174034,2980073764.71684
solana,2026-06-11 19:00:00+00:00,66.74653436258146,38693427933.17425,2989375475.9077096
solana,2026-06-11 20:00:00+00:00,66.87567901723862,38768292057.956856,3022640171.757598
solana,2026-06-11 21:00:00+00:00,66.53609291431938,38571429531.58123,2949030836.7131715
solana,2026-06-11 22:00:00+00:00,66.80992724003379,38730171165.283165,2924370752.340035
solana,2026-06-11 23:00:00+00:00,66.84998016134797,38753388177.46508,2866986214.265121
solana,2026-06-12 00:00:00+00:00,66.81660398292856,38734037859.60971,2800664428.8383875
solana,2026-06-12 01:00:00+00:00,66.81697513627114,38734251086.34172,2805578627.584738
solana,2026-06-12 02:00:00+00:00,66.61152127131994,38615146261.52747,2648973596.540413
solana,2026-06-12 03:00:00+00:00,67.07428661418543,38883412602.22027,2640059998.567194
solana,2026-06-12 04:00:00+00:00,66.95327172082465,38813257671.432175,2550710375.264016
solana,2026-06-12 05:00:00+00:00,66.99027688612018,38834707798.39261,2577993164.8802977
solana,2026-06-12 06:00:00+00:00,66.67317068612262,38650877621.79337,2576170461.1513658
solana,2026-06-12 07:00:00+00:00,66.08412436426671,38309401738.93693,2565858270.311909
solana,2026-06-12 08:00:00+00:00,66.25741743557727,38409859069.95632,2567585852.284049
solana,2026-06-12 09:00:00+00:00,66.85492265721214,38756234856.31306,2589209843.72548
solana,2026-06-12 10:00:00+00:00,67.11573863331321,38915390388.51847,2605312592.4583693
solana,2026-06-12 11:00:00+00:00,66.7456182437853,38700783466.59257,2630005724.750361
solana,2026-06-12 12:00:00+00:00,66.85766822240925,38765745303.59498,2605690841.80731
solana,2026-06-12 13:00:00+00:00,66.70616024594992,38677890824.09257,2499688597.158116
solana,2026-06-12 14:00:00+00:00,66.63885405256175,38638861719.88328,2518573452.486108
solana,2026-06-12 15:00:00+00:00,67.892924416512,39366000404.27279,2642342908.1230774
solana,2026-06-12 16:00:00+00:00,67.20205820403122,38965416624.74599,2923936598.771165
solana,2026-06-12 17:00:00+00:00,67.96304355157376,39406652061.09906,2997458762.2633886
solana,2026-06-12 18:00:00+00:00,67.3627490336872,39058584138.59271,2802038293.843598
solana,2026-06-12 19:00:00+00:00,67.04605036521856,38874952226.510445,2788434231.139436
solana,2026-06-12 20:00:00+00:00,66.74597921508662,38700961715.166046,2688296016.3428187
solana,2026-06-12 21:00:00+00:00,66.6551799572204,38648311731.43104,2710184691.509379
solana,2026-06-12 22:00:00+00:00,66.56030887177702,38593301185.83248,2718188001.018807
solana,2026-06-12 23:00:00+00:00,66.60510658644934,38619274152.98813,2715874771.727325
solana,2026-06-13 00:00:00+00:00,66.77674858898844,38718794394.00756,2667985489.0141864
solana,2026-06-13 01:00:00+00:00,66.97370601467539,38832993200.65149,2698425871.570608
solana,2026-06-13 02:00:00+00:00,67.39143246385183,39075199566.3992,2681411473.946969
solana,2026-06-13 03:00:00+00:00,66.95149672016902,38820112039.71103,2671931991.7356987
solana,2026-06-13 04:00:00+00:00,66.85372601631623,38763420519.19293,2627720261.2283354
solana,2026-06-13 05:00:00+00:00,66.64175663379862,38640513506.54917,2588642950.807012
solana,2026-06-13 06:00:00+00:00,66.73396277967903,38693975100.53008,2526883399.750241
solana,2026-06-13 07:00:00+00:00,67.13665135651786,38927462053.85697,2488331703.2425885
solana,2026-06-13 08:00:00+00:00,67.32214156144492,39035011852.94748,2496682056.812103
solana,2026-06-13 09:00:00+00:00,67.29457870803111,39019028378.015854,2494856754.138427
solana,2026-06-13 10:00:00+00:00,67.33048848090606,39039848083.03388,2406253830.3761992
solana,2026-06-13 11:00:00+00:00,67.39938557709719,39079794735.67027,2334348513.580152
solana,2026-06-13 12:00:00+00:00,67.86229983535183,39348201772.46725,2328151979.632576
solana,2026-06-13 13:00:00+00:00,67.9120496421722,39377046120.95221,2357528955.965073
solana,2026-06-13 14:00:00+00:00,67.97990838984305,39416390547.24821,2241845023.540625
solana,2026-06-13 15:00:00+00:00,68.20366422330748,39546127517.11002,2051096925.2765937
solana,2026-06-13 16:00:00+00:00,68.56159005857994,39753659647.2177,1735875595.737297
solana,2026-06-13 17:00:00+00:00,68.06383981620267,39465049938.53528,1713216853.355343
solana,2026-06-13 18:00:00+00:00,67.96215611328287,39406089317.316185,1667429244.98516
solana,2026-06-13 19:00:00+00:00,68.08258207218505,39475913307.82046,1598369499.0354772
solana,2026-06-13 20:00:00+00:00,68.199684366451,39543809770.17909,1504618994.6683192
solana,2026-06-13 21:00:00+00:00,68.24228719364113,39568509995.65574,1434197889.7044904
solana,2026-06-13 22:00:00+00:00,69.23999328067029,40147001663.61599,1534965218.9045992
solana,2026-06-13 23:00:00+00:00,68.87684670627267,39936438617.78407,1557658639.3379686
solana,2026-06-14 00:00:00+00:00,68.87994920794057,39938235528.10983,1570972400.7552242
solana,2026-06-14 01:00:00+00:00,68.78560959030229,39883533285.13159,1570026710.587179
solana,2026-06-14 02:00:00+00:00,68.80515408321028,39894863874.362816,1569982430.514258
solana,2026-06-14 03:00:00+00:00,68.80698822971725,39895925359.67991,1587474381.7313366
solana,2026-06-14 04:00:00+00:00,68.94659482471944,39976870976.19814,1579619968.5108366
solana,2026-06-14 05:00:00+00:00,68.5184573539563,39728624764.080444,1541399737.6226046
solana,2026-06-14 06:00:00+00:00,68.23998864404433,39567160073.655785,1651368400.8816454
solana,2026-06-14 07:00:00+00:00,68.16419309657492,39523210417.825714,1665015507.8221977
solana,2026-06-14 08:00:00+00:00,68.17538072803173,39529695426.48138,1611766860.2470934
solana,2026-06-14 09:00:00+00:00,68.19741522529691,39542469836.28517,1553626751.1754155
solana,2026-06-14 10:00:00+00:00,68.43843820658249,39690337231.02562,1604398658.1125116
solana,2026-06-14 11:00:00+00:00,68.1188763262372,39505001647.15343,1567249223.7241836
solana,2026-06-14 12:00:00+00:00,68.0761584486374,39480220724.09157,1550703304.758419
solana,2026-06-14 13:00:00+00:00,67.74940305214908,39290716686.71232,1522583632.786345
solana,2026-06-14 14:00:00+00:00,67.71469146915784,39270583383.24992,1478825958.322569
solana,2026-06-14 15:00:00+00:00,67.23621955912273,38993095498.359726,1527773226.205427
solana,2026-06-14 16:00:00+00:00,67.39957092263829,39087828098.671326,1498074176.2949889
solana,2026-06-14 17:00:00+00:00,67.4773362690397,39132925599.95514,1404149151.6055665
solana,2026-06-14 18:00:00+00:00,67.30474229211987,39032828929.10441,1377089186.1684673
solana,2026-06-14 19:00:00+00:00,67.37951549572568,39076190838.38896,1344245305.0062528
solana,2026-06-14 20:00:00+00:00,67.53177636614781,39164491421.04255,1362118579.8495152
solana,2026-06-14 21:00:00+00:00,67.76920808612485,39302185969.64064,1400814531.96156
solana,2026-06-14 22:00:00+00:00,70.1104286421161,40659955148.239525,1543170195.5241385
solana,2026-06-14 23:00:00+00:00,70.36834349104444,40809528522.34426,1611946359.5213437
solana,2026-06-15 00:00:00+00:00,71.21816957667109,41302375511.16598,1787610919.2006843
solana,2026-06-15 01:00:00+00:00,71.08468198022665,41224958304.88681,1836030596.5335104
solana,2026-06-15 02:00:00+00:00,70.96870815225824,41157698152.9895,1925095565.4570377
solana,2026-06-15 03:00:00+00:00,70.93305837268372,41137021547.51041,1913272315.709873
solana,2026-06-15 04:00:00+00:00,71.19116621886506,41286706907.20199,1996498053.669263
solana,2026-06-15 05:00:00+00:00,70.8853920532858,41109373584.91053,1944226385.8008976
solana,2026-06-15 06:00:00+00:00,71.18019165914579,41280338243.4931,1890721937.4031343
solana,2026-06-15 07:00:00+00:00,71.30758858495824,41354219050.63481,1852755588.1389573
solana,2026-06-15 08:00:00+00:00,71.23037112205415,41309435310.94332,1910469264.879416
solana,2026-06-15 09:00:00+00:00,71.25991600188144,41326567587.93832,1942730446.7150505
solana,2026-06-15 10:00:00+00:00,71.17527646919001,41277479633.3424,1950085517.4177415
solana,2026-06-15 11:00:00+00:00,71.8132567767266,41647468937.26401,2075576705.9380715
solana,2026-06-15 12:00:00+00:00,72.57316129499951,42088166438.898445,2217427272.4605227
solana,2026-06-15 13:00:00+00:00,72.79995874356557,42219693311.49087,2359539188.200476
solana,2026-06-15 14:00:00+00:00,73.5443548311538,42651397105.30784,2598072716.587168
solana,2026-06-15 15:00:00+00:00,73.75003155628087,42770674452.02798,2639495129.946766
solana,2026-06-15 16:00:00+00:00,75.17220383569071,43595448306.55364,2806779400.495879
solana,2026-06-15 17:00:00+00:00,75.49834343305066,43784587034.13411,3012148339.392116
solana,2026-06-15 18:00:00+00:00,75.23385810447142,43631198896.06159,3174030379.560201
solana,2026-06-15 19:00:00+00:00,75.2502329694886,43640692680.98819,3284456040.345653
solana,2026-06-15 20:00:00+00:00,75.13876129083651,43576043230.53115,3379695073.09874
solana,2026-06-15 21:00:00+00:00,74.88881826281468,43431088846.59461,3385714689.560747
solana,2026-06-15 22:00:00+00:00,74.41327966402322,43155302002.62595,3174182546.308182
solana,2026-06-15 23:00:00+00:00,73.74321744815761,42766703273.4543,3073653192.193635
solana,2026-06-16 00:00:00+00:00,73.9490661555558,42886081046.16554,3029066101.9198065
solana,2026-06-16 01:00:00+00:00,73.99207783222145,42911023324.68786,2936247178.7220707
solana,2026-06-16 02:00:00+00:00,73.86046980365263,42834696105.9262,2896666940.367053
solana,2026-06-16 03:00:00+00:00,72.96406563412869,42314832706.137566,2878466727.8139186
solana,2026-06-16 04:00:00+00:00,73.69459822273862,42738496129.39045,2955036032.3833227
solana,2026-06-16 05:00:00+00:00,73.34042236158946,42533092929.57762,2923114945.000052
solana,2026-06-16 06:00:00+00:00,73.63748079724249,42705367363.90883,3012997719.1696377
solana,2026-06-16 07:00:00+00:00,74.14762295515459,43001217456.87971,3064752468.012956
solana,2026-06-16 08:00:00+00:00,74.39878399018995,43146873732.17657,3083947671.7312284
solana,2026-06-16 09:00:00+00:00,75.33460033555687,43698515932.52711,3056870370.6730914
solana,2026-06-16 10:00:00+00:00,74.83329800781031,43407729066.044136,3165940987.560024
solana,2026-06-16 11:00:00+00:00,74.67709092701867,43317115609.53395,3083333342.090935
solana,2026-06-16 12:00:00+00:00,74.59044480691888,43266846282.177895,2973497575.946851
solana,2026-06-16 13:00:00+00:00,74.88368635460533,43436937755.72827,2941692818.526576
solana,2026-06-16 14:00:00+00:00,73.95358021101524,42897419105.0739,2836182764.441005
solana,2026-06-16 15:00:00+00:00,72.8474097158222,42255772341.364426,2840175013.5147443
solana,2026-06-16 16:00:00+00:00,73.26620900751729,42498698110.48351,2818783674.179968
solana,2026-06-16 17:00:00+00:00,73.02895635289957,42361074980.37535,2620592693.7729564
solana,2026-06-16 18:00:00+00:00,73.61810503184934,42702813165.75346,2550115870.081096
solana,2026-06-16 19:00:00+00:00,73.93521691725657,42886754108.13611,2576741503.339537
solana,2026-06-16 20:00:00+00:00,73.76275853402741,42786715634.21502,2525764324.504924
solana,2026-06-16 21:00:00+00:00,74.06763323841238,42963558158.60694,2512502932.371981
solana,2026-06-16 22:00:00+00:00,73.87039134971667,42849144011.43536,2454568603.7504573
solana,2026-06-16 23:00:00+00:00,73.76423879968932,42787566911.91086,2327891166.582504
solana,2026-06-17 00:00:00+00:00,73.4631155495267,42612895578.23611,2333870477.2213845
solana,2026-06-17 01:00:00+00:00,73.32472510264407,42532618762.85606,2308327266.281962
solana,2026-06-17 02:00:00+00:00,73.86788731490198,42847682728.89671,2311192338.966607
solana,2026-06-17 03:00:00+00:00,73.96562053634509,42904371441.01655,2312532872.2956405
solana,2026-06-17 04:00:00+00:00,73.60302312999676,42694041613.20881,2234057248.587016
solana,2026-06-17 05:00:00+00:00,73.75594961264136,42782745736.60703,2272241848.0764403
solana,2026-06-17 06:00:00+00:00,73.57245088611208,42676303534.48154,2211471186.418956
solana,2026-06-17 07:00:00+00:00,73.33464233632827,42538358631.74391,2238524878.3605504
solana,2026-06-17 08:00:00+00:00,73.18248133489429,42450094499.05944,2230420551.896428
solana,2026-06-17 09:00:00+00:00,72.29621661088382,41936007150.54969,2196087234.793271
solana,2026-06-17 10:00:00+00:00,72.44299639654068,42021146067.3171,2210656370.947016
solana,2026-06-17 11:00:00+00:00,72.10395050753078,41824477563.48603,2179286442.3751383
solana,2026-06-17 12:00:00+00:00,71.98715752814215,41756729021.30299,2190311299.521256
solana,2026-06-17 13:00:00+00:00,72.27640549195006,41924507528.53217,2162742027.836285
solana,2026-06-17 14:00:00+00:00,72.40627984442656,41999840034.85698,2109348368.4895165
solana,2026-06-17 15:00:00+00:00,72.35440258371656,41969745532.0458,2015071851.5022955
solana,2026-06-17 16:00:00+00:00,73.74911687929931,42778657072.72004,2079279959.700626
solana,2026-06-17 17:00:00+00:00,73.7214697737301,42762617630.62463,2164214146.441382
solana,2026-06-17 18:00:00+00:00,74.00491630381374,42927030409.9346,2168684839.504025
solana,2026-06-17 19:00:00+00:00,73.51035763360699,42640155914.63955,2405338176.55505
solana,2026-06-17 20:00:00+00:00,71.61050619261836,41538132106.32317,2561936046.1318154
solana,2026-06-17 21:00:00+00:00,72.12806947723043,41838345081.13969,2656502778.182328
solana,2026-06-17 22:00:00+00:00,71.52537390928907,41488745683.72064,2661685270.573082
solana,2026-06-17 23:00:00+00:00,71.66117760618572,41567516972.02133,2712309287.6662
solana,2026-06-18 00:00:00+00:00,71.98435089991071,41754973369.46756,2718013844.532121
solana,2026-06-18 01:00:00+00:00,72.17153838393922,41863550674.56101,2783882892.7166667
solana,2026-06-18 02:00:00+00:00,72.16480464350153,41859642570.73885,2741863372.448244
solana,2026-06-18 03:00:00+00:00,72.4545577429423,42027713777.3018,2733709413.508702
solana,2026-06-18 04:00:00+00:00,71.59087440217864,41526726703.66466,2704897021.904448
solana,2026-06-18 05:00:00+00:00,71.06051028442498,41219083704.897095,2677374616.8306093
solana,2026-06-18 06:00:00+00:00,71.04298901210151,41208918515.88627,2691832396.476499
solana,2026-06-18 07:00:00+00:00,71.29367581652095,41354328955.889496,2763904739.424204
solana,2026-06-18 08:00:00+00:00,71.7018013050632,41591062585.704185,2744906259.018696
solana,2026-06-18 09:00:00+00:00,71.80051833255602,41656842674.36371,2654529420.850547
solana,2026-06-18 10:00:00+00:00,71.78550833742207,41648132020.03257,2625328863.0974293
solana,2026-06-18 11:00:00+00:00,71.35868143163012,41400489567.009605,2667665790.781825
solana,2026-06-18 12:00:00+00:00,70.87545112563474,41120128206.895,2634153697.238925
solana,2026-06-18 13:00:00+00:00,71.49074026331994,41477097827.134674,2597795104.116128
solana,2026-06-18 14:00:00+00:00,70.86687969913201,41115147667.89777,2608478089.849396
solana,2026-06-18 15:00:00+00:00,71.02357683473411,41206056605.82933,2594912674.503538
solana,2026-06-18 16:00:00+00:00,68.36084136452759,39661202867.63048,2771055146.6913443
solana,2026-06-18 17:00:00+00:00,68.99314167918074,40028045086.09895,2859030134.1940675
solana,2026-06-18 18:00:00+00:00,68.55632601511972,39774613431.17696,2869672959.253421
solana,2026-06-18 19:00:00+00:00,68.591865508549,39795230426.30897,2710170511.5448413
solana,2026-06-18 20:00:00+00:00,69.33790391236954,40228060314.11917,2520127067.34984
solana,2026-06-18 21:00:00+00:00,69.75164007953597,40468096818.84475,2493443068.1689105
solana,2026-06-18 22:00:00+00:00,69.48440907843346,40313054179.49069,2497420217.3180184
solana,2026-06-18 23:00:00+00:00,69.46739491005262,40303181031.01208,2446609494.7246585
solana,2026-06-19 00:00:00+00:00,69.64875448394535,40408399128.20716,2477277075.7462106
solana,2026-06-19 01:00:00+00:00,69.7181899227935,40448681795.28214,2449548038.0845537
solana,2026-06-19 02:00:00+00:00,69.86266503803434,40532500357.58224,2460184609.41142
solana,2026-06-19 03:00:00+00:00,69.59720430326104,40378484817.31863,2466258314.2692065
solana,2026-06-19 04:00:00+00:00,68.97453394199879,40017225435.56029,2458906287.302192
solana,2026-06-19 05:00:00+00:00,68.25797082803135,39601492402.167564,2470224857.167489
solana,2026-06-19 06:00:00+00:00,68.61264685501372,39807264230.94854,2471943801.8139086
solana,2026-06-19 07:00:00+00:00,68.67784424773654,39845087871.76936,2535325974.5918646
solana,2026-06-19 08:00:00+00:00,68.30830138539403,39630686882.34311,2551932582.141808
solana,2026-06-19 09:00:00+00:00,68.59599681208087,39797598316.54558,2574520070.859381
solana,2026-06-19 10:00:00+00:00,68.27650820667454,39612237529.20139,2587650440.609477
solana,2026-06-19 11:00:00+00:00,68.2614256247437,39603485055.9785,2573895679.64429
solana,2026-06-19 12:00:00+00:00,68.18499526733665,39559140528.56847,2551909974.292883
solana,2026-06-19 13:00:00+00:00,68.54832796244567,39769934569.38052,2595558528.688114
solana,2026-06-19 14:00:00+00:00,69.22388099614098,40161870167.11453,2639852942.5196195
solana,2026-06-19 15:00:00+00:00,69.10400518034484,40092319240.22281,2632183316.016146
solana,2026-06-19 16:00:00+00:00,69.25818660217787,40181768916.74762,2261865163.4597945
solana,2026-06-19 17:00:00+00:00,68.66871072190344,39839768342.39602,2113827896.2443888
solana,2026-06-19 18:00:00+00:00,69.2736094778855,40190712360.41361,2124780001.7637355
solana,2026-06-19 19:00:00+00:00,68.98449183294827,40022971742.99272,1992115821.480995
solana,2026-06-19 20:00:00+00:00,68.90463453339994,39976638524.19837,1975376963.3567152
solana,2026-06-19 21:00:00+00:00,69.18227115130885,40137713771.79075,1907591105.1341712
solana,2026-06-19 22:00:00+00:00,68.94329675985225,39999064992.4828,1912210039.354888
solana,2026-06-19 23:00:00+00:00,69.33808372990649,40228108117.04343,1917908774.453696
solana,2026-06-20 00:00:00+00:00,69.67510636134296,40423637128.5939,1944665336.472355
solana,2026-06-20 01:00:00+00:00,69.57186415941547,40363736990.45359,1989713824.5575883
solana,2026-06-20 02:00:00+00:00,69.72865903332931,40454703186.00583,1962035003.576382
solana,2026-06-20 03:00:00+00:00,69.59255416463547,40375736654.25519,1923058668.4811916
solana,2026-06-20 04:00:00+00:00,69.93086148878815,40572011447.79901,1870822065.2613883
solana,2026-06-20 05:00:00+00:00,70.7761170295941,41062404092.67386,1879581045.573881
solana,2026-06-20 06:00:00+00:00,71.73222224968926,41617108845.45111,1978327391.0467656
solana,2026-06-20 07:00:00+00:00,72.053666481848,41803599941.52273,1968665265.878034
solana,2026-06-20 08:00:00+00:00,71.52679796906442,41497923051.06018,1943200011.961274
solana,2026-06-20 09:00:00+00:00,71.28861769569347,41368170473.91444,1922636002.567392
solana,2026-06-20 10:00:00+00:00,71.49903367687884,41490270830.43278,1937588563.819352
solana,2026-06-20 11:00:00+00:00,71.62262696352579,41561989184.77969,1910156487.4503653
solana,2026-06-20 12:00:00+00:00,71.72349721587472,41620521189.466194,1894731670.8082304
solana,2026-06-20 13:00:00+00:00,71.50278947491327,41492444407.36264,1857883685.9573452
solana,2026-06-20 14:00:00+00:00,71.16340567407332,41295500823.05695,1766719802.6523602
solana,2026-06-20 15:00:00+00:00,71.83357929866844,41684394541.77258,1851515039.295503
solana,2026-06-20 16:00:00+00:00,71.93879066205469,41745445247.84901,1986374507.059419
solana,2026-06-20 17:00:00+00:00,71.57581106085968,41534806774.89509,2028906992.2530437
solana,2026-06-20 18:00:00+00:00,71.48323553730914,41481086021.67181,2013706165.627904
solana,2026-06-20 19:00:00+00:00,71.67373410700658,41591630647.93597,2038534095.335857
solana,2026-06-20 20:00:00+00:00,71.77887142798012,41652640900.51632,2047475408.6624196
solana,2026-06-20 21:00:00+00:00,71.95290888701429,41753633290.61905,2052884719.1431496
solana,2026-06-20 22:00:00+00:00,72.3160675879704,41964371055.923706,2046272185.6615195
solana,2026-06-20 23:00:00+00:00,73.51525409927322,42660248326.412094,2241471990.723185
solana,2026-06-21 00:00:00+00:00,73.18000530963474,42465706434.49679,2276338717.7167253
solana,2026-06-21 01:00:00+00:00,73.06610986840629,42399587035.26402,2213274224.25386
solana,2026-06-21 02:00:00+00:00,73.09750992513939,42417807200.08249,2270017806.1612544
solana,2026-06-21 03:00:00+00:00,73.25066297787625,42506680496.44716,2263949019.612184
solana,2026-06-21 04:00:00+00:00,73.54415557496726,42676991529.07752,2309478480.259402
solana,2026-06-21 05:00:00+00:00,73.37221469973491,42577215833.53209,2254391966.1283803
solana,2026-06-21 06:00:00+00:00,73.01224405837583,42368328208.24229,2135072271.1804545
solana,2026-06-21 07:00:00+00:00,73.17494611909841,42462742705.39623,2087294188.677281
solana,2026-06-21 08:00:00+00:00,73.12915985798266,42436173362.63189,2091352588.4492
solana,2026-06-21 09:00:00+00:00,73.05964858831518,42395836617.39928,2129491357.5691583
solana,2026-06-21 10:00:00+00:00,73.95953792282779,42918034053.835335,2202963781.436366
solana,2026-06-21 11:00:00+00:00,73.8339086563096,42845132555.39423,2244444930.263422
solana,2026-06-21 12:00:00+00:00,73.0998075456499,42419119424.796425,2232919370.5964417
solana,2026-06-21 13:00:00+00:00,73.56601959135754,42689656661.93203,2241669569.4563518
solana,2026-06-21 14:00:00+00:00,73.81671024905722,42835130049.84944,2321825669.997285
solana,2026-06-21 15:00:00+00:00,73.95844453479964,42917377098.543625,2269438587.6264625
solana,2026-06-21 16:00:00+00:00,74.06514169231599,42979285099.03276,2068527798.7176645
solana,2026-06-21 17:00:00+00:00,74.27926022385859,43103533987.98064,2090121525.5881631
solana,2026-06-21 18:00:00+00:00,74.20590144523452,43060962385.713165,2090921763.1824784
solana,2026-06-21 19:00:00+00:00,74.08700649802583,42991966534.35137,2098239396.26996
solana,2026-06-21 20:00:00+00:00,74.35497807108577,43147465575.95343,2120103105.067223
solana,2026-06-21 21:00:00+00:00,73.35562302768038,42567547422.20585,2114824347.234824
solana,2026-06-21 22:00:00+00:00,73.0298576935649,42378506603.23702,2179048758.695959
solana,2026-06-21 23:00:00+00:00,72.99475709459104,42358135966.566345,2042908273.266374
solana,2026-06-22 00:00:00+00:00,72.42261496688492,42026125560.66186,2052347755.8736544
solana,2026-06-22 01:00:00+00:00,73.30200007535399,42536421595.72253,2143611509.779072
solana,2026-06-22 02:00:00+00:00,74.35533299301548,43147658045.05303,2266750605.2474155
solana,2026-06-22 03:00:00+00:00,73.75867939407885,42801423866.4361,2322058450.104572
solana,2026-06-22 04:00:00+00:00,73.45786672869579,42626862956.631294,2260688780.6298003
solana,2026-06-22 05:00:00+00:00,73.79430263071028,42822091178.852776,2331018889.2877326
solana,2026-06-22 06:00:00+00:00,73.86362255618623,42862314939.52059,2330313891.6772413
solana,2026-06-22 07:00:00+00:00,73.6602862968856,42744318997.00297,2334958975.6462107
solana,2026-06-22 08:00:00+00:00,74.03511506484523,42970593719.01173,2342273282.7730656
solana,2026-06-22 09:00:00+00:00,73.82637833518909,42849438793.61319,2305282568.1793666
solana,2026-06-22 10:00:00+00:00,73.72277685403104,42789300212.47404,2249946694.520512
solana,2026-06-22 11:00:00+00:00,73.71195724756625,42783015200.27487,2250212777.108404
solana,2026-06-22 12:00:00+00:00,74.14350433911082,43033485831.51198,2370504846.957735
solana,2026-06-22 13:00:00+00:00,74.31961136048884,43135697484.60366,2418698319.5201983
solana,2026-06-22 14:00:00+00:00,74.88741434296028,43465252427.5411,2475370677.0594883
solana,2026-06-22 15:00:00+00:00,73.37805284554176,42589204489.65141,2584367296.709432
solana,2026-06-22 16:00:00+00:00,73.07656470445279,42414215913.15884,2654212352.856118
solana,2026-06-22 17:00:00+00:00,72.87112398587095,42294973776.7945,2691648846.601671
solana,2026-06-22 18:00:00+00:00,73.20010485935757,42485914617.98482,2681367253.877175
solana,2026-06-22 19:00:00+00:00,72.57236679595047,42121567930.84346,2589748072.755008
solana,2026-06-22 20:00:00+00:00,72.66358782078623,42174511287.19387,2703948736.824818
solana,2026-06-22 21:00:00+00:00,72.73196534266832,42214195540.54687,2654714060.843249
solana,2026-06-22 22:00:00+00:00,72.63044716242673,42155271626.42166,2598715444.904828
solana,2026-06-22 23:00:00+00:00,72.01072499271488,41795577764.33207,2647970501.850396
solana,2026-06-23 00:00:00+00:00,71.84825365060954,41701275965.356384,2564318280.8954406
solana,2026-06-23 01:00:00+00:00,71.79487580112537,41670292894.78726,2482146264.458276
solana,2026-06-23 02:00:00+00:00,71.65132260072336,41586971475.37701,2428963759.5405493
solana,2026-06-23 03:00:00+00:00,71.92962879609918,41748500512.83926,2410010285.5999103
solana,2026-06-23 04:00:00+00:00,71.90871164959721,41736357688.342606,2390559385.729812
solana,2026-06-23 05:00:00+00:00,71.39771321023912,41439768145.267296,2325168647.855726
solana,2026-06-23 06:00:00+00:00,70.9392321131329,41173660357.48168,2337790458.330644
solana,2026-06-23 07:00:00+00:00,70.2625172172818,40780887525.39205,2443633050.807465
solana,2026-06-23 08:00:00+00:00,69.92496764495314,40584969411.218834,2487051811.8678894
solana,2026-06-23 09:00:00+00:00,68.58853515275975,39809291796.53139,2626746519.676529
solana,2026-06-23 10:00:00+00:00,68.84189169009208,39956339818.87512,2678946674.2976203
solana,2026-06-23 11:00:00+00:00,68.74985688644499,39902920371.27833,2688832721.1153154
solana,2026-06-23 12:00:00+00:00,69.21935334504064,40175049502.29336,2645729136.969063
solana,2026-06-23 13:00:00+00:00,68.89634952125925,39987575449.18408,2546141920.833772
solana,2026-06-23 14:00:00+00:00,69.10265311440669,40107312197.81509,2516440032.3325963
solana,2026-06-23 15:00:00+00:00,69.10925364841758,40111141000.04543,2481943963.48321
solana,2026-06-23 16:00:00+00:00,68.80704789156617,39935737860.03804,2431878461.95024
solana,2026-06-23 17:00:00+00:00,68.84836930333276,39959718306.69028,2371217007.8131847
solana,2026-06-23 18:00:00+00:00,68.70285873905422,39875261362.85715,2347458504.11604
solana,2026-06-23 19:00:00+00:00,68.8277411442155,39947740909.38237,2302914952.4806714
solana,2026-06-23 20:00:00+00:00,68.79702326160763,39929910054.88808,2295991283.1339345
solana,2026-06-23 21:00:00+00:00,68.91902707633763,40000719072.5482,2264939160.223921
solana,2026-06-23 22:00:00+00:00,69.20239465569954,40165184049.10137,2265514656.364231
solana,2026-06-23 23:00:00+00:00,69.48249012997871,40327749652.38619,2212639783.896923
solana,2026-06-24 00:00:00+00:00,69.6086375465547,40400963779.9402,2237316369.5899425
solana,2026-06-24 01:00:00+00:00,69.91506882352225,40578814705.02978,2250492060.2889977
solana,2026-06-24 02:00:00+00:00,70.05393765185467,40659412485.79145,2241022363.884736
solana,2026-06-24 03:00:00+00:00,69.39998451850387,40279855182.76091,2239455013.014925
solana,2026-06-24 04:00:00+00:00,69.50015677974127,40337993387.55825,2280321847.724808
solana,2026-06-24 05:00:00+00:00,69.52537969066893,40352630747.73476,2285883504.633838
solana,2026-06-24 06:00:00+00:00,69.86066867033983,40547230784.39183,2250821407.3598347
solana,2026-06-24 07:00:00+00:00,69.66485897472458,40433580513.60063,2134122379.7441056
solana,2026-06-24 08:00:00+00:00,69.28977247025236,40215878270.089096,2045035629.2255087
solana,2026-06-24 09:00:00+00:00,69.39212152459018,40283483225.12255,1864121179.2645795
solana,2026-06-24 10:00:00+00:00,69.24626856815212,40198809255.98461,1813444452.2332108
solana,2026-06-24 11:00:00+00:00,68.94715595727949,40025157579.10596,1843985081.2850907
solana,2026-06-24 12:00:00+00:00,69.72847010286709,40478722533.77798,1881092165.1289952
solana,2026-06-24 13:00:00+00:00,69.37316728907372,40272460225.40081,1886813797.28176
solana,2026-06-24 14:00:00+00:00,68.80892227354458,39944905122.567024,1946456615.9000523
solana,2026-06-24 15:00:00+00:00,68.75936932824035,39916138683.080414,2030149310.589228
solana,2026-06-24 16:00:00+00:00,67.23117781473442,39028994065.79614,2045817597.545533
solana,2026-06-24 17:00:00+00:00,66.46817875033008,38586058408.19238,2347171233.670999
solana,2026-06-24 18:00:00+00:00,64.91653954223649,37685290254.447495,2588766075.190579
solana,2026-06-24 19:00:00+00:00,65.94603763724652,38282931019.27587,2800024919.1043835
solana,2026-06-24 20:00:00+00:00,66.05391002682663,38345551322.22057,2915102513.9454
solana,2026-06-24 21:00:00+00:00,67.59273612257577,39238869144.08088,3158637097.990352
solana,2026-06-24 22:00:00+00:00,68.07986132079562,39521654588.29,3278169870.613704
solana,2026-06-24 23:00:00+00:00,67.73664329612532,39322409995.89024,3255230758.7757206
solana,2026-06-25 00:00:00+00:00,67.94878023470052,39445550402.63168,3263229987.707027
solana,2026-06-25 01:00:00+00:00,67.58554590622781,39234687907.31752,3245566516.9011173
solana,2026-06-25 02:00:00+00:00,67.7892958445581,39352968600.83468,3245368842.512807
solana,2026-06-25 03:00:00+00:00,67.6518218800667,39273162363.86672,3209707754.7923326
solana,2026-06-25 04:00:00+00:00,67.60888490548953,39248236637.89037,3207717905.708109
solana,2026-06-25 05:00:00+00:00,68.33738279416667,39671135865.14883,3221830511.0744133
solana,2026-06-25 06:00:00+00:00,68.94974824157053,40026622502.62836,3386040627.850434
solana,2026-06-25 07:00:00+00:00,69.36864386161129,40269799269.46196,3463442198.018451
solana,2026-06-25 08:00:00+00:00,69.34506930266627,40256109600.1121,3451100437.3624
solana,2026-06-25 09:00:00+00:00,68.93251824918619,40016614964.15854,3438991477.670225
solana,2026-06-25 10:00:00+00:00,68.74611166214318,39908400369.19724,3426536174.6671863
solana,2026-06-25 11:00:00+00:00,68.20521925734475,39594402237.151024,3399437854.0392475
solana,2026-06-25 12:00:00+00:00,68.09181388288238,39528568301.54888,3383306555.9933777
solana,2026-06-25 13:00:00+00:00,68.22692111518246,39606993383.79106,3452806317.0896974
solana,2026-06-25 14:00:00+00:00,64.2324340606543,37288119546.977554,3476436614.959522
solana,2026-06-25 15:00:00+00:00,66.29593479157808,38486014395.1627,3888690870.484833
solana,2026-06-25 16:00:00+00:00,66.22555597794423,38445155904.40551,3945476133.873901
solana,2026-06-25 17:00:00+00:00,65.88972691719258,38250198339.30463,3701340811.55138
solana,2026-06-25 18:00:00+00:00,67.01321703864713,38902402828.77652,3586123533.6466064
solana,2026-06-25 19:00:00+00:00,66.06384021008806,38351269569.03161,3500567611.514242
solana,2026-06-25 20:00:00+00:00,66.06134130174131,38349816699.91783,3443544150.1061034
solana,2026-06-25 21:00:00+00:00,66.18238479783922,38420082694.17804,3336336403.75748
solana,2026-06-25 22:00:00+00:00,67.16770331447515,38992075871.551125,3351067115.769199
solana,2026-06-25 23:00:00+00:00,67.07394308430868,38937644147.01848,3315564159.1322126
solana,2026-06-26 00:00:00+00:00,67.63197484567073,39261589126.28676,3481478952.3798857
solana,2026-06-26 01:00:00+00:00,67.66547990240512,39281053296.42336,3480640552.1682377
solana,2026-06-26 02:00:00+00:00,67.22585935394368,39025843237.7589,3520228878.2595444
solana,2026-06-26 03:00:00+00:00,66.12476519938745,38386635872.90778,3597229045.3599744
solana,2026-06-26 04:00:00+00:00,68.10045535179128,39533557793.22517,3887709376.784695
solana,2026-06-26 05:00:00+00:00,67.98760450465913,39468043585.48647,3933631333.053628
solana,2026-06-26 06:00:00+00:00,68.2590659524983,39625630000.24427,3888747164.311366
solana,2026-06-26 07:00:00+00:00,69.75453912674924,40493777275.71429,4141272241.729969
solana,2026-06-26 08:00:00+00:00,70.7110534590452,41057406523.63384,4377371971.123904
solana,2026-06-26 09:00:00+00:00,69.83280400811847,40547460883.09565,4448884139.164852
solana,2026-06-26 10:00:00+00:00,68.9153199724134,40014734276.39875,4497351700.826353
solana,2026-06-26 11:00:00+00:00,68.68645354897701,39881844252.63587,4493016975.278949
solana,2026-06-26 12:00:00+00:00,68.49152617313409,39768660230.12137,4439744010.206778
solana,2026-06-26 13:00:00+00:00,68.80367988491291,39949903379.46687,4535957035.20433
solana,2026-06-26 14:00:00+00:00,70.54731188929465,40962317725.09523,4412014961.602965
solana,2026-06-26 15:00:00+00:00,70.40219083828244,40878053297.12496,4255134370.391093
solana,2026-06-26 16:00:00+00:00,71.98063748266159,41794552951.52893,4348632159.714009
solana,2026-06-26 17:00:00+00:00,72.39884792318139,42037365918.30309,4540004130.85925
solana,2026-06-26 18:00:00+00:00,72.50621083029738,42099698913.45501,4520421167.425969
solana,2026-06-26 19:00:00+00:00,72.4775964233863,42083082048.92667,4417659486.307201
solana,2026-06-26 20:00:00+00:00,73.22375903064952,42516328023.34673,4587748367.217632
solana,2026-06-26 21:00:00+00:00,72.0534956301872,41836828831.42531,4640220453.07558
solana,2026-06-26 22:00:00+00:00,71.90271262340738,41749276676.82825,4625010970.703687
solana,2026-06-26 23:00:00+00:00,71.72867429519049,41648221627.77976,4624328185.282364
solana,2026-06-27 00:00:00+00:00,71.81424446301368,41697905662.04016,4562551012.342848
solana,2026-06-27 01:00:00+00:00,71.72705264601474,41647275754.36227,4511130980.655757
solana,2026-06-27 02:00:00+00:00,71.34831526166349,41427365359.85537,4430784020.053638
solana,2026-06-27 03:00:00+00:00,72.0455364908015,41832194669.59075,4394962003.055333
solana,2026-06-27 04:00:00+00:00,72.17240993595578,41905859599.07267,4199727171.340193
solana,2026-06-27 05:00:00+00:00,71.8407215916411,41713267704.03688,4126351303.816688
solana,2026-06-27 06:00:00+00:00,71.71496111557002,41640244627.25748,4147720466.903458
solana,2026-06-27 07:00:00+00:00,72.02393342594621,41819642883.6232,3939484008.741637
solana,2026-06-27 08:00:00+00:00,72.20065727491128,41922253137.24004,3683854534.429791
solana,2026-06-27 09:00:00+00:00,71.94228240690062,41772229572.173584,3538547541.2513924
solana,2026-06-27 10:00:00+00:00,71.77282529682554,41673834836.11756,3435525612.4747314
solana,2026-06-27 11:00:00+00:00,71.9321858124236,41766363125.62871,3392190172.9127765
solana,2026-06-27 12:00:00+00:00,71.70168645499415,41632525101.90264,3332608407.162178
solana,2026-06-27 13:00:00+00:00,72.05933984422025,41840189279.690346,3273904561.5631213
solana,2026-06-27 14:00:00+00:00,72.24423502345093,41947543534.58285,3093016715.2429504
solana,2026-06-27 15:00:00+00:00,72.59981579106211,42154003691.04804,2778828563.3348174
solana,2026-06-27 16:00:00+00:00,72.72014176555608,42223866944.3116,2585560954.7925453
solana,2026-06-27 17:00:00+00:00,72.5626663437218,42132428677.92945,2321630634.490589
solana,2026-06-27 18:00:00+00:00,71.9794488858646,41793789512.03892,2237573354.1463203
solana,2026-06-27 19:00:00+00:00,71.80576110764275,41692938291.33524,2181699154.9830704
solana,2026-06-27 20:00:00+00:00,71.01241657825786,41232292266.540245,2069081851.983208
solana,2026-06-27 21:00:00+00:00,71.16911730432403,41323276161.70373,1894408383.0164683
solana,2026-06-27 22:00:00+00:00,70.87991137704795,41155350731.07826,1856711617.7251165
solana,2026-06-27 23:00:00+00:00,70.97979390671821,41213343884.40681,1866414434.499372
solana,2026-06-28 00:00:00+00:00,70.40481823828176,40879492017.40393,1858983984.0053177
solana,2026-06-28 01:00:00+00:00,70.63061398131086,41010593422.94328,1806554350.0925376
solana,2026-06-28 02:00:00+00:00,70.75457555417013,41082567991.33441,1792718813.5523684
solana,2026-06-28 03:00:00+00:00,70.66913007373309,41032953234.46574,1754606006.765081
solana,2026-06-28 04:00:00+00:00,70.77427317020076,41094002111.59587,1679940045.2666802
solana,2026-06-28 05:00:00+00:00,70.68134750408399,41040042870.70536,1669883949.9825785
solana,2026-06-28 06:00:00+00:00,70.43071219539839,40894513084.01242,1634886853.0191038
solana,2026-06-28 07:00:00+00:00,70.37630433071068,40862919754.49261,1612795191.3863292
solana,2026-06-28 08:00:00+00:00,70.9769810204369,41220066776.25156,1601353962.092076
solana,2026-06-28 09:00:00+00:00,71.83737577873514,41719737364.89828,1710114576.973765
solana,2026-06-28 10:00:00+00:00,71.4665027898403,41504341689.309074,1719911696.718025
solana,2026-06-28 11:00:00+00:00,71.3800920801682,41454153517.80195,1714725916.2582817
solana,2026-06-28 12:00:00+00:00,71.81816216842135,41708560652.79783,1744389429.7715635
solana,2026-06-28 13:00:00+00:00,71.80003764767147,41698033698.96634,1738154973.6552336
solana,2026-06-28 14:00:00+00:00,71.66371102764529,41618857906.24873,1727581325.6935794
solana,2026-06-28 15:00:00+00:00,71.59881267835482,41581165766.52516,1734738395.915075
solana,2026-06-28 16:00:00+00:00,71.91458398702132,41764548071.73744,1724929326.9648545
solana,2026-06-28 17:00:00+00:00,71.4739086633687,41508622241.53665,1736063655.1554246
solana,2026-06-28 18:00:00+00:00,71.46387504049059,41502792517.77887,1724692189.1287868
solana,2026-06-28 19:00:00+00:00,71.08904343516177,41285105564.54665,1685500243.5696256
solana,2026-06-28 20:00:00+00:00,70.63885726087554,41023656729.64181,1628548720.3673234
solana,2026-06-28 21:00:00+00:00,70.82130366489906,41129611818.79373,1667225851.1449254
solana,2026-06-28 22:00:00+00:00,70.35910047463618,40861182610.79741,1642364961.33101
solana,2026-06-28 23:00:00+00:00,70.13186496144314,40729212502.96473,1730177501.3965073
solana,2026-06-29 00:00:00+00:00,71.2724585453322,41391613578.9028,1815015636.43894
solana,2026-06-29 01:00:00+00:00,71.53951232437004,41547840644.01354,1940574855.34257
solana,2026-06-29 02:00:00+00:00,71.37812772727557,41454111208.590126,2001793926.938498
solana,2026-06-29 03:00:00+00:00,72.07256149275348,41857413172.13058,2120730637.253851
solana,2026-06-29 04:00:00+00:00,72.57791652195853,42150904661.32365,2274594026.618079
solana,2026-06-29 05:00:00+00:00,71.57438154465773,41568081652.85176,2245044538.2846684
solana,2026-06-29 06:00:00+00:00,72.15900924175156,41907612051.0528,2329285574.067641
solana,2026-06-29 07:00:00+00:00,72.27989530947315,41977816697.64176,2389972779.050336
solana,2026-06-29 08:00:00+00:00,72.6278056242245,42179869539.13312,2472807923.476903
solana,2026-06-29 09:00:00+00:00,72.64808145477004,42191642600.201324,2417730981.1472054
solana,2026-06-29 10:00:00+00:00,72.8413586192661,42303889457.082886,2466700140.4443846
solana,2026-06-29 11:00:00+00:00,73.16000546808304,42488947107.00803,2517125909.978405
solana,2026-06-29 12:00:00+00:00,72.40468532740742,42050279408.53462,2595747714.64519
solana,2026-06-29 13:00:00+00:00,73.42367656310535,42642073750.40781,2961757262.976937
solana,2026-06-29 14:00:00+00:00,73.53778297247887,42708340485.64736,3274885979.805429
solana,2026-06-29 15:00:00+00:00,73.5590252223813,42720674464.04327,3545502419.886982
solana,2026-06-29 16:00:00+00:00,73.77197124131261,42844343754.9649,3697018097.436363
solana,2026-06-29 17:00:00+00:00,73.90249153887147,42920142986.20745,3726553203.310157
solana,2026-06-29 18:00:00+00:00,75.13721617005866,43637227901.84046,4187347857.30904
solana,2026-06-29 19:00:00+00:00,75.46203393744456,43825868826.30071,4240064627.198909
solana,2026-06-29 20:00:00+00:00,75.87328999196674,44064709883.72729,4374685989.81535
solana,2026-06-29 21:00:00+00:00,75.27992113609496,43720098627.78152,4296789106.549516
solana,2026-06-29 22:00:00+00:00,75.41574162677803,43798976158.85129,4324867577.178515
solana,2026-06-29 23:00:00+00:00,75.16969904375938,43656080095.96394,4209928327.516781
solana,2026-06-30 00:00:00+00:00,75.01499688974292,43566231846.29124,4222616480.428232
solana,2026-06-30 01:00:00+00:00,74.32003837671888,43162625677.91528,4093770399.573675
solana,2026-06-30 02:00:00+00:00,74.30731809134045,43155235432.48176,4081021213.543408
solana,2026-06-30 03:00:00+00:00,74.48697195684987,43259570172.056725,3999988605.025453
solana,2026-06-30 04:00:00+00:00,74.08344363918492,43025212175.79248,3892613582.385185
solana,2026-06-30 05:00:00+00:00,73.9264320250439,42934022537.15221,3872490677.409008
solana,2026-06-30 06:00:00+00:00,74.10613977870038,43038388084.39016,3866856505.109223
solana,2026-06-30 07:00:00+00:00,74.04471891080253,43002708010.02536,3746769451.022639
solana,2026-06-30 08:00:00+00:00,74.03884311942645,42999292044.68031,3766209178.292732
solana,2026-06-30 09:00:00+00:00,73.50957775109741,42700584944.906265,3801973955.0596633
solana,2026-06-30 10:00:00+00:00,73.69064523596444,42805762045.56987,3789981601.110424
solana,2026-06-30 11:00:00+00:00,73.62838264143093,42769592567.168976,3796150057.332036
solana,2026-06-30 12:00:00+00:00,73.28675346978528,42571143268.699066,3644642773.2657423
solana,2026-06-30 13:00:00+00:00,72.02404327024773,41837651980.31512,3410594005.092444
solana,2026-06-30 14:00:00+00:00,72.76076573158913,42265600363.39221,3397679501.1276507
solana,2026-06-30 15:00:00+00:00,72.8364791925803,42309578528.05717,3224386088.0808125
solana,2026-06-30 16:00:00+00:00,73.04006359353433,42427834759.823006,3185840413.1753902
solana,2026-06-30 17:00:00+00:00,73.41596201199744,42646185756.6286,3160236351.3104954
solana,2026-06-30 18:00:00+00:00,73.10301422594793,42464396517.91392,2831467224.5496016
solana,2026-06-30 19:00:00+00:00,73.4908727435847,42689695129.03998,2814351171.5135293
solana,2026-06-30 20:00:00+00:00,73.61492782514735,42761754248.72403,2757067977.2860684
solana,2026-06-30 21:00:00+00:00,73.58915177400286,42746770342.711006,2781861754.442422
solana,2026-06-30 22:00:00+00:00,73.37018880070079,42619564669.35333,2715978556.9105763
solana,2026-06-30 23:00:00+00:00,73.33465963068082,42598918940.7631,2692593143.1768456
solana,2026-07-01 00:00:00+00:00,73.56481907476494,42732612580.56446,2690535956.393772
solana,2026-07-01 01:00:00+00:00,73.53867895644984,42718514820.29292,2647808675.471059
solana,2026-07-01 02:00:00+00:00,73.85256651884808,42900849522.06525,2757342305.194783
solana,2026-07-01 03:00:00+00:00,74.67747484485753,43380034912.41524,2871958184.2376366
solana,2026-07-01 04:00:00+00:00,75.36083851583659,43776997610.57118,2969548009.0371275
solana,2026-07-01 05:00:00+00:00,75.4559719412174,43832258280.861046,2976929639.136491
solana,2026-07-01 06:00:00+00:00,75.1384771288464,43647823641.72581,3020338161.5156417
solana,2026-07-01 07:00:00+00:00,74.17464620464334,43087933754.7232,3096039834.079485
solana,2026-07-01 08:00:00+00:00,74.7676922068041,43432430862.737465,3115685917.670224
solana,2026-07-01 09:00:00+00:00,75.33180187951875,43760119248.60143,3063206634.31948
solana,2026-07-01 10:00:00+00:00,75.35604737586758,43774201180.71677,3103463274.1198745
solana,2026-07-01 11:00:00+00:00,74.90872138204057,43514347789.73585,3144601599.895782
solana,2026-07-01 12:00:00+00:00,74.74483038778827,43419141849.43448,3172012768.00076
solana,2026-07-01 13:00:00+00:00,74.50829791047836,43281738044.89222,3161550352.524418
solana,2026-07-01 14:00:00+00:00,75.90976858358215,44095847189.36929,3166797667.8833723
solana,2026-07-01 15:00:00+00:00,76.8485065127406,44641155339.02787,3361254804.2999773
solana,2026-07-01 16:00:00+00:00,77.35840647292977,44937352309.68955,3395796742.4105964
solana,2026-07-01 17:00:00+00:00,77.05810478794096,44762904759.29027,3411308360.221724
solana,2026-07-01 18:00:00+00:00,77.67510209267871,45121314691.99624,3492917546.160026
solana,2026-07-01 19:00:00+00:00,77.3313946907764,44921653098.89899,3445872548.8092866
solana,2026-07-01 20:00:00+00:00,76.85478604328301,44644766911.490616,3470292829.728241
solana,2026-07-01 21:00:00+00:00,77.33310971663431,44922621642.5411,3467730633.2436576
solana,2026-07-01 22:00:00+00:00,78.36272850107106,45520721852.78713,3613824182.962948
solana,2026-07-01 23:00:00+00:00,77.77599102265133,45179884844.367424,3693300680.432868
solana,2026-07-02 00:00:00+00:00,77.36147682738353,44939092000.96649,3754552448.9840846
solana,2026-07-02 01:00:00+00:00,77.12978988742411,44804503281.31267,3721671520.422766
solana,2026-07-02 02:00:00+00:00,78.07823843054693,45355452506.40138,3730803118.0627937
solana,2026-07-02 03:00:00+00:00,78.33586680575013,45505105658.94895,3658588103.132895
solana,2026-07-02 04:00:00+00:00,78.63204540423435,45677152928.04578,3646330894.180209
solana,2026-07-02 05:00:00+00:00,78.17905171247168,45414007423.82374,3547350503.627641
solana,2026-07-02 06:00:00+00:00,78.01301081973662,45317552453.127785,3547941851.0817246
solana,2026-07-02 07:00:00+00:00,77.81293877282357,45201328452.73987,3486628797.899278
solana,2026-07-02 08:00:00+00:00,77.87285422269242,45236131280.65037,3400481211.8065066
solana,2026-07-02 09:00:00+00:00,78.36167886197742,45520085912.31775,3447913625.77712
solana,2026-07-02 10:00:00+00:00,79.37585911921693,46118584466.37108,3542863980.459172
solana,2026-07-02 11:00:00+00:00,81.89924931082683,47584700728.48828,3924938981.761893
solana,2026-07-02 12:00:00+00:00,82.29248902616715,47813164016.83996,4295744811.41895
solana,2026-07-02 13:00:00+00:00,81.30863414743513,47241523381.17139,4366597472.265489
solana,2026-07-02 14:00:00+00:00,81.40875958392425,47299694277.22791,4478802522.235921
solana,2026-07-02 15:00:00+00:00,80.41303569621097,46721160897.10309,4297539801.378804
solana,2026-07-02 16:00:00+00:00,80.7906606779967,46940563121.2783,4204890219.956115
solana,2026-07-02 17:00:00+00:00,80.48471160795933,46762799521.91513,4120704606.153665
solana,2026-07-02 18:00:00+00:00,80.59658846799866,46827798604.041664,4168498169.173898
solana,2026-07-02 19:00:00+00:00,80.95776435669467,47037641879.77623,4173554177.428526
solana,2026-07-02 20:00:00+00:00,80.78456493997354,46937007896.81043,4153592633.9592414
solana,2026-07-02 21:00:00+00:00,80.94787318062743,47031889793.48178,4121599913.5983486
solana,2026-07-02 22:00:00+00:00,80.69838880234408,46886933038.29794,4046091280.6432986
solana,2026-07-02 23:00:00+00:00,80.60811340318656,46834479309.14947,3936206684.361637
solana,2026-07-03 00:00:00+00:00,80.61965067731505,46841180219.067215,3887626249.521208
solana,2026-07-03 01:00:00+00:00,80.72342994712689,46901474828.18387,3834866394.5120335
solana,2026-07-03 02:00:00+00:00,81.39368546884018,47290900492.18236,3852991092.431444
solana,2026-07-03 03:00:00+00:00,80.71523176506616,46896706726.84798,3835980797.270957
solana,2026-07-03 04:00:00+00:00,80.64244657904618,46854415178.18491,3718153517.539372
solana,2026-07-03 05:00:00+00:00,80.43523992235879,46734023041.67801,3658579955.56188
solana,2026-07-03 06:00:00+00:00,81.07075162253392,47103262124.21292,3667073562.512733
solana,2026-07-03 07:00:00+00:00,80.89671288159394,47002140428.010864,3656329702.388252
solana,2026-07-03 08:00:00+00:00,81.13882625475233,47142809481.70666,3649855804.69352
solana,2026-07-03 09:00:00+00:00,80.82661880212623,46961410506.59238,3635140017.669162
solana,2026-07-03 10:00:00+00:00,80.9641789351767,47041332414.08298,3460068607.422332
solana,2026-07-03 11:00:00+00:00,81.46581204283707,47332785845.75416,3145912727.725036
solana,2026-07-03 12:00:00+00:00,81.4956066372064,47350094717.41894,2836215101.9577994
solana,2026-07-03 13:00:00+00:00,81.43512343022788,47314950541.508,2545247301.005838
solana,2026-07-03 14:00:00+00:00,81.52142000263984,47365087319.19132,2347533169.092309
solana,2026-07-03 15:00:00+00:00,81.60484868126197,47413557726.23923,2223786205.397853
solana,2026-07-03 16:00:00+00:00,81.14205236922443,47144664253.444725,2157338232.1309576
solana,2026-07-03 17:00:00+00:00,81.45751122232036,47327947496.93023,2079800676.2374876
solana,2026-07-03 18:00:00+00:00,81.655449205222,47442949539.12903,2012696819.7549648
solana,2026-07-03 19:00:00+00:00,82.04675626157227,47670301506.97107,1937918067.249637
solana,2026-07-03 20:00:00+00:00,82.39908779955555,47875008215.72304,2019787995.6570103
solana,2026-07-03 21:00:00+00:00,82.65284470599417,48022441330.0948,2077193033.868467
solana,2026-07-03 22:00:00+00:00,82.58916050323576,47985437183.36874,2105646226.1615968
solana,2026-07-03 23:00:00+00:00,82.28508021085044,47808759482.51399,2064168040.0844169
solana,2026-07-04 00:00:00+00:00,82.29123076434712,47812330484.64846,2062341004.3981605
solana,2026-07-04 01:00:00+00:00,82.34747341142135,47845005457.68711,2058344841.1799445
solana,2026-07-04 02:00:00+00:00,81.88476097177201,47576160569.18748,2026992286.2232327
solana,2026-07-04 03:00:00+00:00,82.11916638934437,47712350943.01133,2013304442.654304
solana,2026-07-04 04:00:00+00:00,82.59933752362424,47991334354.97977,2070820372.5224524
solana,2026-07-04 05:00:00+00:00,83.38903631613071,48450157671.015686,2194815599.478224
solana,2026-07-04 06:00:00+00:00,83.28201125802107,48387972369.00655,2231229312.9045863
solana,2026-07-04 07:00:00+00:00,82.48967748420094,47927613030.49239,2294940950.2150264
solana,2026-07-04 08:00:00+00:00,82.65371243520862,48022917486.06615,2337168600.366214
solana,2026-07-04 09:00:00+00:00,82.24920007728338,47787887373.30703,2281868292.3224187
solana,2026-07-04 10:00:00+00:00,81.68076044075352,47467238610.33101,2317106023.788288
solana,2026-07-04 11:00:00+00:00,81.58691576205923,47412700217.18407,2256632271.4527216
solana,2026-07-04 12:00:00+00:00,81.76893574838435,47518465359.37396,2269643747.8591766
solana,2026-07-04 13:00:00+00:00,81.54184140506247,47386481822.52686,2218768175.9164667
solana,2026-07-04 14:00:00+00:00,81.60174497114238,47421288354.16489,2232134771.1634235
solana,2026-07-04 15:00:00+00:00,81.75281435510938,47509076155.03982,2161365999.4241734
solana,2026-07-04 16:00:00+00:00,82.16384124271646,47747934013.25575,2215253092.0158043
solana,2026-07-04 17:00:00+00:00,82.15220935662443,47741171496.862045,2190891289.991764
solana,2026-07-04 18:00:00+00:00,82.49756066562212,47941862771.82964,2260635473.080664
solana,2026-07-04 19:00:00+00:00,82.207358493369,47773214815.9906,2209784853.614409
solana,2026-07-04 20:00:00+00:00,81.82884621316536,47553246652.40201,2125210977.8799589
solana,2026-07-04 21:00:00+00:00,81.92428125691842,47608704452.5741,2025093809.77135
solana,2026-07-04 22:00:00+00:00,81.93155471501711,47612928121.69286,2015304208.3430464
solana,2026-07-04 23:00:00+00:00,81.84843694292601,47564623689.16321,1990009790.828178
solana,2026-07-05 00:00:00+00:00,81.70349684813986,47480391856.62143,2002372603.9912696
solana,2026-07-05 01:00:00+00:00,81.23470846271256,47207962198.682434,1981205858.2902253
solana,2026-07-05 02:00:00+00:00,80.77716374104416,46942066485.2438,2008343676.4871547
solana,2026-07-05 03:00:00+00:00,80.29238824091085,46660346451.39673,2070483289.291526
solana,2026-07-05 04:00:00+00:00,80.46575043003986,46761089856.36143,1975039913.7957852
solana,2026-07-05 05:00:00+00:00,80.53584500841485,46801821866.99428,1876137954.2277796
solana,2026-07-05 06:00:00+00:00,80.4095664138085,46728435450.956215,1817173191.0052376
solana,2026-07-05 07:00:00+00:00,80.54308091897201,46806022263.38938,1690388837.0133314
solana,2026-07-05 08:00:00+00:00,80.66032343824942,46874153359.51626,1677781561.8432686
solana,2026-07-05 09:00:00+00:00,80.4406483333484,46746491497.00928,1659949605.4234111
solana,2026-07-05 10:00:00+00:00,79.84165843458271,46398398198.5723,1631605375.9464078
solana,2026-07-05 11:00:00+00:00,80.36416274804667,46702038619.99336,1645971749.1893194
solana,2026-07-05 12:00:00+00:00,80.528022139982,46797259887.853,1656666273.1466208
solana,2026-07-05 13:00:00+00:00,80.71713379982835,46907156082.79241,1655573115.5748608
solana,2026-07-05 14:00:00+00:00,81.1708877420354,47170843335.36894,1675270946.3201764
solana,2026-07-05 15:00:00+00:00,81.36742026667558,47285051833.33655,1719193107.5654502
solana,2026-07-05 16:00:00+00:00,81.29572017953264,47243382040.50151,1629939643.4371405
solana,2026-07-05 17:00:00+00:00,81.05243479734709,47101998868.42366,1623245747.1184058
solana,2026-07-05 18:00:00+00:00,81.08052386110928,47118319570.19453,1564537221.3759122
solana,2026-07-05 19:00:00+00:00,80.94410787841818,47039041460.49688,1551022310.778238
solana,2026-07-05 20:00:00+00:00,80.98583198381606,47063285933.56897,1538243210.757829
solana,2026-07-05 21:00:00+00:00,81.0097458875116,47077180454.32351,1473091754.727089
solana,2026-07-05 22:00:00+00:00,81.75258917278093,47508866347.07501,1538854947.0521088
solana,2026-07-05 23:00:00+00:00,81.75848784900968,47512291280.07984,1677205668.5122666
solana,2026-07-06 00:00:00+00:00,81.51563065259701,47371157650.909485,1690405895.2732563
solana,2026-07-06 01:00:00+00:00,82.13711475358205,47732317866.18327,1681076715.2223997
solana,2026-07-06 02:00:00+00:00,81.47449514215447,47347247254.32709,1650430117.8640454
solana,2026-07-06 03:00:00+00:00,80.95416289819605,47044864345.12264,1656556167.621266
solana,2026-07-06 04:00:00+00:00,80.71518644818292,46905985903.39856,1649733588.030997
solana,2026-07-06 05:00:00+00:00,80.76642761137423,46935760845.16294,1687848096.6002517
solana,2026-07-06 06:00:00+00:00,80.38003903131751,46711216901.11117,1681409804.3663788
solana,2026-07-06 07:00:00+00:00,80.29968483368462,46664518517.69842,1690985927.4807749
solana,2026-07-06 08:00:00+00:00,80.78792450316091,46948246597.43782,1755881087.326322
solana,2026-07-06 09:00:00+00:00,80.41216301903259,46729878095.7855,1752685550.320645
solana,2026-07-06 10:00:00+00:00,80.01013032658642,46505677712.79924,1673230626.2887363
solana,2026-07-06 11:00:00+00:00,80.59599740697182,46846208928.067696,1709815729.0402477
solana,2026-07-06 12:00:00+00:00,80.4119464840599,46739221793.53612,1719772099.762035
solana,2026-07-06 13:00:00+00:00,79.45454383696399,46182723224.41,1822395886.2840784
solana,2026-07-06 14:00:00+00:00,80.16215694355309,46594017640.2799,1980609684.0047312
solana,2026-07-06 15:00:00+00:00,80.20337445554013,46617972016.224,2051956818.940036
solana,2026-07-06 16:00:00+00:00,81.40796797871457,47318135326.8462,2168290909.176139
solana,2026-07-06 17:00:00+00:00,82.03524540745393,47682735515.61137,2379702679.028426
solana,2026-07-06 18:00:00+00:00,81.58498749791441,47421021763.05426,2448404145.5279984
solana,2026-07-06 19:00:00+00:00,81.93640572592173,47625279463.51109,2526118784.838033
solana,2026-07-06 20:00:00+00:00,82.0232559569405,47675757704.49019,2554859929.365848
solana,2026-07-06 21:00:00+00:00,82.0532993791221,47693217639.336784,2586157021.4239283
solana,2026-07-06 22:00:00+00:00,82.73556030670646,48089776867.90243,2759874773.707637
solana,2026-07-06 23:00:00+00:00,82.23965350580498,47801529749.66138,2644659360.230986
solana,2026-07-07 00:00:00+00:00,81.88843062284806,47597380143.591705,2617314582.434274
solana,2026-07-07 01:00:00+00:00,82.29388709471023,47884912784.540016,2603344360.607733
solana,2026-07-07 02:00:00+00:00,81.84395637165333,47623105575.30072,2633482196.372704
solana,2026-07-07 03:00:00+00:00,81.29673464867605,47304683879.559456,2551091245.1572576
solana,2026-07-07 04:00:00+00:00,81.0050900376009,47134980042.55742,2562146161.0658226
solana,2026-07-07 05:00:00+00:00,80.84802307978866,47043583885.77416,2533630872.105388
solana,2026-07-07 06:00:00+00:00,81.03701891440502,47153553776.04924,2582093297.430998
solana,2026-07-07 07:00:00+00:00,81.46038664001993,47399899099.55485,2596105103.367902
solana,2026-07-07 08:00:00+00:00,81.4294110663721,47381872555.21097,2593418678.900785
solana,2026-07-07 09:00:00+00:00,81.19703980788218,47246658465.36018,2636577875.911333
solana,2026-07-07 10:00:00+00:00,81.25041748483103,47277715278.55273,2683083776.154946
solana,2026-07-07 11:00:00+00:00,80.9176627221187,47084090637.27402,2661659559.0887585
solana,2026-07-07 12:00:00+00:00,81.24122282344186,47272360277.28572,2706522454.28699
solana,2026-07-07 13:00:00+00:00,81.3821597735721,47354365554.75015,2528264466.3379493
solana,2026-07-07 14:00:00+00:00,80.73199053319317,46976044686.572044,2449722627.9244304
solana,2026-07-07 15:00:00+00:00,81.73423435055797,47559223780.7646,2507312278.205198
solana,2026-07-07 16:00:00+00:00,82.05186132786227,47744040593.02839,2488679263.552897
solana,2026-07-07 17:00:00+00:00,82.14235186717096,47783312019.49875,2363598591.4028187
solana,2026-07-07 18:00:00+00:00,82.64058739601997,48073139443.35589,2320718390.5951643
solana,2026-07-07 19:00:00+00:00,81.24412419569846,47260795317.43244,2264491423.107289
solana,2026-07-07 20:00:00+00:00,81.29328669252824,47289390871.21496,2304322688.5792265
solana,2026-07-07 21:00:00+00:00,81.1282223159148,47193367742.26994,2305899576.20972
solana,2026-07-07 22:00:00+00:00,80.7696266931127,46984765087.89663,2138371065.9035244
solana,2026-07-07 23:00:00+00:00,80.82126181627554,47014799243.220245,2135770183.260391
solana,2026-07-08 00:00:00+00:00,80.58601402999597,46877949813.676575,2163625524.631806
solana,2026-07-08 01:00:00+00:00,80.31698209227066,46721481894.431,2142971732.649604
solana,2026-07-08 02:00:00+00:00,79.017009998895,45965267777.98003,2228606862.075089
solana,2026-07-08 03:00:00+00:00,79.00162018707572,45956312665.64126,2315717573.9118967
solana,2026-07-08 04:00:00+00:00,78.65918448963268,45757110360.63894,2293550327.714471
solana,2026-07-08 05:00:00+00:00,78.57975901412135,45710905148.45322,2305783773.941746
solana,2026-07-08 06:00:00+00:00,78.363105973959,45584872585.603264,2293880534.18975
solana,2026-07-08 07:00:00+00:00,78.15096791155484,45461466398.43784,2344645806.727301
solana,2026-07-08 08:00:00+00:00,78.21436088747194,45498340357.894005,2387252149.3156238
solana,2026-07-08 09:00:00+00:00,77.18555527084973,44899868148.15679,2461688611.554325
solana,2026-07-08 10:00:00+00:00,77.13339381733705,44869522506.02045,2482763071.316068
solana,2026-07-08 11:00:00+00:00,77.24706467902773,44944756600.59364,2475182498.5518622
solana,2026-07-08 12:00:00+00:00,77.4726239878624,45075991361.82812,2500124241.5222387
solana,2026-07-08 13:00:00+00:00,76.97182589221995,44784597148.56805,2459184744.57793
solana,2026-07-08 14:00:00+00:00,77.21151444254163,44924046337.85187,2540560050.9258614
solana,2026-07-08 15:00:00+00:00,77.03581236323471,44821812560.44593,2486779862.427804
solana,2026-07-08 16:00:00+00:00,76.68618754685725,44618387266.32149,2464430851.9866624
solana,2026-07-08 17:00:00+00:00,77.214024282068,44925496196.03254,2476052336.0412803
solana,2026-07-08 18:00:00+00:00,77.05327382218667,44831964017.44516,2469251096.000659
solana,2026-07-08 19:00:00+00:00,77.09501666184562,44856248768.58774,2464842002.96504
solana,2026-07-08 20:00:00+00:00,77.37141178194567,45017061430.651146,2436555545.4155035
solana,2026-07-08 21:00:00+00:00,77.13613497114741,44880167639.16383,2395406146.453033
solana,2026-07-08 22:00:00+00:00,77.20029826202601,44917497294.91392,2364451123.455952
solana,2026-07-08 23:00:00+00:00,77.47441839787183,45076986346.83296,2374067235.325325
solana,2026-07-09 00:00:00+00:00,77.78886312209272,45259937301.13004,2347806059.4267416
solana,2026-07-09 01:00:00+00:00,77.64278523878464,45175601337.716095,2300727227.28532
solana,2026-07-09 02:00:00+00:00,77.31040528719781,44982207354.61444,2254976128.804508
solana,2026-07-09 03:00:00+00:00,76.99981888655832,44801493571.46919,2160095793.7141213
solana,2026-07-09 04:00:00+00:00,77.29905149639632,44975596449.53625,2178773010.706193
solana,2026-07-09 05:00:00+00:00,77.91434320658988,45333594735.63581,2186331918.048812
solana,2026-07-09 06:00:00+00:00,78.32101994345285,45570212601.92499,2206732598.617753
solana,2026-07-09 07:00:00+00:00,78.41856865403034,45626968022.78329,2191601711.7159247
solana,2026-07-09 08:00:00+00:00,78.15113631467646,45471363193.89936,2126076776.2522345
solana,2026-07-09 09:00:00+00:00,78.06318367421373,45420186380.62933,2001982276.3476129
solana,2026-07-09 10:00:00+00:00,78.01495607573433,45392122507.85982,270477290.38330853
solana,2026-07-09 11:00:00+00:00,77.62504429825204,45165255247.10346,1838531239.3264096
solana,2026-07-09 12:00:00+00:00,77.55590072072627,45125022490.48474,1816032140.593048
solana,2026-07-09 13:00:00+00:00,77.60294440358311,45152391918.33084,1888996574.419432
solana,2026-07-09 14:00:00+00:00,78.16673312396755,45480423048.05104,1846699978.3016937
solana,2026-07-09 15:00:00+00:00,77.81468479410809,45275585168.453575,1792659205.4911869
solana,2026-07-09 16:00:00+00:00,77.57361849555987,45135320685.33659,1739857838.6781282
solana,2026-07-09 17:00:00+00:00,77.62550894763234,45165509690.79882,1717853878.950232
solana,2026-07-09 18:00:00+00:00,78.01955634326906,45394779087.46968,1704722857.542473
solana,2026-07-09 19:00:00+00:00,78.13100124887863,45459619342.8191,1714744126.7564678
solana,2026-07-09 20:00:00+00:00,78.09602183659098,45439264309.38536,1691582446.695703
solana,2026-07-09 21:00:00+00:00,78.11421845545861,45449849430.08963,1677272621.3482845
solana,2026-07-09 22:00:00+00:00,77.99427738132744,45380060553.92686,1664775479.6698852
solana,2026-07-09 23:00:00+00:00,78.05320068449561,45414341769.07356,1648209069.0930765
solana,2026-07-10 00:00:00+00:00,77.99219264415099,45378842482.56204,1631018066.1333897
solana,2026-07-10 01:00:00+00:00,78.04513700563649,45409645138.49067,1627870831.0083663
solana,2026-07-10 02:00:00+00:00,79.01406202771409,45973400477.4706,1634489132.685014
solana,2026-07-10 03:00:00+00:00,78.98071364215164,45953994790.74955,1636293531.343311
solana,2026-07-10 04:00:00+00:00,78.9278300470002,45923222546.08765,1650528963.2453885
solana,2026-07-10 05:00:00+00:00,78.92780004788249,45923203064.7915,1640698024.7003644
solana,2026-07-10 06:00:00+00:00,79.13340130896401,46042827184.39252,1640033352.7114651
solana,2026-07-10 07:00:00+00:00,78.85897651249712,45883154340.2151,1607085345.321862
solana,2026-07-10 08:00:00+00:00,78.82201304003195,45861645099.02964,1563648271.3924756
solana,2026-07-10 09:00:00+00:00,79.15095610315755,46053034615.00041,1589855356.3064644
solana,2026-07-10 10:00:00+00:00,79.17960229146709,46069699775.30708,1611991081.062224
solana,2026-07-10 11:00:00+00:00,79.3453380179184,46166128874.67071,1612326141.5085466
solana,2026-07-10 12:00:00+00:00,79.29994836096937,46149058224.4389,1613187563.991357
solana,2026-07-10 13:00:00+00:00,78.88092731636856,45905204523.23765,1539286731.1275632
solana,2026-07-10 14:00:00+00:00,78.95983857712982,45951115729.53767,1530353648.281113
solana,2026-07-10 15:00:00+00:00,77.8579856929568,45309878730.43152,1785797916.1728716
solana,2026-07-10 16:00:00+00:00,78.07805770151334,45437947637.92076,1820095009.6648333
solana,2026-07-10 17:00:00+00:00,78.08695556152075,45443123179.34425,1824461914.3244848
solana,2026-07-10 18:00:00+00:00,77.5456775267429,45128120823.31548,1845089596.431029
solana,2026-07-10 19:00:00+00:00,77.46851830933767,45083215124.37354,1842468587.549238
solana,2026-07-10 20:00:00+00:00,77.85206145278387,45306417666.88416,1865198895.130366
solana,2026-07-10 21:00:00+00:00,77.713612493145,45225844023.03171,1875664556.084912
solana,2026-07-10 22:00:00+00:00,77.92310138149513,45347754718.34592,1918867560.6440349
solana,2026-07-10 23:00:00+00:00,78.11370683706609,45458675977.76207,1934350838.866144
solana,2026-07-11 00:00:00+00:00,78.06878587097549,45432531655.03275,1914269300.4583545
solana,2026-07-11 01:00:00+00:00,77.80068471381664,45292206282.05135,1901968374.4523373
solana,2026-07-11 02:00:00+00:00,77.50231077291963,45118503554.5933,1888425593.822313
solana,2026-07-11 03:00:00+00:00,77.73317067300655,45252898118.5593,1868478831.9243283
solana,2026-07-11 04:00:00+00:00,77.75451753448317,45265323239.50225,1837696313.96854
solana,2026-07-11 05:00:00+00:00,77.66845140390389,45215217025.72238,1803030390.8393447
solana,2026-07-11 06:00:00+00:00,77.82756934641017,45307846603.591385,1777996136.5100412
solana,2026-07-11 07:00:00+00:00,77.99759044077702,45406822998.59727,1781410147.396272
solana,2026-07-11 08:00:00+00:00,77.93083211713302,45367957205.856,1775559675.016395
solana,2026-07-11 09:00:00+00:00,78.10750714036259,45470807719.471176,1724447290.476128
solana,2026-07-11 10:00:00+00:00,77.77903947522096,45279585974.809525,1687386224.853464
solana,2026-07-11 11:00:00+00:00,77.98376340358101,45398765113.07138,1673112081.6423273
solana,2026-07-11 12:00:00+00:00,78.04166551995685,45432471129.92734,1645717172.773516
solana,2026-07-11 13:00:00+00:00,78.02922627084281,45425227517.92935,1588910719.599533
solana,2026-07-11 14:00:00+00:00,78.11914160341023,45477569972.77413,1548400755.6944926
solana,2026-07-11 15:00:00+00:00,78.46086001248158,45676501176.01107,1243441824.8430288
solana,2026-07-11 16:00:00+00:00,78.33013710228575,45600397690.48572,1233745606.260798
solana,2026-07-11 17:00:00+00:00,77.89142933639198,45344998683.74744,1333071866.0071702
solana,2026-07-11 18:00:00+00:00,78.02670606366706,45423748624.98716,1309232652.0638642
solana,2026-07-11 19:00:00+00:00,78.02794916674529,45424469853.64858,1282769137.7688112
solana,2026-07-11 20:00:00+00:00,78.0995808396404,45466168031.98445,1272908788.6868055
solana,2026-07-11 21:00:00+00:00,78.13034971515948,45484077956.49423,1241575976.3219264
solana,2026-07-11 22:00:00+00:00,78.18286091294993,45514645130.39039,1257295274.0375955
solana,2026-07-11 23:00:00+00:00,77.84138491243915,45315850741.08752,1247219614.7004657
solana,2026-07-12 00:00:00+00:00,76.71562325891836,44660479258.80964,1308043425.3729627
solana,2026-07-12 01:00:00+00:00,76.03437847480839,44263885891.37373,1397097658.0467806
solana,2026-07-12 02:00:00+00:00,76.78015425047258,44698041952.10866,1416456906.764429
solana,2026-07-12 03:00:00+00:00,76.81303242195311,44717179986.53213,1418160924.469319
solana,2026-07-12 04:00:00+00:00,76.99646450517955,44823964131.09775,1447812940.2588024
solana,2026-07-12 05:00:00+00:00,76.65495987847551,44625152950.49101,1464077617.800648
solana,2026-07-12 06:00:00+00:00,76.39138815851179,44471710875.94127,1461321561.9995074
solana,2026-07-12 07:00:00+00:00,76.33175992861091,44436995607.807365,1475599836.5255454
solana,2026-07-12 08:00:00+00:00,76.46298894294988,44513389442.28178,1486638639.006103
solana,2026-07-12 09:00:00+00:00,76.66054572354545,44628396171.67192,1500181589.396442
solana,2026-07-12 10:00:00+00:00,76.70928593584534,44656768624.70529,1503040403.1010964
solana,2026-07-12 11:00:00+00:00,76.67541918940638,44637050544.60655,1457851477.9456117
solana,2026-07-12 12:00:00+00:00,76.91311959917506,44775427461.88239,1500683563.2909288
solana,2026-07-12 13:00:00+00:00,77.11593267337196,44902574821.949234,1527783487.374197
solana,2026-07-12 14:00:00+00:00,77.11442337703325,44901693809.35408,1544741441.89458
solana,2026-07-12 15:00:00+00:00,77.50339121657045,45128171045.07309,1535463505.0996058
solana,2026-07-12 16:00:00+00:00,77.41648130696227,45077558695.10553,1495490862.940292
solana,2026-07-12 17:00:00+00:00,77.51348061119945,45134034683.48216,1366464150.2466266
solana,2026-07-12 18:00:00+00:00,77.32832163237977,45026219196.24542,1339075553.6290936
solana,2026-07-12 19:00:00+00:00,77.528311924792,45142666010.667015,1330646580.7376163
solana,2026-07-12 20:00:00+00:00,77.63731515774647,45206133112.62994,1314904859.8192382
solana,2026-07-12 21:00:00+00:00,77.41768312895286,45078244989.60843,1303369736.0795488
solana,2026-07-12 22:00:00+00:00,76.93203119829775,44795460176.71779,1326012884.1489053
solana,2026-07-12 23:00:00+00:00,76.7197373548362,44671844918.136505,1338392913.9920502
solana,2026-07-13 00:00:00+00:00,76.86985248774823,44759250763.392586,1265493143.236287
solana,2026-07-13 01:00:00+00:00,77.41754826136687,45078156775.094894,1259586869.3566034
solana,2026-07-13 02:00:00+00:00,76.30480322502558,44430232475.07466,1266302646.8376482
solana,2026-07-13 03:00:00+00:00,76.43979507278176,44508832510.99473,1291311022.8254893
solana,2026-07-13 04:00:00+00:00,75.78502846879843,44127577211.22098,1324175568.3262851
solana,2026-07-13 05:00:00+00:00,75.87637839797762,44180765516.38136,1349149197.453358
solana,2026-07-13 06:00:00+00:00,76.37932135311023,44473613481.66946,1403404237.649362
solana,2026-07-13 07:00:00+00:00,76.31024979566229,44433392748.79683,1395557173.6426828
solana,2026-07-13 08:00:00+00:00,76.39954823274269,44485386548.06648,1410797856.377334
solana,2026-07-13 09:00:00+00:00,76.67856383071316,44647847570.29772,1424507538.31556
solana,2026-07-13 10:00:00+00:00,76.57136396667278,44585425822.20902,1410616529.3315668
solana,2026-07-13 11:00:00+00:00,76.25854063147547,44403275204.52927,1432729533.2208326
solana,2026-07-13 12:00:00+00:00,76.30717792958912,44431593029.54597,1443503886.09379
solana,2026-07-13 13:00:00+00:00,75.80309932519681,44138079515.27923,1450330541.997758
solana,2026-07-13 14:00:00+00:00,75.36325614612956,43881968641.25821,1532449980.7726676
solana,2026-07-13 15:00:00+00:00,76.10639287197378,44314674183.50143,1593202323.836918
solana,2026-07-13 16:00:00+00:00,75.75894928753729,44112364587.99655,1588410132.7832408
solana,2026-07-13 17:00:00+00:00,75.23231483496315,43805717216.002464,1601953829.675478
solana,2026-07-13 18:00:00+00:00,74.54784002428073,43407163225.19049,1689259357.7032924
solana,2026-07-13 19:00:00+00:00,74.79925681316936,43553553836.82179,1728311024.2566056
solana,2026-07-13 20:00:00+00:00,75.12935233665623,43745756980.992615,1761816828.5444152
solana,2026-07-13 21:00:00+00:00,74.73131768692265,43513989977.78091,1775544321.129003
solana,2026-07-13 22:00:00+00:00,74.35849759636196,43296904796.813,1811003921.0549936
solana,2026-07-13 23:00:00+00:00,74.43758499898179,43342952929.0452,1787757781.8641524
solana,2026-07-14 00:00:00+00:00,74.93128320593416,43630417252.56394,1783620278.6555724
solana,2026-07-14 01:00:00+00:00,75.36339493100259,43883602934.03587,1713500831.851094
solana,2026-07-14 02:00:00+00:00,75.23058480261938,43806266019.25974,1672892656.0314326
solana,2026-07-14 03:00:00+00:00,74.98971693016331,43666007904.012,1641384845.7248724
solana,2026-07-14 04:00:00+00:00,75.08678962027518,43722530126.50593,1576638436.6704423
solana,2026-07-14 05:00:00+00:00,75.0780351559804,43717430447.32284,1553964106.5552535
solana,2026-07-14 06:00:00+00:00,75.33151404148177,43865027072.6469,1516794602.858327
solana,2026-07-14 07:00:00+00:00,75.05756495493509,43705506172.6192,1505305349.7325952
solana,2026-07-14 08:00:00+00:00,74.88229672984346,43603446382.9097,1488183737.0912468
solana,2026-07-14 09:00:00+00:00,75.08221341856967,43719854031.32405,1487448799.8695602
solana,2026-07-14 10:00:00+00:00,75.00354453126619,43674043314.14848,1494870811.1957386
solana,2026-07-14 11:00:00+00:00,75.38734956872584,43897527999.48318,1565999482.3930123
solana,2026-07-14 12:00:00+00:00,75.32992159296666,43864085968.60464,1571412943.7271578
solana,2026-07-14 13:00:00+00:00,76.78105945145118,44709071022.069496,1764517214.007784
solana,2026-07-14 14:00:00+00:00,76.8605654506061,44755364040.02209,1882141489.7397757
solana,2026-07-14 15:00:00+00:00,77.28176623063236,45009712949.94593,1914078254.026831
solana,2026-07-14 16:00:00+00:00,77.33994197969923,45043585620.80995,2011287303.0546432
solana,2026-07-14 17:00:00+00:00,77.25386016282974,44993441273.09315,2024896134.5944855
solana,2026-07-14 18:00:00+00:00,77.14556118485388,44930362612.613976,1983644365.3537164
solana,2026-07-14 19:00:00+00:00,77.24124906540503,44986089165.03831,1959470315.5953128
solana,2026-07-14 20:00:00+00:00,77.14027889553017,44927280273.645134,1955511188.2402956
solana,2026-07-14 21:00:00+00:00,77.11738903907101,44913946345.96852,1953604830.5101008
solana,2026-07-14 22:00:00+00:00,77.1728716082815,44946257536.36449,1926020380.943691
solana,2026-07-14 23:00:00+00:00,77.5853195890997,45186469106.298965,1975705865.9762924
solana,2026-07-15 00:00:00+00:00,77.80864772344317,45316534903.23006,1989092377.0496368
solana,2026-07-15 01:00:00+00:00,77.62025679925449,45206836631.60428,1952867341.9973192
solana,2026-07-15 02:00:00+00:00,77.37804221652054,45065765948.25973,1978310430.106832
solana,2026-07-15 03:00:00+00:00,77.23668553127499,44983435899.15701,1990676917.104741
solana,2026-07-15 04:00:00+00:00,77.73062181808658,45271107224.57327,2024980798.361635
solana,2026-07-15 05:00:00+00:00,77.96595948664951,45408168091.52289,2038360769.5505576
solana,2026-07-15 06:00:00+00:00,78.22800692725068,45560784690.46312,2080422399.926512
solana,2026-07-15 07:00:00+00:00,77.88989635643217,45363863528.7997,2162322922.332382
solana,2026-07-15 08:00:00+00:00,77.37624331407045,45064704726.117645,2263585540.8912387
solana,2026-07-15 09:00:00+00:00,77.52185329481497,45149506972.25136,2300900398.75284
solana,2026-07-15 10:00:00+00:00,77.40842243544945,45083441721.02643,2301491382.420097
solana,2026-07-15 11:00:00+00:00,77.31206948923645,45027322491.9857,2237148897.656045
solana,2026-07-15 12:00:00+00:00,77.45244806468276,45109078132.81271,2221085750.1040616
solana,2026-07-15 13:00:00+00:00,78.2159453415988,45553744167.04667,2102995804.887134
solana,2026-07-15 14:00:00+00:00,78.08922644559875,45479939201.58482,2098805243.133702
solana,2026-07-15 15:00:00+00:00,78.12152910226737,45498749938.90237,2073129468.22058
solana,2026-07-15 16:00:00+00:00,78.01841284099307,45438691211.92783,1997946116.6006968
solana,2026-07-15 17:00:00+00:00,77.5748626900686,45180360318.48389,2023514157.366313
solana,2026-07-15 18:00:00+00:00,77.7746841740784,45296735376.20298,2030542751.867804
solana,2026-07-15 19:00:00+00:00,77.59199652770891,45190333441.41778,2030498727.9886448
solana,2026-07-15 20:00:00+00:00,77.10959194264368,44909373400.327934,2046050730.4014847
solana,2026-07-15 21:00:00+00:00,77.34578836130625,45046933974.288185,2058513708.764476
solana,2026-07-15 22:00:00+00:00,77.36109462540419,45055846018.74497,2052404601.7851129
solana,2026-07-15 23:00:00+00:00,77.44075816140085,45102240587.68405,2016586317.8417456
solana,2026-07-16 00:00:00+00:00,77.23864761387213,44984526776.86344,1999993344.385716
solana,2026-07-16 01:00:00+00:00,76.89730366921812,44785732267.58515,2018155882.7814524
solana,2026-07-16 02:00:00+00:00,77.0349009976725,44865868130.49855,2020168176.5995104
solana,2026-07-16 03:00:00+00:00,77.07479714238248,44889101478.09956,1988501733.690006
solana,2026-07-16 04:00:00+00:00,76.88379056244123,44777855362.10664,1988789783.499085
solana,2026-07-16 05:00:00+00:00,76.72126369874768,44683195958.47077,1985219166.2843463
solana,2026-07-16 06:00:00+00:00,77.42577057404851,45093505391.27593,1993081980.6578648
solana,2026-07-16 07:00:00+00:00,77.28479535377687,45011397976.97154,1916388253.958083
solana,2026-07-16 08:00:00+00:00,76.34679776133551,44465097323.96066,1956616357.0308216
solana,2026-07-16 09:00:00+00:00,76.0868689312564,44313710152.55809,2040552796.1815608
solana,2026-07-16 10:00:00+00:00,75.99347297921005,44259313021.41331,2031556617.680223
solana,2026-07-16 11:00:00+00:00,76.14682511221282,44348624764.79248,2017678403.6466303
solana,2026-07-16 12:00:00+00:00,76.2064836441897,44383368376.85204,2009491235.958521
solana,2026-07-16 13:00:00+00:00,75.89365648276859,44201172741.14155,1971109783.223434
solana,2026-07-16 14:00:00+00:00,76.33577589023415,44458664746.47056,1861649472.3203115
solana,2026-07-16 15:00:00+00:00,76.41289106651172,44503574552.54485,1826490473.522748
solana,2026-07-16 16:00:00+00:00,76.57235514456228,44605437787.49877,1780326385.5397491
solana,2026-07-16 17:00:00+00:00,76.22978075435972,44405224073.21622,1719769864.2815742
solana,2026-07-16 18:00:00+00:00,75.5579919869117,44013892389.96006,1743697912.413193
solana,2026-07-16 19:00:00+00:00,75.69972265680357,44096450468.897865,1743440182.6786993
solana,2026-07-16 20:00:00+00:00,75.77968272992649,44143026263.62486,1713849725.924229
solana,2026-07-16 21:00:00+00:00,75.75597507805105,44129213531.88725,1699344698.9158535
solana,2026-07-16 22:00:00+00:00,75.91059216589613,44219278497.77127,1713698899.036422
solana,2026-07-16 23:00:00+00:00,75.27735410865577,43850403756.31525,1692222237.88841
solana,2026-07-17 00:00:00+00:00,75.26924720120745,43845679077.28111,1729323923.3697357
solana,2026-07-17 01:00:00+00:00,75.47971726342494,43968279492.83123,1722863513.7450497
solana,2026-07-17 02:00:00+00:00,75.03963387302291,43711920935.96386,1704069779.78393
solana,2026-07-17 03:00:00+00:00,74.94329369512927,43655798877.144325,1722079027.509164
solana,2026-07-17 04:00:00+00:00,75.15407303940303,43778578940.2701,1730293449.7667592
solana,2026-07-17 05:00:00+00:00,75.1711586659622,43788518519.464775,1722313273.381902
solana,2026-07-17 06:00:00+00:00,74.34061563250154,43304702083.58798,1720273939.3718565
solana,2026-07-17 07:00:00+00:00,74.51706702868879,43407483510.19061,1725698112.500885
solana,2026-07-17 08:00:00+00:00,74.56962636701051,43438098500.37086,1662444362.9896204
solana,2026-07-17 09:00:00+00:00,74.46638210895705,43377954870.69598,1582307705.9064353
solana,2026-07-17 10:00:00+00:00,74.59603215688172,43453475952.05808,1558567639.2353437
solana,2026-07-17 11:00:00+00:00,74.74520813637155,43540372560.55,1567577452.8984478
solana,2026-07-17 12:00:00+00:00,74.81476258471211,43580886132.37847,1560795451.7004497
solana,2026-07-17 13:00:00+00:00,74.34744690876863,43308664601.727295,1529650783.0208445
solana,2026-07-17 14:00:00+00:00,74.26862393946976,43262746299.37175,1618798487.985541
solana,2026-07-17 15:00:00+00:00,74.25238211295152,43253282352.786095,1662811982.4409466
solana,2026-07-17 16:00:00+00:00,74.71279088922931,43521475411.92973,1674949095.5128503
solana,2026-07-17 17:00:00+00:00,74.91773190477058,43640854386.38918,1701989217.1711097
solana,2026-07-17 18:00:00+00:00,75.19312437102701,43801272713.14537,1692081513.776129
solana,2026-07-17 19:00:00+00:00,75.30324357093863,43865416202.28853,1662530624.2672322
solana,2026-07-17 20:00:00+00:00,75.10680436441152,43750984460.68463,1664282971.1240883
solana,2026-07-17 21:00:00+00:00,75.06756035666685,43728122044.849525,1676632348.013023
solana,2026-07-17 22:00:00+00:00,74.99213448744268,43684182633.8563,1674875001.0714507
solana,2026-07-17 23:00:00+00:00,74.98616123022354,43680700574.38142,1655092197.091056
solana,2026-07-18 00:00:00+00:00,75.00200273777084,43689926142.810616,1610029431.7482316
solana,2026-07-18 01:00:00+00:00,75.0562179987477,43721505634.36514,1569259665.7783597
solana,2026-07-18 02:00:00+00:00,75.20267724611327,43806818646.12736,1536782437.165058
solana,2026-07-18 03:00:00+00:00,75.1728705823855,43789453380.08395,1505569347.969297
solana,2026-07-18 04:00:00+00:00,75.32855278564999,43880138947.96519,1498041415.1591148
solana,2026-07-18 05:00:00+00:00,75.06633942475821,43727393260.27579,1457933325.9742825
solana,2026-07-18 06:00:00+00:00,74.88788487073239,43623438458.160286,1403334055.5129006
solana,2026-07-18 07:00:00+00:00,74.93280077063864,43649600641.23484,1370656009.5603895
solana,2026-07-18 08:00:00+00:00,74.91748545553735,43640677287.77601,1344304723.750477
solana,2026-07-18 09:00:00+00:00,74.91605789801729,43639843548.09526,1317505950.8041334
solana,2026-07-18 10:00:00+00:00,74.80026378664698,43572389740.8291,1308648652.453749
solana,2026-07-18 11:00:00+00:00,74.85235677572449,43602732578.6042,1290913420.1103606
solana,2026-07-18 12:00:00+00:00,74.92010160784237,43642193248.56522,1258804546.4158144
solana,2026-07-18 13:00:00+00:00,74.96000959893773,43665438169.59168,1243893472.1011617
solana,2026-07-18 14:00:00+00:00,74.68498296090375,43505228199.768105,1123357629.0097628
solana,2026-07-18 15:00:00+00:00,74.93395627582217,43650257034.706985,1033512260.9719856
solana,2026-07-18 16:00:00+00:00,74.9206243777686,43642488452.604805,976412114.8638524
solana,2026-07-18 17:00:00+00:00,75.11877856410405,43757914113.28389,947878714.5014265
solana,2026-07-18 18:00:00+00:00,75.3073815015417,43876618043.09057,929895371.4936088
solana,2026-07-18 19:00:00+00:00,75.24384014508271,43839594357.14335,947433362.7924144
solana,2026-07-18 20:00:00+00:00,75.39773115320435,43929254076.23139,927672222.7554736
solana,2026-07-18 21:00:00+00:00,75.4083599501738,43935444436.001205,911264004.3301536
solana,2026-07-18 22:00:00+00:00,75.4454311228551,43957041041.11485,918608307.8130862
solana,2026-07-18 23:00:00+00:00,75.52135558490313,44001275109.71178,920875255.52157
solana,2026-07-19 00:00:00+00:00,75.48105541148355,43977792651.52891,922299097.9510708
solana,2026-07-19 01:00:00+00:00,75.54419982688556,44014580242.81812,922298000.6722192
solana,2026-07-19 02:00:00+00:00,75.64057759217154,44070730979.94615,951417830.416718
solana,2026-07-19 03:00:00+00:00,76.2773662246191,44441743626.8456,1027636609.2089498
solana,2026-07-19 04:00:00+00:00,75.86178468039729,44199609823.64762,1041204490.2548344
solana,2026-07-19 05:00:00+00:00,75.91524024788811,44230752633.84478,1049090938.2227832
solana,2026-07-19 06:00:00+00:00,75.92431268579031,44236036544.2902,1047295842.737978
solana,2026-07-19 07:00:00+00:00,76.06408696836725,44317471664.40208,1081144346.6131616
solana,2026-07-19 08:00:00+00:00,76.09344106537844,44334572454.446175,1108375356.2505262
solana,2026-07-19 09:00:00+00:00,76.23497221154668,44417031142.499,1133577215.0092854
solana,2026-07-19 10:00:00+00:00,75.93991148634645,44245107285.92272,1134728416.7425597
solana,2026-07-19 11:00:00+00:00,76.18717941429736,44389167488.0222,1151380939.2536297
solana,2026-07-19 12:00:00+00:00,76.00173100041442,44281115584.81991,1164854866.759062
solana,2026-07-19 13:00:00+00:00,75.97054944025358,44262946253.14137,1186234743.75018
solana,2026-07-19 14:00:00+00:00,76.05985550532776,44314976628.241005,1179094491.709021
solana,2026-07-19 15:00:00+00:00,76.38181076487096,44502556439.23673,1210762709.6285477
solana,2026-07-19 16:00:00+00:00,76.16202067945805,44374496948.922615,1219323773.599363
solana,2026-07-19 17:00:00+00:00,75.86125130114172,44199256914.1596,1199536178.8859398
solana,2026-07-19 18:00:00+00:00,75.91683227884697,44231637860.25095,1210962070.605578
solana,2026-07-19 19:00:00+00:00,75.68997580952114,44099461340.855606,1202833702.1197474
solana,2026-07-19 20:00:00+00:00,75.83765981629136,44185504761.25427,1198906331.1804466
solana,2026-07-19 21:00:00+00:00,76.09959851723569,44338116777.72083,1206214620.1979823
solana,2026-07-19 22:00:00+00:00,75.71475140811636,44113890308.56198,1204607541.4949107
solana,2026-07-19 23:00:00+00:00,76.00769578572887,44284566730.42972,1242317940.0746224
solana,2026-07-20 00:00:00+00:00,76.311803624947,44461747413.47417,1278086721.6860094
solana,2026-07-20 01:00:00+00:00,76.52793005140673,44587667445.23918,1400278175.1419778
solana,2026-07-20 02:00:00+00:00,76.35511094238788,44486974890.704,1435788961.0221038
solana,2026-07-20 03:00:00+00:00,76.93156494582853,44822833607.561325,1411784691.4840157
solana,2026-07-20 04:00:00+00:00,76.68842801427513,44681171978.77088,1408058017.516023
solana,2026-07-20 05:00:00+00:00,76.43725946632854,44534831064.14983,1418979754.779656
solana,2026-07-20 06:00:00+00:00,75.85784166803928,44197241310.01032,1457557996.4860394
solana,2026-07-20 07:00:00+00:00,75.59709558912851,44045320123.75547,1476643528.009589
solana,2026-07-20 08:00:00+00:00,76.14655653735201,44365451582.45509,1486890712.9070177
solana,2026-07-20 09:00:00+00:00,76.0827302309615,44328262158.58478,1515568375.9351993
solana,2026-07-20 10:00:00+00:00,76.41419483781624,44521382325.83695,1546090183.3901253
solana,2026-07-20 11:00:00+00:00,76.31332907928204,44462612508.030174,1545199235.910494
solana,2026-07-20 12:00:00+00:00,77.04556121631346,44889232291.48149,1619040161.7054443
solana,2026-07-20 13:00:00+00:00,76.68777690562057,44680773418.826645,1633832890.1487758
solana,2026-07-20 14:00:00+00:00,76.22164310599858,44409186431.088585,1682504686.296989
solana,2026-07-20 15:00:00+00:00,76.06981247888406,44320722568.28122,1732067221.4825077
solana,2026-07-20 16:00:00+00:00,77.73102032526248,45288592763.87657,1903301284.937184
solana,2026-07-20 17:00:00+00:00,77.59872499788116,45211510885.98948,1980269278.630245
solana,2026-07-20 18:00:00+00:00,77.70586818510412,45273933419.68909,2002011870.563758
solana,2026-07-20 19:00:00+00:00,77.60724479925659,45216469749.35232,2071803844.302442
solana,2026-07-20 20:00:00+00:00,77.58828446712987,45205420120.125206,2134519560.39542
solana,2026-07-20 21:00:00+00:00,77.82269262973676,45351125764.36145,2148436566.1070004
solana,2026-07-20 22:00:00+00:00,77.68909764698938,45273268834.58986,2167705220.171225
solana,2026-07-20 23:00:00+00:00,77.4020200853006,45105962357.65203,2134077397.048228
solana,2026-07-21 00:00:00+00:00,77.74886056354681,45308077986.08869,2112385884.318784
solana,2026-07-21 01:00:00+00:00,78.0826343865138,45502637769.65302,2018601365.1038623
solana,2026-07-21 02:00:00+00:00,77.7974806328924,45336462662.94224,1961999293.7624035
solana,2026-07-21 03:00:00+00:00,77.98263787603524,45444360724.09856,1935850623.1113417
solana,2026-07-21 04:00:00+00:00,78.14309553888133,45537865471.98096,1949201937.5417404
solana,2026-07-21 05:00:00+00:00,78.06586472472465,45492856930.23766,1963592765.734238
solana,2026-07-21 06:00:00+00:00,78.40430206128673,45690079082.24985,1941496879.2854884
solana,2026-07-21 07:00:00+00:00,78.60576323158509,45807478669.39822,1943646256.0268524
solana,2026-07-21 08:00:00+00:00,78.51860709882494,45756686243.41184,1956241513.3002625
solana,2026-07-21 09:00:00+00:00,78.26514965711257,45608982055.92561,1957380236.3476405
solana,2026-07-21 10:00:00+00:00,78.38362221973287,45678019627.36193,1943136642.816106
solana,2026-07-21 11:00:00+00:00,78.14111362509247,45536695758.8832,1961386114.0924065
solana,2026-07-21 12:00:00+00:00,78.3161737393436,45638709925.78009,1906642992.9248836
solana,2026-07-21 13:00:00+00:00,78.44847080901292,45715804062.10833,1882238264.209215
solana,2026-07-21 14:00:00+00:00,78.4958099355599,45743388665.14206,1866541099.3410337
solana,2026-07-21 15:00:00+00:00,77.96026965309717,45431299951.14416,1862654428.7901144
solana,2026-07-21 16:00:00+00:00,78.09525324120666,45509959084.10725,1772493084.1900785
solana,2026-07-21 17:00:00+00:00,78.15491961630552,45544727157.10923,1702224167.846814
solana,2026-07-21 18:00:00+00:00,77.68558693302121,45271221784.88751,1668545858.716749
solana,2026-07-21 19:00:00+00:00,77.81234195574793,45345085997.12635,1603846791.0399983
solana,2026-07-21 20:00:00+00:00,77.81511733803043,45346700885.94401,1560069701.146104
solana,2026-07-21 21:00:00+00:00,77.82469644797548,45352281047.09062,1549639022.22899
solana,2026-07-21 22:00:00+00:00,77.98741600171819,45447103288.14648,1551632627.8993256
solana,2026-07-21 23:00:00+00:00,77.94095542309475,45420025723.25679,1543869349.238786
solana,2026-07-22 00:00:00+00:00,78.08824475788602,45505856670.67133,1539454721.505869
solana,2026-07-22 01:00:00+00:00,78.43834385809531,45709873779.89006,1560471367.3350048
solana,2026-07-22 02:00:00+00:00,78.28091007860537,45618127609.82568,1562943355.3592446
solana,2026-07-22 03:00:00+00:00,78.07563408638596,45498501061.7092,1560278156.9647086
solana,2026-07-22 04:00:00+00:00,77.81386425516875,45345952485.36151,1535188385.283862
solana,2026-07-22 05:00:00+00:00,78.04342001600564,45479723703.30041,1532735164.2731898
solana,2026-07-22 06:00:00+00:00,77.40671158915714,45108698903.848206,1552225169.1716714
solana,2026-07-22 07:00:00+00:00,77.22870041096976,45004960761.22922,1555986374.0685313
solana,2026-07-22 08:00:00+00:00,77.03794262870312,44893803963.08128,1545207476.1220598
solana,2026-07-22 09:00:00+00:00,77.3755376938117,45090547128.7819,1523795217.0806768
solana,2026-07-22 10:00:00+00:00,77.50537482390654,45166207731.71258,1519958552.0337636
solana,2026-07-22 11:00:00+00:00,77.61124773724622,45227903251.11765,1515581188.4538937
solana,2026-07-22 12:00:00+00:00,77.51107961946639,45169528283.33776,1512899729.6233292
solana,2026-07-22 13:00:00+00:00,77.17930850503139,44976186687.07754,1515618445.6899517
solana,2026-07-22 14:00:00+00:00,77.80026977271345,45338048925.90129,1542532181.1770823
solana,2026-07-22 15:00:00+00:00,77.840780865564,45361654315.561165,1523402200.375034
solana,2026-07-22 16:00:00+00:00,78.41277178448141,45694978962.63409,1565045392.2987783
solana,2026-07-22 17:00:00+00:00,78.52477054638923,45760243472.44376,1605227709.7154408
solana,2026-07-22 18:00:00+00:00,78.1753280190754,45556602917.22671,1577696230.634364
solana,2026-07-22 19:00:00+00:00,77.7208417603581,45291749266.49652,1605224990.6660793
solana,2026-07-22 20:00:00+00:00,77.62822095821683,45237771962.588,1616075685.962337
solana,2026-07-22 21:00:00+00:00,77.7619742213378,45315714121.50995,1619532032.7434368
solana,2026-07-22 22:00:00+00:00,77.96133051779245,45431886154.07634,1613336346.2019837
solana,2026-07-22 23:00:00+00:00,77.9640239591611,45442593285.45824,1647788850.8181822
solana,2026-07-23 00:00:00+00:00,77.93926390412061,45428158754.7264,1650751334.383584
solana,2026-07-23 01:00:00+00:00,78.22642303513723,45595519566.71392,1673731970.1627693
solana,2026-07-23 02:00:00+00:00,77.85691162833163,45380136585.271706,1668835323.394679
solana,2026-07-23 03:00:00+00:00,77.7160942632118,45298056756.35819,1684117621.1420703
solana,2026-07-23 04:00:00+00:00,77.55119024420048,45201937611.03179,1674559365.4576707
solana,2026-07-23 05:00:00+00:00,77.48240965674776,45161845861.25893,1660977789.282036
solana,2026-07-23 06:00:00+00:00,77.49347684466544,45168294456.08422,1615956559.8954043
solana,2026-07-23 07:00:00+00:00,77.5135839780838,45180011787.45062,1570935164.8037837
solana,2026-07-23 08:00:00+00:00,77.11967947271803,44950416652.40251,1564546968.197666
solana,2026-07-23 09:00:00+00:00,77.43645088415492,45135049805.74231,1562920923.3542402
solana,2026-07-23 10:00:00+00:00,77.46165296858014,45149737093.16993,1547500544.9050088
solana,2026-07-23 11:00:00+00:00,77.69129805071839,45283587292.633766,1537671353.654991
solana,2026-07-23 12:00:00+00:00,77.62235607182149,45243401540.75671,1527709525.4856954
solana,2026-07-23 13:00:00+00:00,76.88112272305554,44811359749.24888,1576592239.932035
solana,2026-07-23 14:00:00+00:00,76.6855616954069,44697371564.194885,1601132336.3631546
solana,2026-07-23 15:00:00+00:00,76.37555027704092,44516674413.5969,1587297976.212981
solana,2026-07-23 16:00:00+00:00,76.32874025684697,44489387752.27898,1588278613.3160229
solana,2026-07-23 17:00:00+00:00,75.98296605540507,44287845498.364494,1566357368.4722905
solana,2026-07-23 18:00:00+00:00,75.58167347949377,44053943295.50608,1580680362.681457
solana,2026-07-23 19:00:00+00:00,75.74648875637489,44150005745.212166,1554862783.0226705
solana,2026-07-23 20:00:00+00:00,75.69072526028737,44117500527.04933,1542815519.7683904
solana,2026-07-23 21:00:00+00:00,76.07213561421356,44339808878.98804,1542656132.0164924
solana,2026-07-23 22:00:00+00:00,75.94420810930008,44265241835.69751,1549628848.272602
solana,2026-07-23 23:00:00+00:00,76.15867185565804,44390242880.29511,1533610925.3813512
solana,2026-07-24 00:00:00+00:00,75.85134810030104,44211112415.46874,1541306083.9436622
solana,2026-07-24 01:00:00+00:00,75.76971215736195,44163527389.53536,1530525646.277963
solana,2026-07-24 02:00:00+00:00,75.64346617179291,44089940496.603264,1545448131.5617926
solana,2026-07-24 03:00:00+00:00,75.47724389639284,43993052990.50572,1540432878.922486
solana,2026-07-24 04:00:00+00:00,75.78144753363901,44170360747.8527,1545091483.5833223
solana,2026-07-24 05:00:00+00:00,75.5809667526598,44053505346.464005,1522410123.2279315
solana,2026-07-24 06:00:00+00:00,75.7273572256435,44138829220.40221,1533831315.7497864
solana,2026-07-24 07:00:00+00:00,75.80075840224887,44181610102.88382,1527776245.148661
solana,2026-07-24 08:00:00+00:00,76.01624583308102,44307208266.26728,1550728849.5753276
solana,2026-07-24 09:00:00+00:00,75.72756722999793,44138945385.12454,1554198192.1723435
solana,2026-07-24 10:00:00+00:00,75.56147580008425,44042134589.97943,1594568045.7814176
solana,2026-07-24 11:00:00+00:00,75.4199328415941,43959631992.676605,1602646770.2961135
solana,2026-07-24 12:00:00+00:00,75.15586489912343,43805713715.63903,1607896758.38698
solana,2026-07-24 13:00:00+00:00,74.80264611793194,43599832873.26761,1529495211.2854571
solana,2026-07-24 14:00:00+00:00,74.107085730027,43194413042.78896,1555099397.80432
solana,2026-07-24 15:00:00+00:00,73.93908101590308,43096486032.2998,1596254258.390828
solana,2026-07-24 16:00:00+00:00,73.98002553254408,43120348680.316666,1585297917.7313027
solana,2026-07-24 17:00:00+00:00,73.86750766671028,43054763350.99757,1591207807.239002
solana,2026-07-24 18:00:00+00:00,73.98867068322981,43125226480.00586,1588790652.0928242
solana,2026-07-24 19:00:00+00:00,73.9190719860429,43084657681.54024,1574906719.5463288
solana,2026-07-24 20:00:00+00:00,73.89148094219037,43068573608.27584,1574357937.7163146
solana,2026-07-24 21:00:00+00:00,73.7224102580332,42970026182.90488,1559406136.0179403
solana,2026-07-24 22:00:00+00:00,73.5820009179197,42888184432.70372,1606466228.543484
solana,2026-07-24 23:00:00+00:00,73.88249507351568,43063328981.68343,1586444432.89753
solana,2026-07-25 00:00:00+00:00,73.90776692044658,43078056552.33285,1587849189.404116
solana,2026-07-25 01:00:00+00:00,74.05939266195035,43175130605.08487,1589559019.205231
solana,2026-07-25 02:00:00+00:00,74.06162816224497,43176431852.54154,1555560036.5287223
solana,2026-07-25 03:00:00+00:00,74.04471977383825,43166572824.93287,1529413882.8116755
solana,2026-07-25 04:00:00+00:00,74.09088260291924,43193482517.99443,1519836331.0784354
solana,2026-07-25 05:00:00+00:00,74.24018167740032,43280518639.25584,1543863069.436428
solana,2026-07-25 06:00:00+00:00,73.92135265592663,43094645717.901184,1537390048.377192
solana,2026-07-25 07:00:00+00:00,73.97417458780511,43125438113.26278,1537903202.0443494
solana,2026-07-25 08:00:00+00:00,73.73849639825568,42988040705.57945,1494075213.0670877
solana,2026-07-25 09:00:00+00:00,73.72585051818581,42980666581.19533,1488776629.76058
solana,2026-07-25 10:00:00+00:00,73.93666339961302,43103564314.93732,1444930376.478403
solana,2026-07-25 11:00:00+00:00,73.91428012028524,43090513329.59265,1424797183.3588774
solana,2026-07-25 12:00:00+00:00,73.8653827768205,43062005402.3832,1375974294.4748492
solana,2026-07-25 13:00:00+00:00,73.89949122879773,43081887943.49033,1346778688.9079614
solana,2026-07-25 14:00:00+00:00,73.92217410901318,43095109669.84552,1217955574.2591133
solana,2026-07-25 15:00:00+00:00,73.99766306633198,43139115864.51447,1144412410.995185
solana,2026-07-25 16:00:00+00:00,74.12142719804285,43211265743.48885,1074710696.2310932
solana,2026-07-25 17:00:00+00:00,74.25843979615163,43291139053.86572,1036596251.4937174
solana,2026-07-25 18:00:00+00:00,74.41148660098105,43380359868.47215,1022562524.6446352
solana,2026-07-25 19:00:00+00:00,74.62059073799288,43502260878.1482,1025456913.545224
solana,2026-07-25 20:00:00+00:00,74.5208369862295,43444104097.51848,1002672633.3720144
solana,2026-07-25 21:00:00+00:00,74.37720521758663,43360367621.42767,989037879.9260104
solana,2026-07-25 22:00:00+00:00,74.4183732173228,43384365295.00985,942513440.112012
solana,2026-07-25 23:00:00+00:00,74.4586945675869,43407869727.67933,936899599.8982576
solana,2026-07-26 00:00:00+00:00,74.47711500496659,43418591267.13314,930447471.033939
solana,2026-07-26 01:00:00+00:00,74.72522130260276,43563226175.7374,916234681.882458
solana,2026-07-26 02:00:00+00:00,74.77143453281039,43590165125.47298,912042992.5635515
solana,2026-07-26 03:00:00+00:00,74.85401477801027,43638305406.91715,918178920.59041
solana,2026-07-26 04:00:00+00:00,74.95761653205656,43698701354.85073,919836625.9381192
solana,2026-07-26 05:00:00+00:00,74.9874297644936,43716079947.99068,901467516.5881164
solana,2026-07-26 06:00:00+00:00,74.96911146284022,43705398805.14371,887429193.4085988
solana,2026-07-26 07:00:00+00:00,75.05609675801526,43756107523.18283,891606392.8069085
solana,2026-07-26 08:00:00+00:00,74.81093993527925,43613184196.10066,876692135.8918986
solana,2026-07-26 09:00:00+00:00,74.94297025930251,43690153225.49778,861502476.9920756
solana,2026-07-26 10:00:00+00:00,75.02668720977931,43738956489.14601,866132720.8936716
solana,2026-07-26 11:00:00+00:00,75.0698502428812,43764117642.320526,868485768.7023401
solana,2026-07-26 12:00:00+00:00,74.88510468996198,43656413057.1717,872872935.3197472
solana,2026-07-26 13:00:00+00:00,74.82577245102964,43621821767.3253,874182308.8696752
solana,2026-07-26 14:00:00+00:00,74.87743335731106,43651936440.42462,869791774.7036461
solana,2026-07-26 15:00:00+00:00,74.99464967025395,43720268722.313545,863913889.0453223
solana,2026-07-26 16:00:00+00:00,75.41746383752553,43966757988.57302,881919846.3605566
solana,2026-07-26 17:00:00+00:00,75.48583769592389,44006616205.97244,914141031.9982424
solana,2026-07-26 18:00:00+00:00,75.3233798261158,43911904505.75156,901607825.017207
solana,2026-07-26 19:00:00+00:00,75.34426590954084,43924078105.78761,883734843.9467303
solana,2026-07-26 20:00:00+00:00,75.2740313988379,43883130719.02324,880753503.3067511
solana,2026-07-26 21:00:00+00:00,75.28315784298317,43888448691.95517,875735255.5209761
solana,2026-07-26 22:00:00+00:00,75.59343376496298,44069329885.66611,889348761.586644
solana,2026-07-26 23:00:00+00:00,76.66223048279998,44692412638.9034,1007909908.1451026
solana,2026-07-27 00:00:00+00:00,76.69020217092319,44708717154.84808,1069305751.8836576
solana,2026-07-27 01:00:00+00:00,76.25507819085168,44455047200.01738,1082568579.123045
solana,2026-07-27 02:00:00+00:00,76.44945205659162,44568360690.74772,1099762103.6260686
solana,2026-07-27 03:00:00+00:00,76.38807882145224,44532579059.81164,1130591936.9912236
solana,2026-07-27 04:00:00+00:00,76.33671824529218,44511571102.35488,1138853529.7301922
solana,2026-07-27 05:00:00+00:00,76.25484932836393,44463831443.80632,1153804011.5914197
solana,2026-07-27 06:00:00+00:00,76.49284943005485,44602606094.99584,1182095396.215797
solana,2026-07-27 07:00:00+00:00,76.64815133776835,44693159436.42655,1200933714.300857
solana,2026-07-27 08:00:00+00:00,76.43024354350163,44566096424.94971,1229565886.3730106
solana,2026-07-27 09:00:00+00:00,76.23800084875151,44453998285.90241,1242881455.7827368
solana,2026-07-27 10:00:00+00:00,76.42162012515216,44561063382.47546,1251818639.2547553
solana,2026-07-27 11:00:00+00:00,76.546697620548,44633993082.0956,1262299764.6249275
solana,2026-07-27 12:00:00+00:00,76.49444078882293,44603520601.706924,1271001762.144014
solana,2026-07-27 13:00:00+00:00,76.80324317946831,44783579161.22694,1351518164.241585
solana,2026-07-27 14:00:00+00:00,76.82077231089687,44793797829.16289,1465579512.2502694
solana,2026-07-27 15:00:00+00:00,75.40007516753073,43965393358.741936,1605558799.9239917
solana,2026-07-27 16:00:00+00:00,75.25071929355543,43878301705.62168,1640780910.3437295
solana,2026-07-27 17:00:00+00:00,75.86874798744233,44238668402.23938,1658180602.0229776
solana,2026-07-27 18:00:00+00:00,75.85252044696018,44229203802.08893,1676092349.3641253
solana,2026-07-27 19:00:00+00:00,75.52418609440781,44037750842.345856,1709404374.1272223
solana,2026-07-27 20:00:00+00:00,75.92420023317065,44270994559.36015,1748100130.754667
solana,2026-07-27 21:00:00+00:00,75.88825448048615,44250025198.86587,1758786582.2516186
solana,2026-07-27 22:00:00+00:00,75.54420501880648,44049397254.40073,1747943218.977063
solana,2026-07-27 23:00:00+00:00,73.99510062832198,43146120681.17281,1709395223.61063
solana,2026-07-28 00:00:00+00:00,74.14305915534644,43232391883.64684,1747866798.3937674
solana,2026-07-28 01:00:00+00:00,73.65419821641325,42947337722.01758,1751452179.5243638
solana,2026-07-28 02:00:00+00:00,73.14742307937263,42651837945.49117,1835367851.3423707
solana,2026-07-28 03:00:00+00:00,73.31140384472242,42747451595.45531,1821463772.208606
solana,2026-07-28 04:00:00+00:00,73.19566021586074,42679960045.95404,1827863522.9755156
solana,2026-07-28 05:00:00+00:00,73.14477363976297,42650286459.69545,1828717701.754911
solana,2026-07-28 06:00:00+00:00,73.20237582204157,42683871657.856125,1827000925.7986443
solana,2026-07-28 07:00:00+00:00,73.37244804534392,42783037876.59351,1833527770.6373672
solana,2026-07-28 08:00:00+00:00,73.2203187819354,42694330037.66733,1825032584.0472603
solana,2026-07-28 09:00:00+00:00,73.29020463339214,42735077696.83884,1840872663.3604784
solana,2026-07-28 10:00:00+00:00,73.19095982903676,42677206586.44096,1842530851.6305149
solana,2026-07-28 11:00:00+00:00,73.10164123907323,42625123335.78558,1850347202.7776256
solana,2026-07-28 12:00:00+00:00,73.14818098108371,42652258201.3287,1906485522.3013003
solana,2026-07-28 13:00:00+00:00,73.3242548906981,42754923738.1948,1868996805.247854
solana,2026-07-28 14:00:00+00:00,72.65247666058032,42363211654.90764,1848292734.195135
solana,2026-07-28 15:00:00+00:00,73.34565188165946,42767395109.26112,1784047536.3123674
solana,2026-07-28 16:00:00+00:00,74.23799357173384,43287711154.48949,1861530909.046531
solana,2026-07-28 17:00:00+00:00,74.36678333409336,43362804559.22873,1857968886.730516
solana,2026-07-28 18:00:00+00:00,73.75518946469526,43006185664.63796,1880732308.4359884
solana,2026-07-28 19:00:00+00:00,73.81968568894422,43043790133.20176,1862052658.1423776
solana,2026-07-28 20:00:00+00:00,74.218812083427,43276393053.9858,1873854127.4018176
solana,2026-07-28 21:00:00+00:00,73.97995313068503,43137113704.77857,1882724962.4666648
solana,2026-07-28 22:00:00+00:00,74.09135281629628,43202067647.52553,1890627837.322376
solana,2026-07-28 23:00:00+00:00,73.38450111247258,42789788380.18112,1802944106.1655805
solana,2026-07-29 00:00:00+00:00,73.77225682424617,43015882415.3651,1787192244.872714
solana,2026-07-29 01:00:00+00:00,73.71608456428149,42929427449.38242,1797363288.2041955
solana,2026-07-29 02:00:00+00:00,73.18091832466665,42406265660.28323,1681884870.0799806
solana,2026-07-29 03:00:00+00:00,73.60815393961754,42653834304.27792,1671484380.899867
solana,2026-07-29 04:00:00+00:00,72.99883262155033,42300747392.20615,1666067839.3539662
solana,2026-07-29 05:00:00+00:00,73.37539634237413,42518953259.02246,1717876934.372215
solana,2026-07-29 06:00:00+00:00,73.61750178123391,42659244236.97575,1726553896.1810749
solana,2026-07-29 07:00:00+00:00,74.01233671486713,42896698572.43237,1734214879.156288
solana,2026-07-29 08:00:00+00:00,74.18315337640965,42995699638.4186,1727180253.0017269
solana,2026-07-29 09:00:00+00:00,73.88099114913624,42820568174.35832,1731586871.4347017
solana,2026-07-29 10:00:00+00:00,74.07671247090482,42934003901.45465,1727604199.0281398
solana,2026-07-29 11:00:00+00:00,73.8429391079817,42798509127.6273,1716458336.7120695
solana,2026-07-29 12:00:00+00:00,73.88705684201507,42824077149.901184,1662149435.1783416
solana,2026-07-29 13:00:00+00:00,73.45791048159373,42575346707.90266,1643554947.884876
solana,2026-07-29 14:00:00+00:00,73.60589005847604,42661111558.17244,1572193059.8427608
solana,2026-07-29 15:00:00+00:00,73.2321443407926,42444489876.63303,1544364069.7139444
solana,2026-07-29 16:00:00+00:00,73.0296261335689,42327110146.10592,1457101376.664637
solana,2026-07-29 17:00:00+00:00,73.19619376604525,42423647547.86889,1464048245.3374074
solana,2026-07-29 18:00:00+00:00,73.90514797657784,42834546403.35743,1493383759.8521917
solana,2026-07-29 19:00:00+00:00,74.16994243649215,42988015450.51028,1670027785.2998254
solana,2026-07-29 20:00:00+00:00,72.72182268450959,42148700139.12746,1702500613.264215
solana,2026-07-29 21:00:00+00:00,72.59689622523,42076281556.77187,1762715323.3499465
solana,2026-07-29 22:00:00+00:00,73.0828382483526,42357917351.57445,1806783251.8633268
solana,2026-07-29 23:00:00+00:00,73.56601887184755,42637955560.48404,1832447212.410359
solana,2026-07-30 00:00:00+00:00,73.61124492942123,42664164866.50629,1773230984.6181424
solana,2026-07-30 01:00:00+00:00,73.20901126397898,42431033135.15243,1745444900.587304
solana,2026-07-30 02:00:00+00:00,73.96122675680112,42867005297.14951,1777665928.2319517
solana,2026-07-30 03:00:00+00:00,73.76012687837863,42750448057.7911,1761113690.89509
solana,2026-07-30 04:00:00+00:00,73.62590709637725,42672653299.3766,1737988610.7833426
solana,2026-07-30 05:00:00+00:00,73.44478620057072,42567675974.22363,1680642490.6130714
solana,2026-07-30 06:00:00+00:00,73.59497529093838,42654721686.77379,1669003182.102512
solana,2026-07-30 07:00:00+00:00,73.42842348997937,42558188273.80727,1663567847.1165037
solana,2026-07-30 08:00:00+00:00,73.34116620302018,42507612586.50667,1656737909.607107
solana,2026-07-30 09:00:00+00:00,73.72791757954272,42731766856.618576,1663088104.291937
solana,2026-07-30 10:00:00+00:00,73.97153181694954,42872960506.61778,1694334588.3744264
solana,2026-07-30 11:00:00+00:00,73.81468876457589,42782053882.457245,1699803199.7020848
solana,2026-07-30 12:00:00+00:00,74.1487419222391,42975664876.7052,1738136378.7576685
solana,2026-07-30 13:00:00+00:00,74.33524637056577,43083758084.38007,1759852641.316156
solana,2026-07-30 14:00:00+00:00,74.61529218097222,43246066944.37412,1804428670.7919896
solana,2026-07-30 15:00:00+00:00,74.57504202958853,43222735682.94624,1805076919.566525
solana,2026-07-30 16:00:00+00:00,74.56613701317681,43217571152.3777,1802332872.059033
solana,2026-07-30 17:00:00+00:00,74.52454173055261,43193460287.94542,1775079610.2061756
solana,2026-07-30 18:00:00+00:00,74.69851194867681,43294288676.522446,1757286262.1433234
solana,2026-07-30 19:00:00+00:00,74.46017978876318,43156152139.68446,1599796093.279568
solana,2026-07-30 20:00:00+00:00,74.6925625475711,43290835529.19407,1521900560.4757156
solana,2026-07-30 21:00:00+00:00,74.41909026663407,43132331825.84487,1471018284.788094
solana,2026-07-30 22:00:00+00:00,74.42014741217174,43132942139.40474,1424742081.7096727
solana,2026-07-30 23:00:00+00:00,74.69895645241832,43294533998.20283,1393986082.1296914
solana,2026-07-31 00:00:00+00:00,74.46304923578987,43157802900.53979,1395192977.7453763
solana,2026-07-31 01:00:00+00:00,74.43728102826276,43142865725.216,1379537317.7257583
solana,2026-07-31 02:00:00+00:00,74.33985516915718,43086396718.42856,1420229879.948551
solana,2026-07-31 03:00:00+00:00,74.09305368564367,42943351384.19104,1432414576.1637862
solana,2026-07-31 04:00:00+00:00,74.11541099815375,42956306863.28323,1443853056.2014928
solana,2026-07-31 05:00:00+00:00,73.77319908913827,42757962951.09485,1464371078.8174603
solana,2026-07-31 06:00:00+00:00,74.17301766586664,42989690305.76259,1493163153.3259716
solana,2026-07-31 07:00:00+00:00,74.03524847953096,42909838718.10352,1513968226.3592272
solana,2026-07-31 08:00:00+00:00,73.60246819596051,42659002847.234825,1529472772.6975305
solana,2026-07-31 09:00:00+00:00,73.59832184322937,42665202770.48877,1564857011.866067
solana,2026-07-31 10:00:00+00:00,73.41301992184671,42557780800.34159,1556517363.5540946
solana,2026-07-31 11:00:00+00:00,73.49745988553126,42606718644.33431,1556648960.895244
solana,2026-07-31 12:00:00+00:00,73.48432788489966,42599096928.80748,1533617405.9562042
solana,2026-07-31 13:00:00+00:00,73.54916945212989,42636680170.57949,1508872947.1108816
solana,2026-07-31 14:00:00+00:00,73.19999405201557,42434259565.99882,1492760199.5916193
solana,2026-07-31 15:00:00+00:00,72.94195296282997,42284669700.53394,1583840097.9942057
solana,2026-07-31 16:00:00+00:00,73.02040890849325,42330148429.953926,1598963726.1794252
solana,2026-07-31 17:00:00+00:00,73.25267109681782,42464788994.92447,1595725221.6972787
solana,2026-07-31 18:00:00+00:00,73.29324552197033,42488307422.596825,1589581012.5784354
solana,2026-07-31 19:00:00+00:00,73.04597786153988,42344963332.40772,1588501314.2245154
solana,2026-07-31 20:00:00+00:00,73.09127723695778,42371220866.96244,1580944539.3923898
solana,2026-07-31 21:00:00+00:00,72.89189934879032,42255638845.1969,1563318340.1083426
solana,2026-07-31 22:00:00+00:00,72.65787738407819,42119973354.36832,1564165331.2776456
solana,2026-07-31 23:00:00+00:00,72.78993183758385,42196523454.63646,1559086395.0611055
solana,2026-08-01 00:00:00+00:00,72.79498313468054,42199449530.87055,1530803803.6779802
solana,2026-08-01 01:00:00+00:00,72.94173498155835,42384909662.06564,1542454111.1916974
solana,2026-08-01 02:00:00+00:00,72.96818896486882,42400279472.6688,1472472890.7206004
solana,2026-08-01 03:00:00+00:00,73.00901807176156,42424002349.60775,1477633218.295528
solana,2026-08-01 04:00:00+00:00,72.95490634625367,42392557178.00587,1460893396.0125766
solana,2026-08-01 05:00:00+00:00,73.09086313252152,42471556700.4267,1415350630.815446
solana,2026-08-01 06:00:00+00:00,72.869424676626,42342881350.57632,1381665333.3928173
solana,2026-08-01 07:00:00+00:00,72.92697689235835,42376321570.2021,1363593587.4193287
solana,2026-08-01 08:00:00+00:00,72.90903510958387,42365894022.95212,1314957691.6839778
solana,2026-08-01 09:00:00+00:00,72.97380471086817,42403528581.632805,1288197343.1131513
solana,2026-08-01 10:00:00+00:00,72.80801277631632,42307188539.58034,1262170696.1585493
solana,2026-08-01 11:00:00+00:00,72.77167306370346,42286070338.92173,1227403646.0717754
solana,2026-08-01 12:00:00+00:00,72.82779599910964,42318680247.602745,1218764097.0766454
solana,2026-08-01 13:00:00+00:00,72.86978750333319,42343078745.12482,1197764759.7052643
solana,2026-08-01 14:00:00+00:00,72.91658612681907,42370270477.16535,1145009101.8148346
solana,2026-08-01 15:00:00+00:00,72.94535744624653,42386986710.43814,1001574663.482748
solana,2026-08-01 16:00:00+00:00,72.74580455675758,42271028349.149055,952194823.2491932
solana,2026-08-01 17:00:00+00:00,72.62325692791917,42199816331.33596,937333869.0214292
solana,2026-08-01 18:00:00+00:00,71.84748738827618,41749030970.78722,1035517133.2019324
solana,2026-08-01 19:00:00+00:00,71.01872202057257,41267451046.738365,1150312770.949041
solana,2026-08-01 20:00:00+00:00,71.19502455770233,41369894308.90495,1154824746.658879
solana,2026-08-01 21:00:00+00:00,71.49605826286239,41544816174.93385,1155628636.7512872
solana,2026-08-01 22:00:00+00:00,71.79243046092552,41717029584.43485,1159111965.8085668
solana,2026-08-01 23:00:00+00:00,71.85992331246652,41756246238.50692,1149097592.5111194
solana,2026-08-02 00:00:00+00:00,71.89412540165443,41776118382.13836,1152699492.7220883
solana,2026-08-02 01:00:00+00:00,72.03460368018837,41857745417.25042,1148943762.9509082
solana,2026-08-02 02:00:00+00:00,72.5936177682898,42182574329.316505,1169589278.764595
solana,2026-08-02 03:00:00+00:00,73.07199892916468,42460548947.87137,1204157070.9390454
solana,2026-08-02 04:00:00+00:00,73.14534932939668,42503169307.065,1205251869.4043276
solana,2026-08-02 05:00:00+00:00,73.46891015085258,42691181619.76804,1234684073.9450777
solana,2026-08-02 06:00:00+00:00,73.54433597015516,42735007819.00281,1260592855.7912948
solana,2026-08-02 07:00:00+00:00,73.3867738250192,42643449884.970924,1259076802.415164
solana,2026-08-02 08:00:00+00:00,73.42647729808255,42666518780.47952,1267806844.6978471
solana,2026-08-02 09:00:00+00:00,73.12321229096679,42490296222.17486,1281591303.2539778
solana,2026-08-02 10:00:00+00:00,73.31934402018433,42604262179.1616,1301312358.400417
solana,2026-08-02 11:00:00+00:00,73.20600599698126,42538402298.791534,1301937698.9054265
solana,2026-08-02 12:00:00+00:00,72.93140302052164,42387291057.23263,1305707848.4732609
solana,2026-08-02 13:00:00+00:00,72.87357683962115,42353681005.0896,1315610601.0781162
solana,2026-08-02 14:00:00+00:00,72.89447513895024,42365824860.569336,1331894079.1451836
solana,2026-08-02 15:00:00+00:00,73.02926211608678,42444160238.79604,1326058122.687054
solana,2026-08-02 16:00:00+00:00,72.95997672188027,42403889668.09969,1317455342.7352526
solana,2026-08-02 17:00:00+00:00,73.07515055954039,42470825527.91845,1306811571.6469443
solana,2026-08-02 18:00:00+00:00,73.25213881305226,42573687597.97058,1180526838.1456816
solana,2026-08-02 19:00:00+00:00,73.49926925174857,42717316217.81568,1061723104.023938
solana,2026-08-02 20:00:00+00:00,73.64969780811218,42804742173.80737,1045973776.3003372
solana,2026-08-02 21:00:00+00:00,73.62422316152114,42789933707.23523,1022749379.6656848
solana,2026-08-02 22:00:00+00:00,73.93893747368544,42972841534.4967,1039532392.4430453
solana,2026-08-02 23:00:00+00:00,73.58291598580094,42765921692.99479,1048127986.5316508
solana,2026-08-03 00:00:00+00:00,73.5466467652331,42744839950.32771,1055745990.3947438
solana,2026-08-03 01:00:00+00:00,73.14306491230312,42510270569.46054,1059849341.5740614
solana,2026-08-03 02:00:00+00:00,72.9349981426018,42389334182.69098,1036809513.08495
solana,2026-08-03 03:00:00+00:00,72.95250390424965,42399502551.88284,983213309.277226
solana,2026-08-03 04:00:00+00:00,72.84807691858173,42338808048.10703,978159510.6452578
solana,2026-08-03 05:00:00+00:00,72.79535318200872,42308163508.8094,956214048.326296
solana,2026-08-03 06:00:00+00:00,72.84719819944362,42338293503.275314,931292824.6144396
solana,2026-08-03 07:00:00+00:00,72.54417621941087,42162177240.04543,958501866.9892268
solana,2026-08-03 08:00:00+00:00,72.44848478708161,42106559998.42635,968712829.3454726
solana,2026-08-03 09:00:00+00:00,72.29335650255926,42016398359.84921,989574612.3319076
solana,2026-08-03 10:00:00+00:00,72.67635360820334,42238991797.08341,995221501.1442412
solana,2026-08-03 11:00:00+00:00,72.54460127496436,42162416087.99148,1013141405.3978364
solana,2026-08-03 12:00:00+00:00,72.37394424423219,42063229343.85021,1013000299.2846664
solana,2026-08-03 13:00:00+00:00,72.34513428830395,42046483024.68359,1019318213.3294104
solana,2026-08-03 14:00:00+00:00,73.17792683297449,42530493939.71315,1079678314.0366888
solana,2026-08-03 15:00:00+00:00,73.70516433306145,42836917847.20381,1207771453.9874485
solana,2026-08-03 16:00:00+00:00,73.53041362920705,42735351591.09985,1274912993.9950163
solana,2026-08-03 17:00:00+00:00,73.33598464068312,42622348146.78958,1305049825.558284
solana,2026-08-03 18:00:00+00:00,73.61920083659068,42786948501.09904,1337941346.3922234
solana,2026-08-03 19:00:00+00:00,73.91258186801021,42957456655.59426,1382454328.3646033
solana,2026-08-03 20:00:00+00:00,73.9655821614987,42988257322.92488,1420750365.510427
solana,2026-08-03 21:00:00+00:00,73.78724583780894,42884607036.31973,1436484825.7515535
solana,2026-08-03 22:00:00+00:00,73.65279364001606,42806461801.93922,1415669287.786952
solana,2026-08-03 23:00:00+00:00,73.46597290388189,42697880317.10368,1407176233.2220228
solana,2026-08-04 00:00:00+00:00,73.48861779525183,42711038749.872505,1401915388.5730865
solana,2026-08-04 01:00:00+00:00,73.00872254992508,42432125007.16426,1406166909.8772416
solana,2026-08-04 02:00:00+00:00,73.73327228529843,42853225443.96806,1431271914.122876
solana,2026-08-04 03:00:00+00:00,73.80767721646856,42896466465.622,1457656133.4720917
solana,2026-08-04 04:00:00+00:00,73.62923105170695,42792752589.62945,1458564266.0755613
solana,2026-08-04 05:00:00+00:00,73.79531570377287,42889277189.02054,1473873128.2226417
solana,2026-08-04 06:00:00+00:00,73.68037031139706,42822469727.50195,1467480639.8689048
solana,2026-08-04 07:00:00+00:00,73.35246509061865,42631891423.38204,1433050268.061664
solana,2026-08-04 08:00:00+00:00,73.6191198574439,42786866774.07105,1454937368.209392
solana,2026-08-04 09:00:00+00:00,73.26802220715585,42582809228.3427,1423264108.58991
solana,2026-08-04 10:00:00+00:00,73.20810090876923,42547981256.4868,1433005550.1970923
solana,2026-08-04 11:00:00+00:00,73.53841851190535,42739956982.13326,1442547671.5916808
solana,2026-08-04 12:00:00+00:00,73.8741338994104,42935070098.07145,1480140851.110103
solana,2026-08-04 13:00:00+00:00,73.75795706336224,42867546333.29561,1489032264.884837
solana,2026-08-04 14:00:00+00:00,73.57450552513295,42760923622.99628,1469760503.9802363
solana,2026-08-04 15:00:00+00:00,73.76983741373336,42883002223.42022,1402477126.262074
solana,2026-08-04 16:00:00+00:00,73.93106767625078,42976723736.74235,1377208379.4015677
solana,2026-08-04 17:00:00+00:00,73.64740785982968,42811826736.065285,1362480349.2840571
solana,2026-08-04 18:00:00+00:00,73.72201012801413,42855190939.44303,1375311896.9101574
solana,2026-08-04 19:00:00+00:00,74.0996374880175,43074705925.902855,1357761284.916982
solana,2026-08-04 20:00:00+00:00,74.18895885773152,43126616974.90823,1352711967.4871912
solana,2026-08-04 21:00:00+00:00,74.2165111885325,43142621123.72786,1389007818.1449366
solana,2026-08-04 22:00:00+00:00,74.07671562661294,43061349920.82005,1396986461.201529
solana,2026-08-04 23:00:00+00:00,74.04563708609437,43043279478.04195,1378087766.98568
solana,2026-08-05 00:00:00+00:00,73.7132413282771,42850053286.97023,1405107740.5192373
solana,2026-08-05 01:00:00+00:00,73.45088054582645,42697538396.29554,1404221424.133887
solana,2026-08-05 02:00:00+00:00,74.04175687576591,43041017111.77068,1423116177.3946056
solana,2026-08-05 03:00:00+00:00,74.15186794479193,43105022793.16741,1456823658.3268492
solana,2026-08-05 04:00:00+00:00,73.72730581165342,42858219192.16867,1472632128.1542816
solana,2026-08-05 05:00:00+00:00,73.71681613385012,42852119463.790695,1483994581.8760417
solana,2026-08-05 06:00:00+00:00,74.09183637103587,43070119268.44604,1553799724.5011058
solana,2026-08-05 07:00:00+00:00,73.95671874348704,42991572332.33686,1548446385.6866455
solana,2026-08-05 08:00:00+00:00,73.92778620243776,42974751203.17736,1541620277.844956
solana,2026-08-05 09:00:00+00:00,74.0065697040828,43020546648.50309,1541874470.3583176
solana,2026-08-05 10:00:00+00:00,73.94400167748783,42984173662.2029,1523758073.3742695
solana,2026-08-05 11:00:00+00:00,73.7891538636485,42894157204.57566,1517911521.8608634
solana,2026-08-05 12:00:00+00:00,73.71479610349246,42850930597.00009,1496206781.2381318
solana,2026-08-05 13:00:00+00:00,74.0259585613634,43031809293.42871,1539815712.9495742
solana,2026-08-05 14:00:00+00:00,73.86241124988628,42936735507.79467,1588340128.5086153
solana,2026-08-05 15:00:00+00:00,73.90731749810887,42962837301.159615,1601685744.178113
solana,2026-08-05 16:00:00+00:00,73.91082177416976,42964871597.18282,1650089599.082398
solana,2026-08-05 17:00:00+00:00,74.23446542519963,43153001879.12161,1674424443.4836376
solana,2026-08-05 18:00:00+00:00,74.49584152925983,43304937858.43417,1691906546.7650962
solana,2026-08-05 19:00:00+00:00,74.46788799043848,43288685318.13812,1707250282.7368248
solana,2026-08-05 20:00:00+00:00,74.42530775858039,43263929739.24488,1692743973.615709
solana,2026-08-05 21:00:00+00:00,74.32633937070521,43206396346.31953,1666989702.49318
solana,2026-08-05 22:00:00+00:00,74.08881153941633,43068317136.85067,1668932694.457738
solana,2026-08-05 23:00:00+00:00,73.94968523140729,42987439190.43458,1669085382.774999
solana,2026-08-06 00:00:00+00:00,73.98563070196333,43008332005.53158,1661480491.5740733
solana,2026-08-06 01:00:00+00:00,74.01764966693568,43026942546.71092,1632753213.633962
solana,2026-08-06 02:00:00+00:00,73.70233884046462,42843647533.631294,1626974371.7263358
solana,2026-08-06 03:00:00+00:00,73.47505212174082,42711522050.6075,1618294032.405476
solana,2026-08-06 04:00:00+00:00,73.4205234253097,42679822112.45412,1592654037.4913015
solana,2026-08-06 05:00:00+00:00,73.78513248661379,42891769511.83148,1581677138.7336297
solana,2026-08-06 06:00:00+00:00,74.15429095265957,43106361585.31536,1583233343.9941013
solana,2026-08-06 07:00:00+00:00,73.96855712102547,42998391273.81864,1581525517.7475052
solana,2026-08-06 08:00:00+00:00,73.80678645558297,42904350539.61751,1577171661.528974
solana,2026-08-06 09:00:00+00:00,73.92842233801187,42975056344.00948,1602886490.9192572
solana,2026-08-06 10:00:00+00:00,73.22882770090604,42568375433.237526,1653360361.1018507
solana,2026-08-06 11:00:00+00:00,73.23739423592632,42573353082.56652,1658593260.9076543
solana,2026-08-06 12:00:00+00:00,73.39278278237566,42663679046.19275,1662606773.2933488
solana,2026-08-06 13:00:00+00:00,73.08930971073937,42487265933.01205,1608193801.2125287
solana,2026-08-06 14:00:00+00:00,73.1781460503887,42538904671.74479,1577719919.9044516
solana,2026-08-06 15:00:00+00:00,73.41003493288453,42673700289.44353,1571252555.4991786
solana,2026-08-06 16:00:00+00:00,73.2976420900904,42608362771.19196,1518072762.8258932
solana,2026-08-06 17:00:00+00:00,73.38747314151315,42669078046.69684,1490847238.8941283
solana,2026-08-06 18:00:00+00:00,73.12845657341765,42518477798.30096,1455266718.7461605
solana,2026-08-06 19:00:00+00:00,72.75739335666495,42302720920.30274,1426155585.278201
solana,2026-08-06 20:00:00+00:00,72.7634637209814,42306237299.30035,1439052792.4122202
solana,2026-08-06 21:00:00+00:00,72.80883300710559,42332613506.38457,1421532485.85839
solana,2026-08-06 22:00:00+00:00,72.81144028080354,42334126051.55348,1412910270.964137
solana,2026-08-06 23:00:00+00:00,72.6297850038411,42228504958.80177,1417610259.2520475
solana,2026-08-07 00:00:00+00:00,72.63053979307217,42228941517.17326,1434979784.3542812
solana,2026-08-07 01:00:00+00:00,72.60101349323743,42257587473.133896,1443181569.7959218
solana,2026-08-07 02:00:00+00:00,72.66960738590042,42297510725.19991,1429108166.127721
solana,2026-08-07 03:00:00+00:00,72.65721713789327,42290296662.25751,1397883077.2848392
solana,2026-08-07 04:00:00+00:00,72.54758537411524,42226482847.21592,1390694229.6369576
solana,2026-08-07 05:00:00+00:00,72.61132690847015,42263581476.14616,1385200381.0540748
solana,2026-08-07 06:00:00+00:00,72.81841252239641,42384113722.8626,1351892088.1480713
solana,2026-08-07 07:00:00+00:00,72.76216552417118,42351373189.994896,1363796666.051257
solana,2026-08-07 08:00:00+00:00,72.8676959259771,42412795198.14066,1348159714.409099
solana,2026-08-07 09:00:00+00:00,73.1386742854996,42570516791.30165,1328712594.1017246
solana,2026-08-07 10:00:00+00:00,73.57254065350004,42823047307.458046,1339930856.8838248
solana,2026-08-07 11:00:00+00:00,73.47440675314401,42765926312.00279,1343283439.9224072
solana,2026-08-07 12:00:00+00:00,73.56178488028462,42816782485.18077,1349348007.9087384
solana,2026-08-07 13:00:00+00:00,73.85122265547602,42985247894.47819,1459934240.9815795
solana,2026-08-07 14:00:00+00:00,74.10624927998232,43133683743.75658,1487322323.970569
solana,2026-08-07 15:00:00+00:00,73.67394669077724,42882058113.11647,1516695681.6166854
solana,2026-08-07 16:00:00+00:00,73.86996265146209,42996146867.6472,1517167893.5853508
solana,2026-08-07 17:00:00+00:00,73.54394776344897,42806386391.62951,1518877786.5179453
solana,2026-08-07 18:00:00+00:00,73.3638847016765,42701577546.57788,1532407645.681813
solana,2026-08-07 19:00:00+00:00,73.34742885192641,42691996744.21345,1526481384.8310957
solana,2026-08-07 20:00:00+00:00,73.96333906875648,43050485357.94893,1552371058.2861078
solana,2026-08-07 21:00:00+00:00,73.79023507187804,42949727572.99223,1565496201.548243
solana,2026-08-07 22:00:00+00:00,73.6048974600669,42841848826.813614,1554014144.9175465
solana,2026-08-07 23:00:00+00:00,73.59882501211935,42838312158.62283,1557174057.735401
solana,2026-08-08 00:00:00+00:00,73.61748637019244,42849171264.52056,1515326505.7161973
solana,2026-08-08 01:00:00+00:00,73.66777248560888,42878437958.6714,1498379580.1684527
solana,2026-08-08 02:00:00+00:00,73.8457037841035,42982001040.71799,1490391547.7481277
solana,2026-08-08 03:00:00+00:00,73.82596541712952,42970509478.28322,1473064837.3058014
solana,2026-08-08 04:00:00+00:00,74.82554330894382,43552312866.63798,1573228613.4651124
solana,2026-08-08 05:00:00+00:00,74.59462235697126,43417902629.89846,1640195021.6826196
solana,2026-08-08 06:00:00+00:00,74.59822077465033,43419994668.96754,1636643406.745336
solana,2026-08-08 07:00:00+00:00,74.66832739542002,43460798407.48757,1622294966.3711782
solana,2026-08-08 08:00:00+00:00,74.77189737978297,43521079423.7702,1617543963.5904808
solana,2026-08-08 09:00:00+00:00,74.75901425944072,43513578505.66467,1610833190.135246
solana,2026-08-08 10:00:00+00:00,74.83254489950811,43556375168.76164,1544656310.2125793
solana,2026-08-08 11:00:00+00:00,75.03170811106914,43672296298.39187,1531922110.8267975
solana,2026-08-08 12:00:00+00:00,75.52924353323863,43961885395.39948,1597411931.727697
solana,2026-08-08 13:00:00+00:00,75.38742341706903,43879336914.50798,1531967072.1304646
solana,2026-08-08 14:00:00+00:00,75.48357936358207,43935302043.88646,1453300479.0178866
solana,2026-08-08 15:00:00+00:00,76.45483441936705,44500619671.3991,1496209645.0476325
solana,2026-08-08 16:00:00+00:00,76.327961062356,44426769982.93214,1552991643.9833045
solana,2026-08-08 17:00:00+00:00,76.33072879320801,44428377935.06098,1560173150.0212228
solana,2026-08-08 18:00:00+00:00,76.33561285980996,44431218156.66924,1489960488.3133006
solana,2026-08-08 19:00:00+00:00,76.08139242570624,44283246023.47525,1472221403.615337
solana,2026-08-08 20:00:00+00:00,76.10455423429347,44305549021.65934,1443182253.9283826
solana,2026-08-08 21:00:00+00:00,76.20055606920302,44361435038.39896,1420020030.026878
solana,2026-08-08 22:00:00+00:00,76.16382256122932,44340033609.41859,1409694587.406144
solana,2026-08-08 23:00:00+00:00,75.85727182371781,44161560709.69651,1392603703.16196
solana,2026-08-09 00:00:00+00:00,75.95980019087798,44221246388.37914,1411313618.6806538
solana,2026-08-09 01:00:00+00:00,75.95669655230719,44219436331.62633,1414613368.2684436
solana,2026-08-09 02:00:00+00:00,75.83364910287293,44147800189.82691,1412170430.4053218
solana,2026-08-09 03:00:00+00:00,75.81348269326928,44136057638.95605,1403325021.13229
solana,2026-08-09 04:00:00+00:00,75.93302121993473,44205646577.49827,1317668055.4300594
solana,2026-08-09 05:00:00+00:00,75.91604083396686,44195758475.70824,1237460739.3889773
solana,2026-08-09 06:00:00+00:00,75.95290585146243,44217217929.32425,1221446956.6472442
solana,2026-08-09 07:00:00+00:00,76.35362396223353,44450500076.86239,1242353380.2964406
solana,2026-08-09 08:00:00+00:00,76.29636492175352,44417163617.09193,1253884351.8644075
solana,2026-08-09 09:00:00+00:00,76.26316808125047,44397835302.86512,1268865425.3006766
solana,2026-08-09 10:00:00+00:00,76.38099755718699,44466429715.51705,1270334426.1762698
solana,2026-08-09 11:00:00+00:00,76.32577883908486,44434281147.14564,1257478239.1125128
solana,2026-08-09 12:00:00+00:00,76.44740763968629,44505087399.38447,1181320236.833377
solana,2026-08-09 13:00:00+00:00,76.31012242116698,44425162311.33807,1137481677.188234
solana,2026-08-09 14:00:00+00:00,76.5230519488552,44549120159.16332,1147791840.8943195
solana,2026-08-09 15:00:00+00:00,76.90840472564213,44773456192.05072,1069099510.3979812
solana,2026-08-09 16:00:00+00:00,77.33613056643198,45022460429.845856,1059098509.2067592
solana,2026-08-09 17:00:00+00:00,77.2625314801279,44979610334.22065,1077800353.772864
solana,2026-08-09 18:00:00+00:00,77.11544742488289,44893980257.74827,1069535547.3482848
solana,2026-08-09 19:00:00+00:00,77.14947813986765,44913788305.18529,1055284703.7397867
solana,2026-08-09 20:00:00+00:00,77.1783115322116,44930571001.37356,1040505352.57226
solana,2026-08-09 21:00:00+00:00,77.20951106785206,44948731530.50413,1037935226.558432
solana,2026-08-09 22:00:00+00:00,77.3164258882814,45010970362.36664,1037459784.2341292
solana,2026-08-09 23:00:00+00:00,76.75856898622858,44686202514.29023,1066127968.1327144
solana,2026-08-10 00:00:00+00:00,76.2136945390063,44368992541.41147,1091586238.5562603
solana,2026-08-10 01:00:00+00:00,76.49425260868863,44532321059.65448,1133419536.184069
solana,2026-08-10 02:00:00+00:00,76.83915594655264,44733109358.7989,1157787303.9354737
solana,2026-08-10 03:00:00+00:00,76.75097143940667,44681768719.090485,1167575527.1873538
solana,2026-08-10 04:00:00+00:00,76.56674590858049,44574516856.45903,1186422195.041629
solana,2026-08-10 05:00:00+00:00,76.51163616246396,44542431552.15273,1189597243.78078
solana,2026-08-10 06:00:00+00:00,76.8309773952737,44728338277.44566,1198345925.8869488
solana,2026-08-10 07:00:00+00:00,76.93087799334869,44786494872.11447,1186285631.1165514
solana,2026-08-10 08:00:00+00:00,76.93712122377714,44790127289.4502,1171104111.213741
solana,2026-08-10 09:00:00+00:00,76.88294403223817,44758585053.41586,1174410482.177392
solana,2026-08-10 10:00:00+00:00,76.51238368486078,44542855503.23564,1186242327.029955
solana,2026-08-10 11:00:00+00:00,76.77002744871415,44692844012.65308,1227382048.108616
solana,2026-08-10 12:00:00+00:00,76.98116854971626,44815761084.82956,1237159572.6122265
solana,2026-08-10 13:00:00+00:00,76.57919590245068,44581744196.29364,1259506408.1614797
solana,2026-08-10 14:00:00+00:00,76.24279887412449,44385902773.79964,1321378734.7628088
solana,2026-08-10 15:00:00+00:00,76.20952719506977,44366529669.064445,1321151142.5924876
solana,2026-08-10 16:00:00+00:00,75.90974768451285,44192005645.3568,1338737378.4836192
solana,2026-08-10 17:00:00+00:00,75.62333776534074,44025264388.63337,1365915809.752215
solana,2026-08-10 18:00:00+00:00,75.90529795223966,44189408767.72475,1401646456.303962
solana,2026-08-10 19:00:00+00:00,75.76299912151327,44106564682.70879,1425323628.652007
solana,2026-08-10 20:00:00+00:00,76.10257245367151,44304249525.46826,1450469934.7670882
solana,2026-08-10 21:00:00+00:00,76.37391989157341,44462215339.59134,1471184373.3748803
solana,2026-08-10 22:00:00+00:00,76.24687679256316,44388252646.02142,1474009238.8355043
solana,2026-08-10 23:00:00+00:00,76.14901228350716,44340087662.35545,1445559678.951722
solana,2026-08-11 00:00:00+00:00,75.92477495236717,44209512993.63219,1404101603.2585404
solana,2026-08-11 01:00:00+00:00,75.81509590481983,44160926328.36136,1376204713.3433466
solana,2026-08-11 02:00:00+00:00,76.02026346593594,44280425446.38385,1364907492.9232924
solana,2026-08-11 03:00:00+00:00,75.97755551401197,44255545991.84966,1348868195.5150602
solana,2026-08-11 04:00:00+00:00,76.00791566986177,44273227587.25196,1326859743.3149078
solana,2026-08-11 05:00:00+00:00,76.01766923332029,44278906699.85227,1317729283.5447743
solana,2026-08-11 06:00:00+00:00,75.74461805884295,44119856846.5296,1325434365.059609
solana,2026-08-11 07:00:00+00:00,75.73847801020635,44116278344.57645,1343866032.7544787
solana,2026-08-11 08:00:00+00:00,75.61862557786667,44046463994.40016,1369398829.181008
solana,2026-08-11 09:00:00+00:00,75.86888115684135,44192231450.59669,1366808966.105513
solana,2026-08-11 10:00:00+00:00,75.77810723293146,44139354816.62656,1380089599.9083247
solana,2026-08-11 11:00:00+00:00,75.88867963624678,44203759025.19047,1358016184.3124747
solana,2026-08-11 12:00:00+00:00,76.1661494930658,44365378211.7719,1393493204.9229093
solana,2026-08-11 13:00:00+00:00,75.88640350231292,44202428998.96677,1382625834.238725
solana,2026-08-11 14:00:00+00:00,75.97577940108512,44254485825.74785,1360727424.99972
solana,2026-08-11 15:00:00+00:00,75.14673025392777,43771577144.47706,1041091695.0603428
solana,2026-08-11 16:00:00+00:00,74.88039421827662,43616438267.21949,1339204300.806448
solana,2026-08-11 17:00:00+00:00,74.87859870909146,43615389020.67687,1275624169.6980577
solana,2026-08-11 18:00:00+00:00,75.10864234733616,43749382586.389626,1252693423.3828435
solana,2026-08-11 19:00:00+00:00,75.19223604012376,43798071515.77334,1252931731.8207915
solana,2026-08-11 20:00:00+00:00,75.60711357802542,44039726923.683685,1263272140.161878
solana,2026-08-11 21:00:00+00:00,75.9981743054797,44267509492.00413,1316841931.7427864
solana,2026-08-11 22:00:00+00:00,76.35622578754713,44476064689.3748,1346747414.4409451
solana,2026-08-11 23:00:00+00:00,76.34342681822943,44468606423.19083,1372876141.570345
solana,2026-08-12 00:00:00+00:00,76.21620473970299,44394499308.18516,1379559378.010563
solana,2026-08-12 01:00:00+00:00,76.30594827264068,44448219922.763145,1369660943.253161
solana,2026-08-12 02:00:00+00:00,76.36886003517593,44484863052.929054,1373126870.1917324
solana,2026-08-12 03:00:00+00:00,76.36569224322015,44483015015.62348,1384256152.7576044
solana,2026-08-12 04:00:00+00:00,76.34932046346744,44473476066.11178,1384770860.6856115
solana,2026-08-12 05:00:00+00:00,76.23085688941806,44404469509.57474,1383136169.7035978
solana,2026-08-12 06:00:00+00:00,76.25732722236123,44419886008.16556,1367728563.6881633
solana,2026-08-12 07:00:00+00:00,75.97747883689105,44256872428.29383,1335154419.099669
solana,2026-08-12 08:00:00+00:00,76.18667411922064,44378726627.68524,1322910571.1160257
solana,2026-08-12 09:00:00+00:00,76.11171815598354,44335062682.400986,1323677464.0673196
solana,2026-08-12 10:00:00+00:00,76.70054957051744,44678054724.319336,1345002058.3846
solana,2026-08-12 11:00:00+00:00,76.71549524797776,44686758067.46764,1347967794.461035
solana,2026-08-12 12:00:00+00:00,76.77295363189131,44720225282.25964,1314171907.33562
solana,2026-08-12 13:00:00+00:00,76.58550112651513,44611031374.6648,1405353726.6200774
solana,2026-08-12 14:00:00+00:00,76.16608321053546,44366718422.55914,1415400462.882136
solana,2026-08-12 15:00:00+00:00,75.39914596887769,43919974299.54399,1430725027.6039927
solana,2026-08-12 16:00:00+00:00,75.68378156778438,44085771143.179695,1380800271.7197287
solana,2026-08-12 17:00:00+00:00,75.62816638731859,44053372205.26271,1364272831.100775
solana,2026-08-12 18:00:00+00:00,75.85365635091924,44184717219.305244,1370105785.6991277
solana,2026-08-12 19:00:00+00:00,75.83696657431724,44174992150.12,1353398221.8463976
solana,2026-08-12 20:00:00+00:00,75.69011512931766,44089447977.12539,1337910894.0058684
solana,2026-08-12 21:00:00+00:00,75.86295023294889,44190120616.90961,1282806498.1622713
solana,2026-08-12 22:00:00+00:00,75.44712253529966,43947898759.49766,1256676369.65118
solana,2026-08-12 23:00:00+00:00,75.45870308664918,43954641746.91492,1225809456.573299
solana,2026-08-13 00:00:00+00:00,75.5587764536576,44012931702.97556,1222417236.9441097
solana,2026-08-13 01:00:00+00:00,75.56618367331055,44025993373.89551,1228542715.3120415
solana,2026-08-13 02:00:00+00:00,75.5788612126336,44033376643.25459,1223074252.25837
solana,2026-08-13 03:00:00+00:00,75.89753543092328,44219028683.11331,1227271932.5979235
solana,2026-08-13 04:00:00+00:00,76.18070193152349,44383986119.240265,1279478667.7450962
solana,2026-08-13 05:00:00+00:00,76.06127489058932,44314403764.57664,1286392562.0715318
solana,2026-08-13 06:00:00+00:00,76.45763187822637,44545324944.801735,1307241572.5971105
solana,2026-08-13 07:00:00+00:00,76.4480253471216,44539725665.26248,1304346034.9910736
solana,2026-08-13 08:00:00+00:00,76.38367232603969,44502230239.61704,1297609944.94408
solana,2026-08-13 09:00:00+00:00,76.14252536456964,44361732604.23891,1277142435.1135724
solana,2026-08-13 10:00:00+00:00,76.0925434302023,44332609904.0996,1250818629.655318
solana,2026-08-13 11:00:00+00:00,75.68684091705452,44096239416.74521,1251641601.447117
solana,2026-08-13 12:00:00+00:00,75.58170733508355,44034984966.33709,1243154744.2624528
solana,2026-08-13 13:00:00+00:00,76.04959289909114,44307578950.85231,1150304623.6201856
solana,2026-08-13 14:00:00+00:00,76.11518986988698,44345794214.77925,1115900226.128
solana,2026-08-13 15:00:00+00:00,76.40790572774878,44516330961.89277,1051530672.7276262
solana,2026-08-13 16:00:00+00:00,75.63033317863756,44063302885.82326,1033434244.2916932
solana,2026-08-13 17:00:00+00:00,75.49858161589187,43986539141.96762,1129224957.4643636
solana,2026-08-13 18:00:00+00:00,75.70897598155317,44109115100.613945,1130552719.3045444
solana,2026-08-13 19:00:00+00:00,75.94812782863858,44248445310.185776,1133934717.4515555
solana,2026-08-13 20:00:00+00:00,76.12446186406537,44351176767.7328,1150313503.198437
solana,2026-08-13 21:00:00+00:00,76.15383084339909,44368284737.00356,1169190622.161985
solana,2026-08-13 22:00:00+00:00,76.1482139082664,44365009512.77729,1155896474.5582662
solana,2026-08-13 23:00:00+00:00,76.1890844265304,44388818357.90628,1165699018.27353
solana,2026-08-14 00:00:00+00:00,76.20210719138348,44396403054.23995,1161301279.1811674
solana,2026-08-14 01:00:00+00:00,76.00464228846015,44281354459.64224,1170116874.2238317
solana,2026-08-14 02:00:00+00:00,76.02722178853895,44294507039.23184,1179826378.718651
solana,2026-08-14 03:00:00+00:00,75.98719421585706,44271184217.72663,1171610542.802235
solana,2026-08-14 04:00:00+00:00,75.74328723708491,44129078212.01248,1134512203.322682
solana,2026-08-14 05:00:00+00:00,75.76603929540798,44142331469.3758,1124708479.480244
solana,2026-08-14 06:00:00+00:00,75.89248487078756,44215998075.37198,1101566173.810877
solana,2026-08-14 07:00:00+00:00,75.48177045117941,43976708091.36998,1108986230.3587594
solana,2026-08-14 08:00:00+00:00,75.53214741491844,44006056184.29785,1118083680.5521395
solana,2026-08-14 09:00:00+00:00,75.78285583434102,44152120109.19539,1131687274.2220545
solana,2026-08-14 10:00:00+00:00,75.41115677981158,43935560923.71585,1115182689.8851357
solana,2026-08-14 11:00:00+00:00,75.32681332805572,43886419102.57887,1103461617.5536914
solana,2026-08-14 12:00:00+00:00,75.46481739376429,43966819838.68263,1101196292.9159763
solana,2026-08-14 13:00:00+00:00,75.39023509364881,43923365040.80527,1097071684.3342483
solana,2026-08-14 14:00:00+00:00,75.26988169584057,43853242743.81896,1103491044.1569946
solana,2026-08-14 15:00:00+00:00,75.20507769285287,43815484165.64107,1104468149.6669886
solana,2026-08-14 16:00:00+00:00,75.60810156162148,44050288148.3191,1111242257.7269354
solana,2026-08-14 17:00:00+00:00,75.4100617902757,43934904601.84316,1013789734.3138598
solana,2026-08-14 18:00:00+00:00,75.21460656643406,43821026446.38048,1014568689.9111444
solana,2026-08-14 19:00:00+00:00,74.92522604054822,43652426783.71442,1045993616.0706744
solana,2026-08-14 20:00:00+00:00,74.95787933222408,43671448068.26653,1080867344.873984
solana,2026-08-14 21:00:00+00:00,75.07768465494104,43741245479.29608,1072836503.941126
solana,2026-08-14 22:00:00+00:00,75.11567508864348,43763376517.64707,1078013871.7260838
solana,2026-08-14 23:00:00+00:00,75.12310940449926,43767705450.978,1067175735.690971
solana,2026-08-15 00:00:00+00:00,75.3354966028721,43891442681.25692,1076928576.0939782
solana,2026-08-15 01:00:00+00:00,75.29592868643071,43868387439.86981,1051417108.1865048
solana,2026-08-15 02:00:00+00:00,75.34904735575223,43899332685.87592,1037121654.5336516
solana,2026-08-15 03:00:00+00:00,75.5945307995483,44051106659.56752,1052263826.2830092
solana,2026-08-15 04:00:00+00:00,75.36128886267312,43915185938.037056,1041513553.3915434
solana,2026-08-15 05:00:00+00:00,75.465727028678,43976033047.30358,1050600183.4862342
solana,2026-08-15 06:00:00+00:00,75.28975237221518,43873478722.627846,1057657481.6603148
solana,2026-08-15 07:00:00+00:00,75.36581087363626,43917796095.0239,1035502985.0056356
solana,2026-08-15 08:00:00+00:00,75.16798064032996,43802512639.99958,1017764404.6243548
solana,2026-08-15 09:00:00+00:00,75.02033791910861,43716475065.87087,1001344070.0584573
solana,2026-08-15 10:00:00+00:00,75.17303691401744,43805455104.52462,986818089.0436512
solana,2026-08-15 11:00:00+00:00,75.22258023274794,43834323267.62639,963944228.7483988
solana,2026-08-15 12:00:00+00:00,75.18159719159003,43810439095.58456,941740715.8578804
solana,2026-08-15 13:00:00+00:00,75.34527327053098,43905815598.31944,922936068.3178588
solana,2026-08-15 14:00:00+00:00,75.50149620625913,43996848855.94975,893674259.4646711
solana,2026-08-15 15:00:00+00:00,75.39269682087394,43933445729.09155,877879787.3885779
solana,2026-08-15 16:00:00+00:00,75.46159216194593,43973589987.442894,844067266.6730947
solana,2026-08-15 17:00:00+00:00,75.42523666239623,43952402268.522446,821146029.6960434
solana,2026-08-15 18:00:00+00:00,75.59759816596333,44052839536.92687,808906132.4866623
solana,2026-08-15 19:00:00+00:00,75.49495179187788,43993021937.67355,761755596.7879512
solana,2026-08-15 20:00:00+00:00,75.49259427815404,43991645617.797264,693221345.9194186
solana,2026-08-15 21:00:00+00:00,75.46497991336608,43975551094.98736,678179073.7435385
solana,2026-08-15 22:00:00+00:00,75.57138454571883,44037553668.52296,665357966.3651235
solana,2026-08-15 23:00:00+00:00,75.52355816937236,44009681399.43166,653537440.6231459
solana,2026-08-16 00:00:00+00:00,75.27983398665542,43867653904.23412,646905911.5452769
solana,2026-08-16 01:00:00+00:00,75.40102126609804,43942574592.84329,642340581.995533
solana,2026-08-16 02:00:00+00:00,75.3479748578316,43911657526.94468,639248493.4249333
solana,2026-08-16 03:00:00+00:00,75.51679755278448,44010042527.7907,629061070.4232521
solana,2026-08-16 04:00:00+00:00,75.52647759326395,44015681679.59877,623909955.8601717
solana,2026-08-16 05:00:00+00:00,75.4000354603036,43941991199.30161,599215170.3351682
solana,2026-08-16 06:00:00+00:00,75.30003170691803,43883708561.06407,584439374.8201832
solana,2026-08-16 07:00:00+00:00,75.31792207627677,43894132861.40702,586292747.2582811
solana,2026-08-16 08:00:00+00:00,75.39388413600341,43938400227.80754,575832673.704178
solana,2026-08-16 09:00:00+00:00,75.40834383500035,43946825167.62187,564574500.0969243
solana,2026-08-16 10:00:00+00:00,75.25646511227836,43858310742.981766,565042825.9660631
solana,2026-08-16 11:00:00+00:00,75.20458068561665,43828071383.42567,569278455.7622154
solana,2026-08-16 12:00:00+00:00,75.22000326298186,43837057613.44539,576193950.3687277
solana,2026-08-16 13:00:00+00:00,75.16254882483429,43803571704.03384,574957040.9030104
solana,2026-08-16 14:00:00+00:00,75.24894914808226,43853922701.68508,563426973.6364667
solana,2026-08-16 15:00:00+00:00,75.33406146741795,43903522488.60104,535286208.6072732
solana,2026-08-16 16:00:00+00:00,75.50920550283236,44005591127.282616,535935185.7831019
solana,2026-08-16 17:00:00+00:00,75.49773786161467,43998905193.69463,574920101.5274873
solana,2026-08-16 18:00:00+00:00,75.21624715604723,43834854153.839645,576487107.6270697
solana,2026-08-16 19:00:00+00:00,75.12850923078763,43783718961.062096,597756929.0269006
solana,2026-08-16 20:00:00+00:00,75.1667643981659,43806012026.48215,613971756.3264258
solana,2026-08-16 21:00:00+00:00,74.95453272152218,43682323295.76596,617332871.227635
solana,2026-08-16 22:00:00+00:00,74.29834248881154,43299903306.030266,684935352.4647751
solana,2026-08-16 23:00:00+00:00,74.43967224626422,43382265731.7712,715318977.1289084
solana,2026-08-17 00:00:00+00:00,74.5477464048606,43445247273.99058,715071398.221322
solana,2026-08-17 01:00:00+00:00,74.56066434164339,43452772982.75573,739098803.965873
solana,2026-08-17 02:00:00+00:00,75.06320670969835,43745644407.77602,788863471.0902287
solana,2026-08-17 03:00:00+00:00,75.4247571673437,43956347988.65454,820167106.5177518
solana,2026-08-17 04:00:00+00:00,75.46253389376777,43978361428.4826,854147285.6395571
solana,2026-08-17 05:00:00+00:00,75.50346133474908,44010946205.2664,872944988.9966699
solana,2026-08-17 06:00:00+00:00,75.35246172487638,43922925297.23895,876263212.7671286
solana,2026-08-17 07:00:00+00:00,75.82905922129083,44200722802.13836,919703995.3395996
solana,2026-08-17 08:00:00+00:00,75.736830396033,44146956422.1237,951156157.946126
solana,2026-08-17 09:00:00+00:00,75.1793109538258,43821975016.5156,1010519683.153096
solana,2026-08-17 10:00:00+00:00,75.27952065650501,43880386010.42519,1037964801.005368
solana,2026-08-17 11:00:00+00:00,75.70116958266699,44126161940.05467,1067929805.819708
solana,2026-08-17 12:00:00+00:00,75.6311858589261,44085366489.30751,1112435233.04836
solana,2026-08-17 13:00:00+00:00,75.36104846184936,43927900969.07166,1156210126.3775442
solana,2026-08-17 14:00:00+00:00,75.55347638869257,44040064892.380615,1201742595.2180364
solana,2026-08-17 15:00:00+00:00,75.90823358993423,44246850929.01411,1247828578.2091937
solana,2026-08-17 16:00:00+00:00,76.03862776318545,44322854037.27489,1304537545.8606446
solana,2026-08-17 17:00:00+00:00,75.95335868095098,44272917527.785286,1303897873.49029
solana,2026-08-17 18:00:00+00:00,75.86769572601038,44222981625.19488,1326211101.2042258
solana,2026-08-17 19:00:00+00:00,75.83721112476354,44205209165.53989,1321422919.1880891
solana,2026-08-17 20:00:00+00:00,75.73063742341512,44143084394.086296,1333662391.503474
solana,2026-08-17 21:00:00+00:00,75.93348627294024,44261321094.03438,1346964058.067397
solana,2026-08-17 22:00:00+00:00,75.90692252875883,44245834213.7055,1283874297.0539775
solana,2026-08-17 23:00:00+00:00,75.66668664423563,44105798916.96786,1262107409.046997
solana,2026-08-18 00:00:00+00:00,75.9729945474511,44284342203.94819,1276977894.5709734
solana,2026-08-18 01:00:00+00:00,75.977348298918,44286877226.88706,1272947238.027261
solana,2026-08-18 02:00:00+00:00,75.53522219168674,44029161295.14152,1233477656.974111
solana,2026-08-18 03:00:00+00:00,75.20168455527507,43834741449.87154,1265683851.3845642
solana,2026-08-18 04:00:00+00:00,75.43022572906331,43967954620.99471,1248468294.324086
solana,2026-08-18 05:00:00+00:00,75.76567125630878,44163482356.44991,1283319799.233317
solana,2026-08-18 06:00:00+00:00,75.66893234682624,44107091673.64231,1316472632.188513
solana,2026-08-18 07:00:00+00:00,75.93973687797344,44264940190.875465,1303425052.124783
solana,2026-08-18 08:00:00+00:00,76.02565157074825,44315017363.43234,1329459706.6769671
solana,2026-08-18 09:00:00+00:00,76.09142817836431,44353356446.24319,1303633318.2949965
solana,2026-08-18 10:00:00+00:00,75.87679964468819,44228248022.6205,1287903099.4944942
solana,2026-08-18 11:00:00+00:00,75.76973653319646,44165839223.327934,1271558226.26393
solana,2026-08-18 12:00:00+00:00,76.28898922084558,44468507208.25088,1293184652.5765698
solana,2026-08-18 13:00:00+00:00,76.16482786074089,44396131302.73509,1283669562.3034563
solana,2026-08-18 14:00:00+00:00,76.13371341948353,44377991901.83241,1268287295.135604
solana,2026-08-18 15:00:00+00:00,76.77183206551422,44749944889.29626,1371668077.080641
solana,2026-08-18 16:00:00+00:00,77.1423401119152,44965908778.67474,1390410921.1774535
solana,2026-08-18 17:00:00+00:00,77.02785620322781,44898948466.89157,1390166201.4245331
solana,2026-08-18 18:00:00+00:00,76.84757328087446,44793859369.16313,1368868284.6718953
solana,2026-08-18 19:00:00+00:00,77.20203707292605,45000470543.12156,1371499399.437896
solana,2026-08-18 20:00:00+00:00,77.11408517870787,44949200897.48544,1385646767.6310644
solana,2026-08-18 21:00:00+00:00,76.84501853545932,44792361168.59551,1391805869.6579328
solana,2026-08-18 22:00:00+00:00,76.93778980541967,44846433655.55694,1396772410.1676252
solana,2026-08-18 23:00:00+00:00,76.90512909975168,44827393548.16528,1416772723.363761
solana,2026-08-19 00:00:00+00:00,77.00190398395006,44883800154.35045,1412565436.337034
solana,2026-08-19 01:00:00+00:00,76.87619313312955,44810521253.384384,1419092357.2502296
solana,2026-08-19 02:00:00+00:00,76.7465440116075,44734947072.97415,1441430963.606289
solana,2026-08-19 03:00:00+00:00,76.75976657354187,44742651483.29211,1384079748.0423326
solana,2026-08-19 04:00:00+00:00,76.9325060804236,44843337297.43999,1391615514.8356516
solana,2026-08-19 05:00:00+00:00,76.80822637201503,44770893533.26951,1356046345.6757696
solana,2026-08-19 06:00:00+00:00,76.75915605450845,44742288510.29672,1339764017.38896
solana,2026-08-19 07:00:00+00:00,77.02269454936113,44904808983.810425,1356917201.240023
solana,2026-08-19 08:00:00+00:00,76.8990490307832,44832720763.81259,1321438468.7183852
solana,2026-08-19 09:00:00+00:00,77.34671600738369,45093711657.28072,1410536825.8282592
solana,2026-08-19 10:00:00+00:00,77.25727500903152,45041564879.58644,1414071919.3589742
solana,2026-08-19 11:00:00+00:00,77.31812153378063,45077036482.52573,1409278783.378431
solana,2026-08-19 12:00:00+00:00,77.48300113475199,45173159869.31957,1384763424.8732088
solana,2026-08-19 13:00:00+00:00,78.32939160646366,45666609381.3448,1547614465.057052
solana,2026-08-19 14:00:00+00:00,78.36534447238954,45687566921.61256,1689370217.0369463
solana,2026-08-19 15:00:00+00:00,80.85102787246308,47136734744.37925,1937230374.3740456
solana,2026-08-19 16:00:00+00:00,81.83834177648089,47712341948.95641,2646894842.898956
solana,2026-08-19 17:00:00+00:00,81.56453512787287,47552705750.04491,2828553620.788013
solana,2026-08-19 18:00:00+00:00,81.6315083295386,47591747398.55812,2953526859.1947064
solana,2026-08-19 19:00:00+00:00,82.18558452348306,47914774261.12761,3093232089.783012
solana,2026-08-19 20:00:00+00:00,82.32834157877639,47997986973.20298,3223325599.596537
solana,2026-08-19 21:00:00+00:00,83.75326723781616,48828716514.42876,3421746160.826938
solana,2026-08-19 22:00:00+00:00,86.64448028851417,50514304523.25075,4077423257.791381
solana,2026-08-19 23:00:00+00:00,85.43750742262426,49810627548.88951,4269696471.252186
solana,2026-08-20 00:00:00+00:00,85.33310287519124,49749755023.989136,4360934967.240113
solana,2026-08-20 01:00:00+00:00,84.91028927819661,49503248842.66852,4372416039.876449
solana,2026-08-20 02:00:00+00:00,85.27158533546839,49713883223.395386,4611426813.016986
solana,2026-08-20 03:00:00+00:00,84.6702918047425,49363322217.39552,4629837387.647312
solana,2026-08-20 04:00:00+00:00,84.43185753191618,49224310900.39983,4695676271.279477
solana,2026-08-20 05:00:00+00:00,84.79005944711139,49433142263.08746,4597626420.75826
solana,2026-08-20 06:00:00+00:00,84.88915573306497,49490913194.32415,4777937037.395445
solana,2026-08-20 07:00:00+00:00,85.84512115396042,50048244855.80903,4926613524.938842
solana,2026-08-20 08:00:00+00:00,86.07619506907591,50182959898.02184,5029972738.100547
solana,2026-08-20 09:00:00+00:00,87.47606113127813,50999087665.25948,5379711442.819896
solana,2026-08-20 10:00:00+00:00,87.26995368779663,50878922938.29769,5550033039.4878845
solana,2026-08-20 11:00:00+00:00,87.35274531143463,50927188041.58272,5641283008.835504
solana,2026-08-20 12:00:00+00:00,87.21948244389446,50849492182.999794,5760045143.750825
solana,2026-08-20 13:00:00+00:00,87.01356341386457,50729436624.15145,5646653835.237085
solana,2026-08-20 14:00:00+00:00,86.49134736985283,50424978561.038994,5715571024.107539
solana,2026-08-20 15:00:00+00:00,86.51094467011995,50436399504.43872,5458981005.995579
solana,2026-08-20 16:00:00+00:00,87.31383747717987,50904487374.15511,4925494881.065471
solana,2026-08-20 17:00:00+00:00,87.68147337248712,51118817235.57126,4776466112.112538
solana,2026-08-20 18:00:00+00:00,87.55001934878504,51042176541.31898,4997133112.389193
solana,2026-08-20 19:00:00+00:00,86.86830314660446,50644726190.592125,4869676364.71778
solana,2026-08-20 20:00:00+00:00,87.25190745047844,50868366503.582695,4885441258.990747
solana,2026-08-20 21:00:00+00:00,87.54472010639941,51039074539.82187,4791913150.297983
solana,2026-08-20 22:00:00+00:00,87.47210596544849,50996736560.656975,4305429740.281979
solana,2026-08-20 23:00:00+00:00,87.20002681024764,50838109212.39226,4088268694.455105
solana,2026-08-21 00:00:00+00:00,87.6519814449933,51101597745.51273,3930542872.6276217
solana,2026-08-21 01:00:00+00:00,88.18642071992765,51418266923.76277,4028951214.19563
solana,2026-08-21 02:00:00+00:00,88.97934807971268,51880590208.35226,4354664681.37674
solana,2026-08-21 03:00:00+00:00,89.22512795362725,52023892188.98638,4544035435.698154
solana,2026-08-21 04:00:00+00:00,89.11822855083999,51961559759.32606,4717836033.169679
solana,2026-08-21 05:00:00+00:00,89.3810364401105,52114790080.46876,4812850933.340675
solana,2026-08-21 06:00:00+00:00,90.33299375766468,52669838718.27203,4931798974.398132
solana,2026-08-21 07:00:00+00:00,90.15803250594549,52567822240.6011,5026524180.296933
solana,2026-08-21 08:00:00+00:00,90.36381236528813,52687802049.19888,5204062883.072367
solana,2026-08-21 09:00:00+00:00,93.19105039187954,54347017876.08728,5432906231.5248
solana,2026-08-21 10:00:00+00:00,91.63823706778412,53441446333.78416,5730550093.188891
solana,2026-08-21 11:00:00+00:00,91.44868910151922,53330902358.56066,5878406703.482386
solana,2026-08-21 12:00:00+00:00,90.29311140597687,52656990665.48415,5859503289.148386
solana,2026-08-21 13:00:00+00:00,90.8203276093736,52964448359.84995,5917420025.78132
solana,2026-08-21 14:00:00+00:00,91.01434224863314,53077590614.8186,5921084219.767821
solana,2026-08-21 15:00:00+00:00,91.83786911746805,53557849477.22902,6050672491.908002
solana,2026-08-21 16:00:00+00:00,91.30872206977556,53249257259.00571,5986203922.091763
solana,2026-08-21 17:00:00+00:00,91.59413828173828,53415701990.9797,5773573223.312551
solana,2026-08-21 18:00:00+00:00,91.76636497899015,53516136616.13926,5938485762.987534
solana,2026-08-21 19:00:00+00:00,91.52785927299394,53377041223.4268,5927668356.607801
solana,2026-08-21 20:00:00+00:00,90.91828878147147,53021547449.04327,5897171338.129827
solana,2026-08-21 21:00:00+00:00,91.79912145012646,53535211926.91211,5812182077.691731
solana,2026-08-21 22:00:00+00:00,93.71145685007104,54650426538.04053,6344771754.759878
solana,2026-08-21 23:00:00+00:00,94.28823296751632,54986780108.88705,6623643809.957379
solana,2026-08-22 00:00:00+00:00,93.69380351149786,54640118804.06764,6702620876.126011
solana,2026-08-22 01:00:00+00:00,93.8536153209818,54733313638.58536,6688908194.925691
solana,2026-08-22 02:00:00+00:00,93.76488009588994,54681561923.44061,6667087156.624107
solana,2026-08-22 03:00:00+00:00,95.5414930245626,55717638754.27014,6630917488.497591
solana,2026-08-22 04:00:00+00:00,96.81685878684388,56461399818.280334,7001713180.814511
solana,2026-08-22 05:00:00+00:00,99.21457980604931,57859693233.97271,8024373987.087687
solana,2026-08-22 06:00:00+00:00,94.19272007517704,54931053395.47934,9027234107.964926
solana,2026-08-22 07:00:00+00:00,94.289325544523,54987387853.28645,8978133828.727562
solana,2026-08-22 08:00:00+00:00,94.44063166828164,55075623221.322784,8997397789.016417
solana,2026-08-22 09:00:00+00:00,94.06096260954268,54854205866.34255,8783989873.962786
solana,2026-08-22 10:00:00+00:00,93.89890770353736,54759695907.76729,8569247345.662928
solana,2026-08-22 11:00:00+00:00,92.8508345008648,54148480197.64375,8660488834.132622
solana,2026-08-22 12:00:00+00:00,93.21957079443295,54363515985.51505,8536255163.663868
solana,2026-08-22 13:00:00+00:00,93.86042427592191,54737243912.51065,8268436209.56592
solana,2026-08-22 14:00:00+00:00,94.0995385781916,54876686859.678,8423743150.752341
solana,2026-08-22 15:00:00+00:00,93.18005990264352,54340465293.049805,8266212024.134385
solana,2026-08-22 16:00:00+00:00,93.06332693315764,54272385504.18242,8200665730.632921
solana,2026-08-22 17:00:00+00:00,94.30974691567803,54999265274.22933,8343050594.779568
solana,2026-08-22 18:00:00+00:00,94.23229149140872,54954091533.07298,8277140724.220636
solana,2026-08-22 19:00:00+00:00,94.3989175151766,55051260864.22112,8221136040.792849
solana,2026-08-22 20:00:00+00:00,94.5159105706116,55119484902.61352,7927360473.298145
solana,2026-08-22 21:00:00+00:00,94.39055492078629,55046376474.14701,8064991518.585245
solana,2026-08-22 22:00:00+00:00,92.90040400825514,54177351720.99894,7856543819.186694
solana,2026-08-22 23:00:00+00:00,93.59746516840669,54583858212.54512,7669741935.424537
solana,2026-08-23 00:00:00+00:00,93.88470787526389,54751367435.30988,7502388828.235717
solana,2026-08-23 01:00:00+00:00,96.321675781327,56172547157.382286,8012767190.914746
solana,2026-08-23 02:00:00+00:00,95.99463525665416,55981820945.54895,7888277980.662988
solana,2026-08-23 03:00:00+00:00,94.93907248738012,55366238192.68427,7843698040.808046
solana,2026-08-23 04:00:00+00:00,93.70632404394394,54647324324.977394,7654994518.152457
solana,2026-08-23 05:00:00+00:00,92.6045314427036,54014155862.27424,6938659775.654737
solana,2026-08-23 06:00:00+00:00,92.3354628927662,53857210829.13379,5467402348.708772
solana,2026-08-23 07:00:00+00:00,92.18604659480096,53770052867.63848,5194233865.846096
solana,2026-08-23 08:00:00+00:00,92.41644332029978,53904408774.076256,5017867226.626436
solana,2026-08-23 09:00:00+00:00,93.1648885000972,54340951518.66904,4882436635.455541
solana,2026-08-23 10:00:00+00:00,93.31797957081456,54430241857.95356,4698958718.029647
solana,2026-08-23 11:00:00+00:00,93.63183018278784,54613301103.91943,4414734751.422756
solana,2026-08-23 12:00:00+00:00,94.56306119064962,55156463643.99643,4417765620.216354
solana,2026-08-23 13:00:00+00:00,94.56861785489144,55159702002.47613,4398207757.468073
solana,2026-08-23 14:00:00+00:00,95.36959300628236,55626888750.852974,4496720918.415766
solana,2026-08-23 15:00:00+00:00,95.02439592382449,55425539920.51982,4560888050.893075
solana,2026-08-23 16:00:00+00:00,95.3872653703556,55637189239.39389,4611154292.610867
solana,2026-08-23 17:00:00+00:00,95.41455577329252,55653103754.87774,4529232355.190432
solana,2026-08-23 18:00:00+00:00,95.11770692033818,55479954859.76361,4462138471.020496
solana,2026-08-23 19:00:00+00:00,95.26876321971618,55568058953.62673,4455816831.707678
solana,2026-08-23 20:00:00+00:00,95.0539496854118,55442760009.30711,4408983682.359771
solana,2026-08-23 21:00:00+00:00,95.05447169920808,55443060486.55073,4381250569.900493
solana,2026-08-23 22:00:00+00:00,95.36855284855032,55626253236.861206,4423688206.078673
solana,2026-08-23 23:00:00+00:00,95.5603639880336,55738128343.81479,4398540765.838944
solana,2026-08-24 00:00:00+00:00,95.4075653871385,55649001339.64617,4417663499.940523
solana,2026-08-24 01:00:00+00:00,95.45477587814304,55676534487.7147,4292265666.244288
solana,2026-08-24 02:00:00+00:00,93.92235090977756,54782703441.23405,4103828614.884688
solana,2026-08-24 03:00:00+00:00,94.53879264136836,55142255945.27262,3937350339.3542576
solana,2026-08-24 04:00:00+00:00,93.7207110898629,54665084976.80718,3804167410.357624
solana,2026-08-24 05:00:00+00:00,94.14217847663274,54910913352.71403,3725771611.01203
solana,2026-08-24 06:00:00+00:00,94.26702413928297,54983729735.43731,3600157133.201829
solana,2026-08-24 07:00:00+00:00,94.51822148023912,55130244157.13649,3588882730.329997
solana,2026-08-24 08:00:00+00:00,94.08090625489736,54875165503.645775,3710844789.4401255
solana,2026-08-24 09:00:00+00:00,93.90459569030648,54772324896.73589,3720945482.0461793
solana,2026-08-24 10:00:00+00:00,94.6429126672931,55202964805.60703,3793398452.87513
solana,2026-08-24 11:00:00+00:00,94.67066596235767,55219149606.50854,3833390592.6266375
solana,2026-08-24 12:00:00+00:00,95.72264652970318,55832741768.88366,4047577797.48149
solana,2026-08-24 13:00:00+00:00,96.22495625883772,56125723195.60685,4287321880.884175
solana,2026-08-24 14:00:00+00:00,95.00586675424924,55414653884.31958,4354367577.455721
solana,2026-08-24 15:00:00+00:00,96.05088848183205,56024185935.09256,4392367740.96355
solana,2026-08-24 16:00:00+00:00,96.39686020992212,56225978990.97487,4637764052.786231
solana,2026-08-24 17:00:00+00:00,96.0541710284676,56026092074.32315,4781124507.66184
solana,2026-08-24 18:00:00+00:00,95.36541909880076,55624355613.50008,4939486448.650713
solana,2026-08-24 19:00:00+00:00,95.92109875236112,55948466160.0334,5076102178.295305
solana,2026-08-24 20:00:00+00:00,96.56327379117153,56323027310.09457,5330089004.238778
solana,2026-08-24 21:00:00+00:00,96.51529270395324,56295037068.37464,5327100327.889847
solana,2026-08-24 22:00:00+00:00,97.47707229045896,56856016233.704506,5406809813.154616
solana,2026-08-24 23:00:00+00:00,97.43003536425468,56828576481.04691,5485719250.844222
solana,2026-08-25 00:00:00+00:00,98.8672192260562,57666847361.58331,5719876487.785737
solana,2026-08-25 01:00:00+00:00,101.75181790232764,59359643752.96199,6615436879.767782
solana,2026-08-25 02:00:00+00:00,100.4421040959682,58595575617.6796,6734738774.297364
solana,2026-08-25 03:00:00+00:00,100.8999550316357,58862657863.80799,7023332486.540884
solana,2026-08-25 04:00:00+00:00,101.5116274773837,59219484171.0163,7178557730.983651
solana,2026-08-25 05:00:00+00:00,101.26396934241056,59075001091.64365,7251849010.323389
solana,2026-08-25 06:00:00+00:00,101.88790022535044,59438984128.732605,7226070568.997504
solana,2026-08-25 07:00:00+00:00,100.663534719639,58724714823.29619,7291675705.385242
solana,2026-08-25 08:00:00+00:00,100.29796798691272,58511448817.2653,7353051851.973401
solana,2026-08-25 09:00:00+00:00,100.37431442764648,58555984248.00008,7430414822.883604
solana,2026-08-25 10:00:00+00:00,99.74419824159278,58188386429.61702,7448242874.325049
solana,2026-08-25 11:00:00+00:00,99.63028979537786,58121932044.82545,7424747584.803701
solana,2026-08-25 12:00:00+00:00,98.58607896355394,57512760526.2788,7319737184.581114
solana,2026-08-25 13:00:00+00:00,98.59445473048557,57517643932.3346,7169767965.254381
solana,2026-08-25 14:00:00+00:00,97.06436392646948,56625021537.86242,7080259280.182562
solana,2026-08-25 15:00:00+00:00,98.15432636460726,57260875172.07007,7096690082.076314
solana,2026-08-25 16:00:00+00:00,98.3306829343882,57363753195.26029,6896992565.731502
solana,2026-08-25 17:00:00+00:00,98.16940853563408,57269665314.23614,6754511738.725687
solana,2026-08-25 18:00:00+00:00,98.17939824876468,57275489135.75514,6437337385.241022
solana,2026-08-25 19:00:00+00:00,98.53265659298954,57481567357.37609,6493146153.930896
solana,2026-08-25 20:00:00+00:00,97.92527318104985,57127230574.07008,6289166964.792993
solana,2026-08-25 21:00:00+00:00,96.69453594672216,56409243933.67996,6204472848.447796
solana,2026-08-25 22:00:00+00:00,97.1782658351976,56691436361.9785,6304696991.525272
solana,2026-08-25 23:00:00+00:00,97.22477851639644,56718566637.86383,6126074913.923949
solana,2026-08-26 00:00:00+00:00,96.5763305713578,56340274572.3693,5910519195.888127
solana,2026-08-26 01:00:00+00:00,96.6710098609203,56395503903.69875,5204569179.688728
solana,2026-08-26 02:00:00+00:00,97.00392719970404,56589716219.08475,4873173152.504434
solana,2026-08-26 03:00:00+00:00,97.2632492151251,56740994185.26863,4618620071.765097
solana,2026-08-26 04:00:00+00:00,97.03865925303587,56609970604.127205,4375776143.357746
solana,2026-08-26 05:00:00+00:00,96.61171695831926,56360899900.14868,4085469175.135349
solana,2026-08-26 06:00:00+00:00,97.05863610288904,56621618316.41864,4084007420.7179656
solana,2026-08-26 07:00:00+00:00,96.77555139770335,56456470905.55125,3938891964.724391
solana,2026-08-26 08:00:00+00:00,96.92121567578344,56541444533.58707,3749035586.120732
solana,2026-08-26 09:00:00+00:00,96.79309962337152,56466702037.96875,3585125776.7634573
solana,2026-08-26 10:00:00+00:00,96.14476066494424,56088473825.30087,3492246011.3440537
solana,2026-08-26 11:00:00+00:00,97.48817798311548,56872187178.88007,3487094770.178096
solana,2026-08-26 12:00:00+00:00,97.02037128863316,56599276316.71072,3352690995.053795
solana,2026-08-26 13:00:00+00:00,97.05196112993838,56617701904.15299,3284750680.270566
solana,2026-08-26 14:00:00+00:00,96.54395186630622,56321338788.67432,3163954526.889386
solana,2026-08-26 15:00:00+00:00,95.46034707900188,55689186147.86776,3064051429.467592
solana,2026-08-26 16:00:00+00:00,95.95260157280168,55976351592.91853,3084812477.1849465
solana,2026-08-26 17:00:00+00:00,95.96388413000184,55982928932.47542,3004830493.7823944
solana,2026-08-26 18:00:00+00:00,96.95522532291758,56618245720.37275,3101090944.378869
solana,2026-08-26 19:00:00+00:00,96.82337489973187,56541245491.77723,3037210943.3225746
solana,2026-08-26 20:00:00+00:00,96.77339099042956,56512053152.49245,2999236612.716504
solana,2026-08-26 21:00:00+00:00,96.91730607105995,56605882577.21306,2917725414.3473315
solana,2026-08-26 22:00:00+00:00,98.15815190039568,57330592812.54604,2917391951.325404
solana,2026-08-26 23:00:00+00:00,99.7458377804407,58257880709.23744,3202700297.569237
solana,2026-08-27 00:00:00+00:00,102.04890414405412,59603010963.97329,3598639899.81599
solana,2026-08-27 01:00:00+00:00,100.74428094705377,58841024124.07731,3653571127.113973
solana,2026-08-27 02:00:00+00:00,101.4696776674949,59264697317.51303,3756017742.9205594
solana,2026-08-27 03:00:00+00:00,101.15717917390376,59082174697.19988,3666847612.1386
solana,2026-08-27 04:00:00+00:00,101.05431989484538,59022093889.72341,3837978581.4668527
solana,2026-08-27 05:00:00+00:00,101.05511403267496,59022554136.16618,3839081377.308076
solana,2026-08-27 06:00:00+00:00,101.90031819417273,59516203035.68575,4031275949.885236
solana,2026-08-27 07:00:00+00:00,101.2623017646079,59143558414.02195,4108515520.516128
solana,2026-08-27 08:00:00+00:00,101.81702870572602,59467551078.554375,4154650976.491471
solana,2026-08-27 09:00:00+00:00,104.49690159072476,61032761737.37794,4872366029.548637
solana,2026-08-27 10:00:00+00:00,104.36036034476648,60953011348.16571,5099977828.693171
solana,2026-08-27 11:00:00+00:00,104.06575590102672,60780940343.69119,5246461620.172865
solana,2026-08-27 12:00:00+00:00,103.99150226358267,60737568063.97957,5387785415.659611
solana,2026-08-27 13:00:00+00:00,104.4990584877927,61034007611.16479,5401917759.366584
solana,2026-08-27 14:00:00+00:00,106.0357001095326,61931500314.61706,5588968477.228672
solana,2026-08-27 15:00:00+00:00,106.73920277432,62342385496.92286,6034855252.30065
solana,2026-08-27 16:00:00+00:00,107.25505291989056,62643667006.26972,6361211641.269608
solana,2026-08-27 17:00:00+00:00,108.9517952654606,63634668620.52519,6744202821.324896
solana,2026-08-27 18:00:00+00:00,108.21749931143728,63205786206.22791,6920829133.480432
solana,2026-08-27 19:00:00+00:00,108.32318958488824,63267511539.49606,7135292096.892589
solana,2026-08-27 20:00:00+00:00,109.26626578337208,63818322864.016846,7370440883.399816
solana,2026-08-27 21:00:00+00:00,109.0203814507939,63674705624.76587,7466856021.083404
solana,2026-08-27 22:00:00+00:00,108.74489434887488,63513799254.27798,7428531477.042018
solana,2026-08-27 23:00:00+00:00,109.18295418578526,63769649162.94759,7334618112.432411
solana,2026-08-28 00:00:00+00:00,109.17730597799655,63766345969.68578,7039203255.370629
solana,2026-08-28 01:00:00+00:00,109.160067498127,63756272853.57088,7060554622.124302
solana,2026-08-28 02:00:00+00:00,107.868217744129,63001750749.97004,6700681595.252951
solana,2026-08-28 03:00:00+00:00,106.53625754218726,62223797177.38272,6959180418.966576
solana,2026-08-28 04:00:00+00:00,106.85378228161856,62409247865.073975,7031828761.173004
solana,2026-08-28 05:00:00+00:00,106.75307800564804,62350426463.14889,7010781799.612192
solana,2026-08-28 06:00:00+00:00,107.2095483423903,62617030044.08794,6960972378.847158
solana,2026-08-28 07:00:00+00:00,107.5356828307499,62807509859.43944,6906462817.09887
solana,2026-08-28 08:00:00+00:00,106.43867051618456,62166782578.73804,6802715355.987505
solana,2026-08-28 09:00:00+00:00,106.056303480958,61943453261.98403,6282650565.48164
solana,2026-08-28 10:00:00+00:00,105.939930967969,61875481453.89349,6062017249.867757
solana,2026-08-28 11:00:00+00:00,106.17632363891326,62013545735.78126,5931231661.979934
solana,2026-08-28 12:00:00+00:00,105.8211299985946,61806087610.019264,5927182425.379025
solana,2026-08-28 13:00:00+00:00,104.88189226682648,61257510915.45042,5998911617.77249
solana,2026-08-28 14:00:00+00:00,105.40331959350766,61562052163.83312,5989820986.675271
solana,2026-08-28 15:00:00+00:00,106.36519731613608,62123844096.9958,6205090454.714618
solana,2026-08-28 16:00:00+00:00,105.34041327760644,61525304185.861336,6196115989.310041
solana,2026-08-28 17:00:00+00:00,105.1770119871738,61440486462.18071,6387521161.015561
solana,2026-08-28 18:00:00+00:00,104.70314178556384,61163649446.79023,6265405231.944577
solana,2026-08-28 19:00:00+00:00,103.0379776327408,60190902299.41046,6213368393.715649
solana,2026-08-28 20:00:00+00:00,103.36383696963912,60381246971.48324,6119135289.293862
solana,2026-08-28 21:00:00+00:00,103.84725487970788,60663638962.51615,6055770516.454719
solana,2026-08-28 22:00:00+00:00,103.42061962002391,60414409559.870026,6022160174.184989
solana,2026-08-28 23:00:00+00:00,104.10032287017756,60811460038.27681,5980237673.188055
solana,2026-08-29 00:00:00+00:00,104.11408013203008,60819494633.2409,5937451206.231917
solana,2026-08-29 01:00:00+00:00,103.90231840999668,60695785573.45714,5778234937.442367
solana,2026-08-29 02:00:00+00:00,104.16674432684285,60850250714.07853,5661103438.943011
solana,2026-08-29 03:00:00+00:00,103.93940722754527,60717443638.03948,5526359221.73454
solana,2026-08-29 04:00:00+00:00,103.8891181369199,60688062932.918144,5434464589.449602
solana,2026-08-29 05:00:00+00:00,103.87552181868682,60680116231.1474,5332856808.683512
solana,2026-08-29 06:00:00+00:00,103.9980049245422,60751663254.08106,5348232798.013636
solana,2026-08-29 07:00:00+00:00,103.58816053906986,60512243637.58501,5278549101.528244
solana,2026-08-29 08:00:00+00:00,103.725936837829,60592724065.908775,5202068263.737963
solana,2026-08-29 09:00:00+00:00,103.44866302831548,60430747682.19444,5134453800.825116
solana,2026-08-29 10:00:00+00:00,103.33080363791484,60361895269.081085,5058715391.171199
solana,2026-08-29 11:00:00+00:00,103.44863013030762,60430721748.977325,4911675946.629747
solana,2026-08-29 12:00:00+00:00,103.50531444028609,60463832197.71164,4754949738.857935
solana,2026-08-29 13:00:00+00:00,103.61139799760387,60525799666.36078,4549782305.275776
solana,2026-08-29 14:00:00+00:00,103.82016219693308,60647746518.75655,4393601552.783873
solana,2026-08-29 15:00:00+00:00,105.36209114081686,61548478284.75325,3912492890.3541274
solana,2026-08-29 16:00:00+00:00,105.01671784081792,61346722320.38075,3499499136.8839927
solana,2026-08-29 17:00:00+00:00,104.88576121674818,61270216137.26483,3006835289.083261
solana,2026-08-29 18:00:00+00:00,104.83576992358444,61241011231.69252,2848579013.7516227
solana,2026-08-29 19:00:00+00:00,105.1225675265986,61408540342.69975,2668263016.9934
solana,2026-08-29 20:00:00+00:00,105.36412541762544,61549645301.33566,2573276945.816283
solana,2026-08-29 21:00:00+00:00,105.23153225863167,61472187236.2155,2477818568.670562
solana,2026-08-29 22:00:00+00:00,105.04195058510898,61361434773.841,2418595028.8764157
solana,2026-08-29 23:00:00+00:00,105.5035672447618,61631091536.88159,2309116391.2609463
solana,2026-08-30 00:00:00+00:00,105.5938871300456,61683846396.712975,2273509757.5718346
solana,2026-08-30 01:00:00+00:00,105.27634610619135,61590464138.19497,2262816520.4428163
solana,2026-08-30 02:00:00+00:00,105.22974634283118,61563197573.44232,2238896114.883064
solana,2026-08-30 03:00:00+00:00,105.22772479807855,61562013099.1682,2208106595.397604
solana,2026-08-30 04:00:00+00:00,105.06086524323986,61464387968.51597,2169334026.854501
solana,2026-08-30 05:00:00+00:00,105.04983970181834,61457934717.29316,2135787956.741505
solana,2026-08-30 06:00:00+00:00,105.04556470273418,61455431370.12053,2040731992.707856
solana,2026-08-30 07:00:00+00:00,105.37410916102556,61656754830.56263,2087688584.9364972
solana,2026-08-30 08:00:00+00:00,104.84142030875788,61345050015.71002,2067820698.814757
solana,2026-08-30 09:00:00+00:00,104.73297491669238,61281584386.19766,2062667454.586419
solana,2026-08-30 10:00:00+00:00,104.59927747015324,61203350469.51981,2050957080.8517184
solana,2026-08-30 11:00:00+00:00,105.102237633942,61497640037.7345,2061468814.4359648
solana,2026-08-30 12:00:00+00:00,105.07063030208302,61479142651.53553,2084245640.0203867
solana,2026-08-30 13:00:00+00:00,105.99247179752638,62018530973.28936,2210102555.793313
solana,2026-08-30 14:00:00+00:00,107.12168974205622,62679257669.93842,2388109872.3263826
solana,2026-08-30 15:00:00+00:00,106.74307441661682,62457716018.01232,2258776171.895637
solana,2026-08-30 16:00:00+00:00,106.24702948867744,62167464687.24219,2248809796.482175
solana,2026-08-30 17:00:00+00:00,106.8269610944875,62506791406.86647,2283325271.6679907
solana,2026-08-30 18:00:00+00:00,106.37420200598972,62241867692.15543,2437377473.863692
solana,2026-08-30 19:00:00+00:00,106.68468054805312,62423531106.501976,2421824037.787907
solana,2026-08-30 20:00:00+00:00,105.78993877144352,61899996301.361725,2399897456.117694
solana,2026-08-30 21:00:00+00:00,104.76921696593384,61302743662.55203,2493409015.3512683
solana,2026-08-30 22:00:00+00:00,104.43437604286557,61106816399.004745,2587927853.76239
solana,2026-08-30 23:00:00+00:00,103.76496263977027,60715124825.466064,2665314508.855252
solana,2026-08-31 00:00:00+00:00,101.68286901296828,59496842462.864845,2971169081.015964
solana,2026-08-31 01:00:00+00:00,102.10736292430649,59745218929.73935,3034158468.2891035
solana,2026-08-31 02:00:00+00:00,101.46571429179912,59369771599.16924,3073471118.552091
solana,2026-08-31 03:00:00+00:00,101.41725681918022,59341414528.13544,3124045287.236514
solana,2026-08-31 04:00:00+00:00,101.93125819051534,59642165096.211945,3181392395.745242
solana,2026-08-31 05:00:00+00:00,101.43600818771952,59352378604.03274,3150452097.319905
solana,2026-08-31 06:00:00+00:00,102.62810198334356,60049894322.609375,3419403241.526249
solana,2026-08-31 07:00:00+00:00,102.70900702736144,60097231277.56168,3507364537.997808
solana,2026-08-31 08:00:00+00:00,102.93378494563495,60228748128.23808,3587954413.217347
solana,2026-08-31 09:00:00+00:00,103.2228939459718,60397908699.24881,3670668994.804753
solana,2026-08-31 10:00:00+00:00,103.07150222464088,60309322772.13491,3707851821.0620985
solana,2026-08-31 11:00:00+00:00,103.62181033048608,60631316142.80923,3780643745.232814
solana,2026-08-31 12:00:00+00:00,103.3452131363529,60469470094.20902,3814352637.018274
solana,2026-08-31 13:00:00+00:00,102.72812952034742,60108397732.606735,3784227389.160481
solana,2026-08-31 14:00:00+00:00,102.35615982187876,59890746503.378174,3703187551.5889583
solana,2026-08-31 15:00:00+00:00,103.49513425859638,60557182008.60532,3807083442.720174
solana,2026-08-31 16:00:00+00:00,102.80928955805162,60155863987.72189,3778902957.754653
solana,2026-08-31 17:00:00+00:00,102.82939687657014,60167624613.202,3754981775.639453
solana,2026-08-31 18:00:00+00:00,103.61705401544066,60628494866.94195,3717657266.959438
solana,2026-08-31 19:00:00+00:00,104.48330329814289,61135352375.30802,3819935267.1944895
solana,2026-08-31 20:00:00+00:00,103.61905831095557,60629660471.235374,3802685346.738641
solana,2026-08-31 21:00:00+00:00,103.72140461768126,60698522930.58489,3695739268.461536
solana,2026-08-31 22:00:00+00:00,103.67480513075762,60671248482.65236,3669268199.817009
solana,2026-08-31 23:00:00+00:00,103.16052301659344,60370264905.77346,3561723655.135335
solana,2026-09-01 00:00:00+00:00,103.01068194219994,60282571646.81706,3234457987.4852805
solana,2026-09-01 01:00:00+00:00,103.14783829776448,60362866428.90224,3172109456.7219896
solana,2026-09-01 02:00:00+00:00,103.1605573258468,60370305583.91554,3156545930.6462493
solana,2026-09-01 03:00:00+00:00,103.34962324471364,60480944429.92113,3093399923.2259407
solana,2026-09-01 04:00:00+00:00,103.62080049313536,60639635440.96045,3085401626.0077643
solana,2026-09-01 05:00:00+00:00,103.57312701948383,60611734460.872025,3026946863.8897777
solana,2026-09-01 06:00:00+00:00,104.25591280051071,61011301490.09407,2968537480.118204
solana,2026-09-01 07:00:00+00:00,103.34732918685512,60479587337.85267,2930876147.655509
solana,2026-09-01 08:00:00+00:00,103.11786078144324,60345297150.27962,2965806118.2040653
solana,2026-09-01 09:00:00+00:00,102.07344350049904,59734094843.08568,2968678385.3912745
solana,2026-09-01 10:00:00+00:00,101.95809000103615,59666584308.766914,2969953020.2880154
solana,2026-09-01 11:00:00+00:00,102.35225804845624,59897251039.44176,2997563426.67383
solana,2026-09-01 12:00:00+00:00,102.23733305896408,59829992481.09766,3015649424.1511426
solana,2026-09-01 13:00:00+00:00,101.89421946711248,59629196873.724304,2993860464.312546
solana,2026-09-01 14:00:00+00:00,101.91073849831064,59638861224.95657,3024428498.88051
solana,2026-09-01 15:00:00+00:00,101.54864032456298,59426952910.61149,3013483296.552748
